{"college_name": "Athabasca University","province": "Alberta", "city": "Athabasca", "col_latitude": 54.71658, "col_lng": -113.31128, "country": "Canada"}
{"college_name": "Alberta University of the Arts", "province": "Alberta", "city": "Calgary", "col_latitude": 43.15489, "col_lng": -77.58173, "country": "Canada"}
{"college_name": "University of Calgary", "province": "Alberta", "city": "Calgary, Edmonton", "country": "Canada"}
{"college_name": "MacEwan University", "province": "Alberta", "city": "Edmonton", "country": "Canada"}
{"college_name": "University of Alberta", "province": "Alberta", "city": "Edmonton, Camrose, Calgary", "country": "Canada"}
{"college_name": "University of Lethbridge", "province": "Alberta", "city": "Lethbridge, Edmonton, Calgary", "country": "Canada"}
{"college_name": "University of the Fraser Valley", "province": "British Columbia", "city": "Abbotsford", "col_latitude": 49.05197, "col_lng": -122.32848, "country": "Canada"}
{"college_name": "Simon Fraser University", "province": "British Columbia", "city": "Vancouver", "col_latitude": 49.27870, "col_lng": -122.91870, "country": "Canada"}
{"college_name": "Thompson Rivers University", "province": "British Columbia", "city": "Kamloops", "col_latitude": 50.6726, "col_lng": -120.3655, "country": "Canada"}
{"college_name": "Vancouver Island University", "province": "British Columbia", "city": "Nanaimo", "col_latitude": 49.15314, "col_lng": -123.09608, "country": "Canada"}
{"college_name": "Capilano University", "province": "British Columbia", "city": "Vancouver", "col_latitude": 49.31692, "col_lng": -123.07096, "country": "Canada"}
{"college_name": "University of Northern British Columbia", "province": "British Columbia", "city": "Prince George", "country": "Canada"}
{"college_name": "Kwantlen Polytechnic University", "province": "British Columbia", "city": "Richmond, Surrey, Langley, Cloverdale", "country": "Canada"}
{"college_name": "Emily Carr University of Art and Design", "province": "British Columbia", "city": "Vancouver", "country": "Canada"}
{"college_name": "University of British Columbia", "province": "British Columbia", "city": "Vancouver", "col_latitude": 49.26061, "col_lng": -123.24553, "country": "Canada"}
{"college_name": "Royal Roads University", "province": "British Columbia", "city": "Victoria", "col_latitude": 48.43243, "col_lng": -123.47303, "country": "Canada"}
{"college_name": "University of Victoria", "province": "British Columbia", "city": "Victoria", "col_latitude": 48.46341, "col_lng": -123.31171, "country": "Canada"}
{"college_name": "Brandon University", "province": "Manitoba", "city": "Brandon", "col_latitude": 49.9065, "col_lng": -99.9584, "country": "Canada"}
{"college_name": "University College of the North", "province": "Manitoba", "city": "The Pas", "country": "Canada"}
{"college_name": "University of Manitoba", "province": "Manitoba", "city": "Winnipeg", "col_latitude": 49.8096, "col_lng": -97.1293, "country": "Canada"}
{"college_name": "Université de Saint-Boniface", "province": "Manitoba", "city": "Winnipeg", "col_latitude": 49.8905, "col_lng": -97.1285, "country": "Canada"}
{"college_name": "University of Winnipeg", "province": "Manitoba", "city": "Winnipeg", "col_latitude": 49.8893, "col_lng": -97.1498, "country": "Canada"}
{"college_name": "St. Thomas University", "province": "New Brunswick", "city": "Fredericton", "col_latitude": 45.9385, "col_lng": -66.6429, "country": "Canada"}
{"college_name": "University of New Brunswick", "province": "New Brunswick", "city": "Fredericton, Saint John", "col_latitude": 45.9636, "col_lng": -66.6415, "country": "Canada"}
{"college_name": "Université de Moncton", "province": "New Brunswick", "city": "Moncton", "col_latitude": 46.0892, "col_lng": -64.7759, "country": "Canada"}
{"college_name": "Mount Allison University", "province": "New Brunswick", "city": "Sackville", "col_latitude": 45.8933, "col_lng": -64.3650, "country": "Canada"}
{"college_name": "Memorial University of Newfoundland", "province": "Newfoundland", "city": "St. John's", "col_latitude": 47.5733, "col_lng": -52.7323, "country": "Canada"}
{"college_name": "Saint Francis Xavier University", "province": "Nova Scotia", "city": "Antigonish", "col_latitude": 45.6251, "col_lng": -61.9981, "country": "Canada"}
{"college_name": "Mount Saint Vincent University", "province": "Nova Scotia", "city": "Halifax", "col_latitude": 44.6462, "col_lng": -63.5750, "country": "Canada"}
{"college_name": "Nova Scotia College of Art and Design University", "province": "Nova Scotia", "city": "Halifax", "country": "Canada"}
{"college_name": "Dalhousie University", "province": "Nova Scotia", "city": "Halifax, Truro", "country": "Canada"}
{"college_name": "University of King's College", "province": "Nova Scotia", "city": "Halifax", "col_latitude": 44.6367, "col_lng": -63.5957, "country": "Canada"}
{"college_name": "Cape Breton University", "province": "Nova Scotia", "city": "Sydney", "col_latitude": 46.1373, "col_lng": -60.1892, "country": "Canada"}
{"college_name": "University of Ontario Institute of Technology", "province": "Ontario", "city": "Oshawa", "country": "Canada"}
{"college_name": "Brock University", "province": "Ontario", "city": "St. Catharines", "col_latitude": 43.1172, "col_lng": -79.2477, "country": "Canada"}
{"college_name": "Carleton University", "province": "Ontario", "city": "Ottawa", "col_latitude": 45.3874, "col_lng": -75.6962, "country": "Canada"}
{"college_name": "Dominican University College", "province": "Ontario", "city": "Ottawa", "col_latitude": 45.3956, "col_lng": -75.6822, "country": "Canada"}
{"college_name": "Lakehead University", "province": "Ontario", "city": "Thunder Bay, Orillia", "country": "Canada"}
{"college_name": "Laurentian University", "province": "Ontario", "city": "Greater Sudbury", "col_latitude": 46.4859, "col_lng": -80.9934, "country": "Canada"}
{"college_name": "McMaster University", "province": "Ontario", "city": "Hamilton", "col_latitude": 43.2609, "col_lng": -79.9192, "country": "Canada"}
{"college_name": "Nipissing University", "province": "Ontario", "city": "North Bay", "col_latitude": 46.3031, "col_lng": -79.4613, "country": "Canada"}
{"college_name": "OCAD University", "province": "Ontario", "city": "Toronto", "country": "Canada"}
{"college_name": "Queen's University", "province": "Ontario", "city": "Kingston", "col_latitude": 44.2253, "col_lng": -76.4951, "country": "Canada"}
{"college_name": "Ryerson University", "province": "Ontario", "city": "Toronto", "country": "Canada"}
{"college_name": "Trent University", "province": "Ontario", "city": "Peterborough", "col_latitude": 44.3573, "col_lng": -78.2944, "country": "Canada"}
{"college_name": "University of Guelph", "province": "Ontario", "city": "Guelph", "col_latitude": 43.5325, "col_lng": -80.2267, "country": "Canada"}
{"college_name": "University of Ontario Institute of Technology", "province": "Ontario", "city": "Oshawa", "country": "Canada"}
{"college_name": "University of Ottawa", "province": "Ontario", "city": "Ottawa", "country": "Canada"}
{"college_name": "University of Toronto", "province": "Ontario", "city": "Toronto", "country": "Canada"}
{"college_name": "University of Waterloo", "province": "Ontario", "city": "Waterloo, Kitchener, Cambridge", "country": "Canada"}
{"college_name": "University of Western Ontario", "province": "Ontario", "city": "London", "country": "Canada"}
{"college_name": "University of Windsor", "province": "Ontario", "city": "Windsor", "country": "Canada"}
{"college_name": "Wilfrid Laurier University", "province": "Ontario", "city": "Waterloo", "col_latitude": 43.4702, "col_lng": -80.5454, "country": "Canada"}
{"college_name": "York University", "province": "Ontario", "city": "Toronto", "country": "Canada"}
{"college_name": "Cape Breton University", "province": "Nova Scotia", "city": "Sydney", "country": "Canada"}
{"college_name": "University of Prince Edward Island", "province": "Prince Edward Island", "city": "Charlottetown", "col_latitude": 46.2534, "col_lng": -63.1392, "country": "Canada"}
{"college_name": "Bishop's University", "province": "Quebec", "city": "Sherbrooke", "col_latitude": 45.3673, "col_lng": -71.9988, "country": "Canada"}
{"college_name": "Concordia University", "province": "Quebec", "city": "Montreal", "country": "Canada"}
{"college_name": "École de technologie supérieure", "province": "Quebec", "city": "Montreal", "country": "Canada"}
{"college_name": "École nationale d'administration publique", "province": "Quebec", "city": "Quebec City", "col_latitude": 46.8139, "col_lng": -71.2080, "country": "Canada"}
{"college_name": "École Polytechnique de Montréal", "province": "Quebec", "city": "Montreal", "country": "Canada"}
{"college_name": "Héritage College", "province": "Quebec", "city": "Gatineau", "country": "Canada"}
{"college_name": "McGill University", "province": "Quebec", "city": "Montreal", "country": "Canada"}
{"college_name": "Université de Montréal", "province": "Quebec", "city": "Montreal", "country": "Canada"}
{"college_name": "Université de Sherbrooke", "province": "Quebec", "city": "Sherbrooke", "country": "Canada"}
{"college_name": "Université du Québec", "province": "Quebec", "city": "Quebec City, Chicoutimi, Rimouski, Montreal, Trois-Rivières", "country": "Canada"}
{"college_name": "Université Laval", "province": "Quebec", "city": "Quebec City", "country": "Canada"}
{"college_name": "Université TÉLUQ", "province": "Quebec", "city": "Quebec City", "country": "Canada"}
{"college_name": "Université du Québec en Abitibi-Témiscamingue", "province": "Quebec", "city": "Rouyn-Noranda, Mont-Laurier", "col_latitude": 48.2395, "col_lng": -79.0224, "country": "Canada"}
{"college_name": "Université du Québec en Outaouais", "province": "Quebec", "city": "Gatineau", "col_latitude": 45.4215, "col_lng": -75.6993, "country": "Canada"}
{"college_name": "Université du Québec: TÉLUQ", "province": "Quebec", "city": "Quebec City", "col_latitude": 46.8139, "col_lng": -71.2080, "country": "Canada"}
{"college_name": "Université Laval", "province": "Quebec", "city": "Quebec City", "col_latitude": 46.8139, "col_lng": -71.2080, "country": "Canada"}
{"college_name": "Université Sainte-Anne", "province": "Nova Scotia", "city": "Pointe-de-l'Église", "col_latitude": 44.3616, "col_lng": -66.0888, "country": "Canada"}
{"college_name": "University College of the North", "province": "Manitoba", "city": "The Pas", "col_latitude": 53.8251, "col_lng": -101.2526, "country": "Canada"}
{"college_name": "University of Alberta", "province": "Alberta", "city": "Edmonton, Camrose, Calgary", "col_latitude": 53.5461, "col_lng": -113.4938, "country": "Canada"}
{"college_name": "University of British Columbia", "province": "British Columbia", "city": "Vancouver", "col_latitude": 49.2606, "col_lng": -123.2455, "country": "Canada"}
{"college_name": "University of Calgary", "province": "Alberta", "city": "Calgary, Edmonton", "col_latitude": 51.0447, "col_lng": -114.0719, "country": "Canada"}
{"college_name": "University of Guelph", "province": "Ontario", "city": "Guelph", "col_latitude": 43.5323, "col_lng": -80.2264, "country": "Canada"}
{"college_name": "University of King's College", "province": "Nova Scotia", "city": "Halifax", "col_latitude": 44.6365, "col_lng": -63.5915, "country": "Canada"}
{"college_name": "University of Lethbridge", "province": "Alberta", "city": "Lethbridge, Edmonton, Calgary", "col_latitude": 49.6813, "col_lng": -112.8461, "country": "Canada"}
{"college_name": "University of Manitoba", "province": "Manitoba", "city": "Winnipeg", "col_latitude": 49.8096, "col_lng": -97.1293, "country": "Canada"}
{"college_name": "University of New Brunswick", "province": "New Brunswick", "city": "Fredericton, Saint John", "col_latitude": 45.9636, "col_lng": -66.6415, "country": "Canada"}
{"college_name": "University of Northern British Columbia", "province": "British Columbia", "city": "Prince George", "col_latitude": 53.7267, "col_lng": -127.6476, "country": "Canada"}
{"college_name": "University of Ottawa", "province": "Ontario", "city": "Ottawa", "col_latitude": 45.4215, "col_lng": -75.6993, "country": "Canada"}
{"college_name": "University of Prince Edward Island", "province": "Prince Edward Island", "city": "Charlottetown", "col_latitude": 46.2382, "col_lng": -63.1311, "country": "Canada"}
{"college_name": "University of Regina", "province": "Saskatchewan", "city": "Regina, Saskatoon, Swift Current", "col_latitude": 50.4452, "col_lng": -104.6189, "country": "Canada"}
{"college_name": "University of Saskatchewan", "province": "Saskatchewan", "city": "Saskatoon", "col_latitude": 52.1332, "col_lng": -106.6700, "country": "Canada"}
{"college_name": "University of the Fraser Valley", "province": "British Columbia", "city": "Abbotsford", "col_latitude": 49.0519, "col_lng": -122.3285, "country": "Canada"}
{"college_name": "University of Toronto", "province": "Ontario", "city": "Toronto", "col_latitude": 43.6532, "col_lng": -79.3832, "country": "Canada"}
{"college_name": "University of Victoria", "province": "British Columbia", "city": "Victoria", "col_latitude": 48.4284, "col_lng": -123.3656, "country": "Canada"}
{"college_name": "University of Waterloo", "province": "Ontario", "city": "Waterloo", "col_latitude": 43.4723, "col_lng": -80.5449, "country": "Canada"}
{"college_name": "University of Western Ontario", "province": "Ontario", "city": "London", "col_latitude": 42.9849, "col_lng": -81.2453, "country": "Canada"}
{"college_name": "University of Windsor", "province": "Ontario", "city": "Windsor", "col_latitude": 42.3149, "col_lng": -83.0364, "country": "Canada"}
{"college_name": "University of Winnipeg", "province": "Manitoba", "city": "Winnipeg", "col_latitude": 49.8893, "col_lng": -97.1498, "country": "Canada"}
{"college_name": "Vancouver Island University", "province": "British Columbia", "city": "Nanaimo", "col_latitude": 49.1531, "col_lng": -123.0961, "country": "Canada"}
{"college_name": "Wilfrid Laurier University", "province": "Ontario", "city": "Waterloo", "col_latitude": 43.4747, "col_lng": -80.5270, "country": "Canada"}
{"college_name": "York University", "province": "Ontario", "city": "Toronto", "col_latitude": 43.7733, "col_lng": -79.5016, "country": "Canada"}
{"college_name": "Yukon University", "province": "Yukon", "city": "Whitehorse", "col_latitude": 60.7212, "col_lng": -135.0568, "country": "Canada"}

