city,city_ascii,lat,lng,country,iso2,iso3,admin_name,capital,population,id
Tokyo,Tokyo,35.6897,139.6922,Japan,JP,JPN,Tōkyō,primary,37732000.0,1392685764
Ōsaka,Osaka,34.6939,135.5022,Japan,JP,JPN,Ōsaka,admin,15126000.0,1392419823
Nagoya,Nagoya,35.1833,136.9,Japan,JP,JPN,Aichi,admin,9197000.0,1392407472
Amman,Amman,31.9497,35.9328,Jordan,JO,JOR,Al ‘Āşimah,primary,4007526.0,1400522593
Yokohama,Yokohama,35.4442,139.6381,Japan,JP,JPN,Kanagawa,admin,3757630.0,1392118339
Fukuoka,Fukuoka,33.5833,130.4,Japan,JP,JPN,Fukuoka,admin,2286000.0,1392576294
Sapporo,Sapporo,43.0667,141.35,Japan,JP,JPN,Hokkaidō,admin,1961690.0,1392000195
Kawasaki,Kawasaki,35.5167,139.7,Japan,JP,JPN,Kanagawa,,1539522.0,1392003356
Kōbe,Kobe,34.69,135.1956,Japan,JP,JPN,Hyōgo,admin,1521707.0,1392978082
Kyōto,Kyoto,35.0117,135.7683,Japan,JP,JPN,Kyōto,admin,1464890.0,1392622735
Saitama,Saitama,35.8614,139.6456,Japan,JP,JPN,Saitama,admin,1325843.0,1392017719
Hiroshima,Hiroshima,34.3914,132.4519,Japan,JP,JPN,Hiroshima,admin,1198021.0,1392373695
Sendai,Sendai,38.2682,140.8694,Japan,JP,JPN,Miyagi,admin,1061177.0,1392457903
Kingston,Kingston,17.9714,-76.7931,Jamaica,JM,JAM,Kingston,primary,580000.0,1388709177
Saint Helier,Saint Helier,49.1858,-2.11,Jersey,JE,JEY,,primary,33522.0,1832490253
Chiba,Chiba,35.6073,140.1064,Japan,JP,JPN,Chiba,admin,981738.0,1392107144
Setagaya,Setagaya,35.6466,139.6532,Japan,JP,JPN,Tōkyō,,940509.0,1392792380
Kitakyūshū,Kitakyushu,33.8833,130.8833,Japan,JP,JPN,Fukuoka,,935084.0,1392003140
Sakai,Sakai,34.5733,135.4831,Japan,JP,JPN,Ōsaka,,824408.0,1392003291
Niigata,Niigata,37.9161,139.0364,Japan,JP,JPN,Niigata,admin,790646.0,1392913753
Hamamatsu,Hamamatsu,34.7108,137.7275,Japan,JP,JPN,Shizuoka,,788211.0,1392174500
Nerima,Nerima,35.7355,139.6517,Japan,JP,JPN,Tōkyō,,742463.0,1392093402
Ōta-ku,Ota-ku,35.5613,139.716,Japan,JP,JPN,Tōkyō,,737187.0,1392003511
Kumamoto,Kumamoto,32.8031,130.7078,Japan,JP,JPN,Kumamoto,admin,738385.0,1392106283
Sagamihara,Sagamihara,35.5667,139.3667,Japan,JP,JPN,Kanagawa,,722973.0,1392967248
Okayama,Okayama,34.65,133.9167,Japan,JP,JPN,Okayama,admin,720043.0,1392954750
Edogawa,Edogawa,35.7066,139.8683,Japan,JP,JPN,Chiba,,697932.0,1392135698
Adachi,Adachi,35.7749,139.8044,Japan,JP,JPN,Tōkyō,,682326.0,1392464568
Shizuoka,Shizuoka,34.9756,138.3828,Japan,JP,JPN,Shizuoka,admin,685589.0,1392235505
Honchō,Honcho,35.6946,139.9826,Japan,JP,JPN,Chiba,,641499.0,1392505502
Kawaguchi,Kawaguchi,35.8077,139.7241,Japan,JP,JPN,Saitama,,593353.0,1392975133
Itabashi,Itabashi,35.7512,139.7093,Japan,JP,JPN,Tōkyō,,581337.0,1392836404
Suginami-ku,Suginami-ku,35.6995,139.6364,Japan,JP,JPN,Tōkyō,,583609.0,1392003090
Kagoshima,Kagoshima,31.6,130.55,Japan,JP,JPN,Kagoshima,admin,593754.0,1392120675
Al Mafraq,Al Mafraq,32.3399,36.2052,Jordan,JO,JOR,Al Mafraq,admin,580000.0,1400040712
Hachiōji,Hachioji,35.6664,139.316,Japan,JP,JPN,Tōkyō,,575721.0,1392172935
Irbid,Irbid,32.55,35.85,Jordan,JO,JOR,Irbid,admin,569068.0,1400221568
Kōtō-ku,Koto-ku,35.6728,139.8173,Japan,JP,JPN,Tōkyō,,523117.0,1392003346
Himeji,Himeji,34.8167,134.6833,Japan,JP,JPN,Hyōgo,,527596.0,1392003149
Utsunomiya,Utsunomiya,36.5551,139.8826,Japan,JP,JPN,Tochigi,admin,518197.0,1392506125
Matsuyama,Matsuyama,33.8333,132.7667,Japan,JP,JPN,Ehime,admin,506743.0,1392220893
Matsudo,Matsudo,35.7876,139.9032,Japan,JP,JPN,Chiba,,497514.0,1392642525
Ichikawa,Ichikawa,35.7219,139.9311,Japan,JP,JPN,Chiba,,496657.0,1392076347
Higashi-ōsaka,Higashi-osaka,34.6794,135.6008,Japan,JP,JPN,Ōsaka,,490819.0,1392117396
Nishinomiya-hama,Nishinomiya-hama,34.7376,135.3416,Japan,JP,JPN,Hyōgo,,487010.0,1392114116
Az Zarqā’,Az Zarqa',32.0833,36.1,Jordan,JO,JOR,Az Zarqā’,admin,481300.0,1400161837
Ōita,Oita,33.2333,131.6067,Japan,JP,JPN,Ōita,admin,477186.0,1392081193
Kurashiki,Kurashiki,34.5833,133.7667,Japan,JP,JPN,Okayama,,474862.0,1392003246
Katsushika-ku,Katsushika-ku,35.7434,139.8472,Japan,JP,JPN,Tōkyō,,453410.0,1392003368
Kanazawa,Kanazawa,36.5611,136.6564,Japan,JP,JPN,Ishikawa,admin,462479.0,1392684679
Fukuyama,Fukuyama,34.4833,133.3667,Japan,JP,JPN,Hiroshima,,459576.0,1392551602
Amagasaki,Amagasaki,34.7333,135.4,Japan,JP,JPN,Hyōgo,,450506.0,1392003182
Fujisawa,Fujisawa,35.35,139.4667,Japan,JP,JPN,Kanagawa,,436744.0,1392640771
Machida,Machida,35.7106,139.4386,Japan,JP,JPN,Tōkyō,,434414.0,1392788615
Kashiwa,Kashiwa,35.8676,139.9758,Japan,JP,JPN,Chiba,,433941.0,1392133166
Shinagawa-ku,Shinagawa-ku,35.6092,139.7302,Japan,JP,JPN,Tōkyō,,415729.0,1392003304
Aomori,Aomori,40.8223,140.7307,Japan,JP,JPN,Aomori,admin,425962.0,1392083898
Toyota,Toyota,35.0824,137.1563,Japan,JP,JPN,Aichi,,422106.0,1392498272
Takamatsu,Takamatsu,34.35,134.05,Japan,JP,JPN,Kagawa,admin,417814.0,1392427161
Toyama,Toyama,36.6959,137.2137,Japan,JP,JPN,Toyama,admin,413028.0,1392000560
Toyonaka,Toyonaka,34.7833,135.4667,Japan,JP,JPN,Ōsaka,,401233.0,1392003256
Nagasaki,Nagasaki,32.7447,129.8736,Japan,JP,JPN,Nagasaki,admin,404656.0,1392162566
Hirakata,Hirakata,34.8167,135.65,Japan,JP,JPN,Ōsaka,,396694.0,1392999987
Gifu,Gifu,35.4232,136.7608,Japan,JP,JPN,Gifu,admin,400118.0,1392097787
Miyazaki,Miyazaki,31.9167,131.4167,Japan,JP,JPN,Miyazaki,admin,397476.0,1392216224
Minamisuita,Minamisuita,34.7594,135.5169,Japan,JP,JPN,Ōsaka,,384953.0,1392948850
Yokosuka,Yokosuka,35.25,139.6667,Japan,JP,JPN,Kanagawa,,390275.0,1392003389
Okazaki,Okazaki,34.9543,137.1744,Japan,JP,JPN,Aichi,,385376.0,1392862345
Ichinomiya,Ichinomiya,35.3039,136.8031,Japan,JP,JPN,Aichi,,378681.0,1392379530
Takasaki,Takasaki,36.3219,139.0033,Japan,JP,JPN,Gunma,,372639.0,1392000529
Toyohashi,Toyohashi,34.7692,137.3915,Japan,JP,JPN,Aichi,,371507.0,1392482960
Kita-ku,Kita-ku,35.7528,139.7336,Japan,JP,JPN,Tōkyō,,353058.0,1392003263
Shinjuku,Shinjuku,35.6939,139.7034,Japan,JP,JPN,Tōkyō,,349385.0,1392536374
Nagano,Nagano,36.6486,138.1947,Japan,JP,JPN,Nagano,admin,367184.0,1392603439
Nakano,Nakano,35.7073,139.6637,Japan,JP,JPN,Tōkyō,,341014.0,1392891845
Kawagoe,Kawagoe,35.9251,139.4858,Japan,JP,JPN,Saitama,,354598.0,1392825080
Wakayama,Wakayama,34.2333,135.1667,Japan,JP,JPN,Wakayama,admin,353299.0,1392907296
Nara,Nara,34.6844,135.805,Japan,JP,JPN,Nara,admin,352377.0,1392520831
Koshigaya,Koshigaya,35.8911,139.7909,Japan,JP,JPN,Saitama,,346768.0,1392606124
Takatsuki,Takatsuki,34.85,135.6167,Japan,JP,JPN,Ōsaka,,347496.0,1392003061
Tokorozawa,Tokorozawa,35.7996,139.4686,Japan,JP,JPN,Saitama,,341289.0,1392340764
Ōtsu,Otsu,35.0167,135.85,Japan,JP,JPN,Shiga,admin,342607.0,1392164106
Iwaki,Iwaki,37.0505,140.8877,Japan,JP,JPN,Fukushima,,336111.0,1392158088
Hirosaki,Hirosaki,40.6031,140.4638,Japan,JP,JPN,Aomori,,335203.0,1392003311
Maebashi,Maebashi,36.3895,139.0634,Japan,JP,JPN,Gunma,admin,331849.0,1392333295
Asahikawa,Asahikawa,43.7706,142.365,Japan,JP,JPN,Hokkaidō,,331392.0,1392380358
Koriyama,Koriyama,37.4004,140.3597,Japan,JP,JPN,Fukushima,,329706.0,1392003178
Kōchi,Kochi,33.5589,133.5314,Japan,JP,JPN,Kōchi,admin,325560.0,1392086071
Naha,Naha,26.2122,127.6792,Japan,JP,JPN,Okinawa,admin,316048.0,1392583118
Toshima,Toshima,35.7261,139.7167,Japan,JP,JPN,Tōkyō,,297954.0,1392793312
Yokkaichi,Yokkaichi,34.965,136.6244,Japan,JP,JPN,Mie,,310263.0,1392198395
Kasugai,Kasugai,35.2475,136.9722,Japan,JP,JPN,Aichi,,306449.0,1392431449
Meguro,Meguro,35.6415,139.6983,Japan,JP,JPN,Tōkyō,,286905.0,1392876044
Ōakashichō,Oakashicho,34.65,135.0,Japan,JP,JPN,Hyōgo,,299699.0,1392000137
Kurume,Kurume,33.3167,130.5167,Japan,JP,JPN,Fukuoka,,302858.0,1392003184
Akita,Akita,39.72,140.1026,Japan,JP,JPN,Akita,admin,302984.0,1392129688
Sumida,Sumida,35.7107,139.8015,Japan,JP,JPN,Tōkyō,,270823.0,1392075752
Morioka,Morioka,39.7021,141.1545,Japan,JP,JPN,Iwate,admin,290553.0,1392981957
Ibaraki,Ibaraki,34.8164,135.5686,Japan,JP,JPN,Ōsaka,,283835.0,1392003421
Ar Ruşayfah,Ar Rusayfah,32.0178,36.0464,Jordan,JO,JOR,Az Zarqā’,minor,280000.0,1400369457
Fukushima,Fukushima,37.7608,140.4747,Japan,JP,JPN,Fukushima,admin,284282.0,1392570027
Minato,Minato,35.658,139.7515,Japan,JP,JPN,Tōkyō,,260486.0,1392294093
Tsu,Tsu,34.7184,136.5057,Japan,JP,JPN,Mie,admin,273267.0,1392082102
Fuchū,Fuchu,35.6689,139.4776,Japan,JP,JPN,Tōkyō,,263093.0,1392370709
Mito,Mito,36.3658,140.4712,Japan,JP,JPN,Ibaraki,admin,270445.0,1392665227
Ichihara,Ichihara,35.4981,140.1154,Japan,JP,JPN,Chiba,,268038.0,1392167256
Yao,Yao,34.6269,135.601,Japan,JP,JPN,Nara,,264913.0,1392943074
Nagaoka,Nagaoka,37.4462,138.8512,Japan,JP,JPN,Niigata,,265868.0,1392003404
Kakogawachō-honmachi,Kakogawacho-honmachi,34.75,134.8333,Japan,JP,JPN,Hyōgo,,260595.0,1392189230
Fukui,Fukui,36.0641,136.2196,Japan,JP,JPN,Fukui,admin,261474.0,1392897510
Hiratsuka,Hiratsuka,35.3167,139.35,Japan,JP,JPN,Kanagawa,,257662.0,1392311050
Sōka,Soka,35.8254,139.8053,Japan,JP,JPN,Saitama,,251390.0,1392354483
Bunkyō-ku,Bunkyo-ku,35.708,139.7523,Japan,JP,JPN,Tōkyō,,240069.0,1392003059
Tokushima,Tokushima,34.0703,134.5549,Japan,JP,JPN,Tokushima,admin,254510.0,1392795984
Shinozaki,Shinozaki,33.95,130.9333,Japan,JP,JPN,Fukuoka,,252844.0,1392516557
Hakodate,Hakodate,41.7686,140.7289,Japan,JP,JPN,Hokkaidō,,251942.0,1392708558
Chōfugaoka,Chofugaoka,35.6506,139.5407,Japan,JP,JPN,Tōkyō,,240359.0,1392692794
Shibuya-ku,Shibuya-ku,35.6637,139.6977,Japan,JP,JPN,Tōkyō,,235193.0,1392003273
Chigasaki,Chigasaki,35.3333,139.4,Japan,JP,JPN,Kanagawa,,242347.0,1392346493
Yato,Yato,35.4833,139.45,Japan,JP,JPN,Kanagawa,,239146.0,1392469032
Yamagata,Yamagata,38.2554,140.3396,Japan,JP,JPN,Yamagata,admin,247234.0,1392300081
Tsukuba-kenkyūgakuen-toshi,Tsukuba-kenkyugakuen-toshi,36.0835,140.0764,Japan,JP,JPN,Ibaraki,,246647.0,1392112466
Fuji,Fuji,35.1613,138.6763,Japan,JP,JPN,Shizuoka,,243739.0,1392249213
Sasebo,Sasebo,33.18,129.715,Japan,JP,JPN,Nagasaki,,242664.0,1392003180
Arakawa,Arakawa,35.7361,139.7834,Japan,JP,JPN,Tōkyō,,217891.0,1392229262
Matsumoto,Matsumoto,36.238,137.972,Japan,JP,JPN,Nagano,,239115.0,1392003338
Neya,Neya,34.7667,135.6333,Japan,JP,JPN,Ōsaka,,227997.0,1392993634
Saga,Saga,33.2667,130.3,Japan,JP,JPN,Saga,admin,232359.0,1392618841
Kasukabe,Kasukabe,35.9753,139.7523,Japan,JP,JPN,Saitama,,228975.0,1392430282
Ageoshimo,Ageoshimo,35.9774,139.5932,Japan,JP,JPN,Saitama,,226616.0,1392046664
Taitō,Taito,35.7126,139.78,Japan,JP,JPN,Tōkyō,,210528.0,1392662678
Takarazuka,Takarazuka,34.8114,135.3406,Japan,JP,JPN,Hyōgo,,224055.0,1392999976
Atsugichō,Atsugicho,35.4333,139.3667,Japan,JP,JPN,Kanagawa,,223815.0,1392522298
Ōta,Ota,36.2911,139.3754,Japan,JP,JPN,Gunma,,222806.0,1392003546
Hachinohe,Hachinohe,40.5123,141.4884,Japan,JP,JPN,Aomori,,222799.0,1392000706
Nishitōkyō,Nishitokyo,35.7256,139.5383,Japan,JP,JPN,Tōkyō,,207436.0,1392001244
Kure,Kure,34.25,132.5667,Japan,JP,JPN,Hiroshima,,212159.0,1392991987
Isesaki,Isesaki,36.3114,139.1968,Japan,JP,JPN,Gunma,,210332.0,1392003456
Kodaira,Kodaira,35.7285,139.4774,Japan,JP,JPN,Tōkyō,,196959.0,1392003213
Itami,Itami,34.7833,135.4,Japan,JP,JPN,Hyōgo,,198522.0,1392384479
Kamirenjaku,Kamirenjaku,35.6836,139.5595,Japan,JP,JPN,Tōkyō,,194460.0,1392889022
Nagareyama,Nagareyama,35.8563,139.9029,Japan,JP,JPN,Chiba,,200298.0,1392398873
Yachiyo,Yachiyo,35.7224,140.0999,Japan,JP,JPN,Chiba,,200538.0,1392929073
Matsue,Matsue,35.4708,133.0519,Japan,JP,JPN,Shimane,admin,201802.0,1392692238
Higashi-Hiroshima,Higashi-Hiroshima,34.4167,132.7333,Japan,JP,JPN,Hiroshima,,197347.0,1392464732
Hino,Hino,35.6713,139.3951,Japan,JP,JPN,Tōkyō,,190598.0,1392686410
Suzuka,Suzuka,34.882,136.5842,Japan,JP,JPN,Mie,,195250.0,1392913924
Kumagaya,Kumagaya,36.1474,139.3886,Japan,JP,JPN,Saitama,,193190.0,1392500750
Yamaguchi,Yamaguchi,34.1833,131.4667,Japan,JP,JPN,Yamaguchi,admin,193761.0,1392887215
Anjōmachi,Anjomachi,34.9587,137.0803,Japan,JP,JPN,Aichi,,188801.0,1392081830
Odawara,Odawara,35.25,139.15,Japan,JP,JPN,Kanagawa,,189038.0,1392003516
Kishiwada,Kishiwada,34.4667,135.3667,Japan,JP,JPN,Ōsaka,,188015.0,1392003372
Numazu,Numazu,35.0956,138.8634,Japan,JP,JPN,Shizuoka,,187653.0,1392003112
Tachikawa,Tachikawa,35.6942,139.4197,Japan,JP,JPN,Tōkyō,,181115.0,1392042507
Kōfu,Kofu,35.6621,138.5682,Japan,JP,JPN,Yamanashi,admin,187144.0,1392307565
Tottori,Tottori,35.5,134.2333,Japan,JP,JPN,Tottori,,187323.0,1392416969
Jōetsu,Joetsu,37.1479,138.2361,Japan,JP,JPN,Niigata,,187291.0,1392040772
Toyokawa,Toyokawa,34.8268,137.3759,Japan,JP,JPN,Aichi,,183965.0,1392297078
Chūō-ku,Chuo-ku,35.6706,139.772,Japan,JP,JPN,Tōkyō,,169995.0,1392003401
Narashino,Narashino,35.6804,140.0265,Japan,JP,JPN,Chiba,,174990.0,1392933042
Uji,Uji,34.8844,135.7997,Japan,JP,JPN,Kyōto,,179626.0,1392148678
Urayasu,Urayasu,35.6539,139.9022,Japan,JP,JPN,Chiba,,169749.0,1392003082
Kamakurayama,Kamakurayama,35.3197,139.5525,Japan,JP,JPN,Kanagawa,,172929.0,1392220561
Hitachi,Hitachi,36.5991,140.6515,Japan,JP,JPN,Ibaraki,,172709.0,1392145167
Izumo,Izumo,35.3667,132.7667,Japan,JP,JPN,Shimane,,171995.0,1392299364
Niiza,Niiza,35.7935,139.5653,Japan,JP,JPN,Saitama,,164653.0,1392772700
Sakura,Sakura,35.7167,140.2167,Japan,JP,JPN,Chiba,,169059.0,1392611314
Tomakomai,Tomakomai,42.6341,141.6055,Japan,JP,JPN,Hokkaidō,,170223.0,1392999977
Portmore,Portmore,17.95,-76.8799,Jamaica,JM,JAM,Saint Catherine,,170000.0,1388926551
Nishio,Nishio,34.8333,137.0667,Japan,JP,JPN,Aichi,,168992.0,1392425838
Saḩāb,Sahab,31.8667,36.0,Jordan,JO,JOR,Al ‘Āşimah,minor,169434.0,1400064688
Oyama,Oyama,36.3146,139.8002,Japan,JP,JPN,Tochigi,,167874.0,1392122083
Iwata,Iwata,34.7179,137.8515,Japan,JP,JPN,Shizuoka,,165688.0,1392088261
Takaoka,Takaoka,36.7541,137.0257,Japan,JP,JPN,Toyama,,165880.0,1392754231
Obihiro,Obihiro,42.9167,143.2,Japan,JP,JPN,Hokkaidō,,165684.0,1392003095
Hadano,Hadano,35.3667,139.2167,Japan,JP,JPN,Kanagawa,,164292.0,1392003173
Kushiro,Kushiro,42.9833,144.3833,Japan,JP,JPN,Hokkaidō,,165699.0,1392003151
Ube,Ube,33.95,131.25,Japan,JP,JPN,Yamaguchi,,162873.0,1392198814
Musashino,Musashino,35.7177,139.5661,Japan,JP,JPN,Tōkyō,,148971.0,1392003488
Miyakonojō,Miyakonojo,31.7167,131.0667,Japan,JP,JPN,Miyazaki,,159878.0,1392003484
Higashimurayama,Higashimurayama,35.7546,139.4685,Japan,JP,JPN,Tōkyō,,150458.0,1392034645
Ōgaki,Ogaki,35.3594,136.6129,Japan,JP,JPN,Gifu,,158386.0,1392727505
Matsuzaka,Matsuzaka,34.5779,136.5276,Japan,JP,JPN,Mie,,158472.0,1392893621
Daiwanishi,Daiwanishi,34.8333,135.4167,Japan,JP,JPN,Hyōgo,,155165.0,1392478155
Ar Ramthā,Ar Ramtha,32.5589,36.0147,Jordan,JO,JOR,Irbid,minor,155693.0,1400675695
Kariya,Kariya,34.9893,137.0021,Japan,JP,JPN,Aichi,,153178.0,1392620119
Hitachi-Naka,Hitachi-Naka,36.3967,140.5347,Japan,JP,JPN,Ibaraki,,154311.0,1392134860
Tama,Tama,35.6369,139.4463,Japan,JP,JPN,Tōkyō,,147252.0,1392092333
Tochigi,Tochigi,36.3813,139.7303,Japan,JP,JPN,Tochigi,,153508.0,1392660923
Noda,Noda,35.95,139.8667,Japan,JP,JPN,Chiba,,152227.0,1392224794
Ueda,Ueda,36.4019,138.2491,Japan,JP,JPN,Nagano,,152948.0,1392438902
Moriguchi,Moriguchi,34.7375,135.5642,Japan,JP,JPN,Ōsaka,,141849.0,1392003269
Kawashiri,Kawashiri,34.8301,135.4173,Japan,JP,JPN,Ōsaka,,152076.0,1392471189
Kukichūō,Kukichuo,36.0621,139.6668,Japan,JP,JPN,Saitama,,150197.0,1392642279
Asaka,Asaka,35.7972,139.5939,Japan,JP,JPN,Saitama,,143915.0,1392003253
Sayama,Sayama,35.853,139.4122,Japan,JP,JPN,Saitama,,148474.0,1392752018
Komaki,Komaki,35.291,136.9121,Japan,JP,JPN,Aichi,,147897.0,1392770958
Toda,Toda,35.8176,139.6779,Japan,JP,JPN,Saitama,,142352.0,1392003295
Imabari,Imabari,34.0667,133.0,Japan,JP,JPN,Ehime,,149209.0,1392801732
‘Ajlūn,`Ajlun,32.3325,35.7517,Jordan,JO,JOR,‘Ajlūn,admin,148870.0,1400775371
Iruma,Iruma,35.8358,139.3911,Japan,JP,JPN,Saitama,,145778.0,1392661533
Al ‘Aqabah,Al `Aqabah,29.5319,35.0056,Jordan,JO,JOR,Al ‘Aqabah,admin,148398.0,1400618058
Yonago,Yonago,35.4333,133.3333,Japan,JP,JPN,Tottori,,147210.0,1392391989
Misato,Misato,35.8301,139.8723,Japan,JP,JPN,Chiba,,141913.0,1392464033
Kusatsu,Kusatsu,35.0167,135.9667,Japan,JP,JPN,Shiga,,143230.0,1392082200
Kakamigahara,Kakamigahara,35.3988,136.8484,Japan,JP,JPN,Gifu,,143641.0,1392578597
Okinawa,Okinawa,26.3342,127.8056,Japan,JP,JPN,Okinawa,,142094.0,1392003477
Ashikaga,Ashikaga,36.3402,139.4497,Japan,JP,JPN,Tochigi,,142882.0,1392003201
Fukayachō,Fukayacho,36.1975,139.2815,Japan,JP,JPN,Saitama,,141336.0,1392571441
Fujita,Fujita,34.8674,138.2577,Japan,JP,JPN,Shizuoka,,140947.0,1392223322
Kokubunji,Kokubunji,35.7109,139.4622,Japan,JP,JPN,Tōkyō,,129619.0,1392193917
Ebina,Ebina,35.4464,139.3908,Japan,JP,JPN,Kanagawa,,135557.0,1392003085
Kuwana,Kuwana,35.0667,136.6833,Japan,JP,JPN,Mie,,138798.0,1392018722
Minō,Mino,34.8269,135.4704,Japan,JP,JPN,Ōsaka,,136976.0,1392003271
Koga,Koga,36.1782,139.7554,Japan,JP,JPN,Ibaraki,,138237.0,1392720735
Ishizaki,Ishizaki,38.4176,141.3027,Japan,JP,JPN,Miyagi,,138856.0,1392384377
Tsuchiura,Tsuchiura,36.0667,140.2,Japan,JP,JPN,Ibaraki,,137825.0,1392962266
Koganei,Koganei,35.6995,139.503,Japan,JP,JPN,Tōkyō,,127226.0,1392003171
Zama,Zama,35.4833,139.4,Japan,JP,JPN,Kanagawa,,130753.0,1392313741
Shūnan,Shunan,34.05,131.8,Japan,JP,JPN,Yamaguchi,,137899.0,1392003434
Minoo,Minoo,34.8333,135.4667,Japan,JP,JPN,Ōsaka,,134435.0,1392496071
Kisarazu,Kisarazu,35.376,139.9168,Japan,JP,JPN,Chiba,,136118.0,1392821453
Yaizu,Yaizu,34.8669,138.3247,Japan,JP,JPN,Shizuoka,,136028.0,1392569740
Inazawa,Inazawa,35.2647,136.7969,Japan,JP,JPN,Aichi,,134938.0,1392019493
May Pen,May Pen,17.965,-77.245,Jamaica,JM,JAM,Clarendon,admin,135142.0,1388671677
Isahaya,Isahaya,32.85,130.0667,Japan,JP,JPN,Nagasaki,,133512.0,1392443480
Ōme,Ome,35.788,139.2758,Japan,JP,JPN,Tōkyō,,132436.0,1392575345
Abiko,Abiko,35.8667,140.0333,Japan,JP,JPN,Chiba,,130290.0,1392000342
Spanish Town,Spanish Town,17.9959,-76.9551,Jamaica,JM,JAM,Saint Catherine,admin,131056.0,1388689196
Narita,Narita,35.7767,140.3183,Japan,JP,JPN,Chiba,,130689.0,1392216588
Onomichi,Onomichi,34.4167,133.2,Japan,JP,JPN,Hiroshima,,130143.0,1392886423
Iwakuni,Iwakuni,34.1664,132.2189,Japan,JP,JPN,Yamaguchi,,128401.0,1392032573
Seto,Seto,35.2236,137.0842,Japan,JP,JPN,Aichi,,127327.0,1392028874
Kadoma,Kadoma,34.7333,135.5833,Japan,JP,JPN,Ōsaka,,118319.0,1392702415
Ōmiyachō,Omiyacho,35.2221,138.6216,Japan,JP,JPN,Shizuoka,,127252.0,1392347988
Ōsaki,Osaki,38.5771,140.9556,Japan,JP,JPN,Miyagi,,127135.0,1392003337
Iizuka,Iizuka,33.65,130.6833,Japan,JP,JPN,Fukuoka,,126136.0,1392365784
Honchō,Honcho,35.758,139.5299,Japan,JP,JPN,Saitama,,116477.0,1392994259
Daitōchō,Daitocho,34.7167,135.6167,Japan,JP,JPN,Ōsaka,,118812.0,1392727709
Matsubara,Matsubara,34.5833,135.55,Japan,JP,JPN,Ōsaka,,117186.0,1392003470
Kirishima,Kirishima,31.7406,130.7631,Japan,JP,JPN,Kagoshima,,123812.0,1392003529
Uruma,Uruma,26.3792,127.8575,Japan,JP,JPN,Okinawa,,122371.0,1392003417
Ise,Ise,34.4833,136.7167,Japan,JP,JPN,Mie,,122432.0,1392000398
Honmachi,Honmachi,32.5,130.6,Japan,JP,JPN,Kumamoto,,122134.0,1392126782
Kashiwara,Kashiwara,34.5167,135.8,Japan,JP,JPN,Nara,,121604.0,1392686221
Urasoe,Urasoe,26.2458,127.7219,Japan,JP,JPN,Okinawa,,115855.0,1392003314
Tsuruoka,Tsuruoka,38.7272,139.8267,Japan,JP,JPN,Yamagata,,121371.0,1392935450
Ebetsu,Ebetsu,43.1037,141.5362,Japan,JP,JPN,Hokkaidō,,119819.0,1392987572
Fujimino,Fujimino,35.8795,139.5198,Japan,JP,JPN,Saitama,,112745.0,1392078110
Handa,Handa,34.8919,136.9381,Japan,JP,JPN,Aichi,,117544.0,1392363594
Kasuga,Kasuga,33.5333,130.4667,Japan,JP,JPN,Fukuoka,,111144.0,1392971052
Ikoma,Ikoma,34.7,135.7,Japan,JP,JPN,Nara,,116518.0,1392390581
Akishima,Akishima,35.7057,139.3535,Japan,JP,JPN,Tōkyō,,112110.0,1392041019
Kōnosu,Konosu,36.0659,139.5222,Japan,JP,JPN,Saitama,,116777.0,1392326410
Aizuwakamatsu,Aizuwakamatsu,37.4948,139.9298,Japan,JP,JPN,Fukushima,,117924.0,1392003083
Nobeoka,Nobeoka,32.5833,131.6667,Japan,JP,JPN,Miyazaki,,117711.0,1392666259
Fujimi,Fujimi,35.8566,139.5492,Japan,JP,JPN,Saitama,,111858.0,1392003257
Beppu,Beppu,33.2795,131.5,Japan,JP,JPN,Ōita,,115992.0,1392115605
Shibuya,Shibuya,35.6536,139.7092,Japan,JP,JPN,Tōkyō,,102056.0,1392000470
Karatsu,Karatsu,33.45,129.9667,Japan,JP,JPN,Saga,,116052.0,1392003116
Nasushiobara,Nasushiobara,36.9617,140.0461,Japan,JP,JPN,Tochigi,,115602.0,1392841957
Tōkai,Tokai,35.0231,136.9022,Japan,JP,JPN,Aichi,,113144.0,1392003126
Kōenchō,Koencho,43.8028,143.8944,Japan,JP,JPN,Hokkaidō,,115441.0,1392099278
Niihama,Niihama,33.9667,133.2833,Japan,JP,JPN,Ehime,,114971.0,1392682431
Sano,Sano,36.3145,139.5783,Japan,JP,JPN,Tochigi,,114842.0,1392791927
Hatsukaichi,Hatsukaichi,34.35,132.3333,Japan,JP,JPN,Hiroshima,,114699.0,1392723053
Kamagaya,Kamagaya,35.7768,140.0008,Japan,JP,JPN,Chiba,,109370.0,1392541992
Kakegawa,Kakegawa,34.7687,137.9984,Japan,JP,JPN,Shizuoka,,113954.0,1392003270
Nagahama,Nagahama,35.3833,136.2833,Japan,JP,JPN,Shiga,,113740.0,1392190380
Hōfu,Hofu,34.05,131.5667,Japan,JP,JPN,Yamaguchi,,113170.0,1392985430
Hikone,Hikone,35.2667,136.2667,Japan,JP,JPN,Shiga,,113191.0,1392717059
Otaru,Otaru,43.1907,140.9944,Japan,JP,JPN,Hokkaidō,,112452.0,1392240421
Higashiōmi,Higashiomi,35.1167,136.2,Japan,JP,JPN,Shiga,,112459.0,1392117204
Ōshū,Oshu,39.1445,141.1391,Japan,JP,JPN,Iwate,,112402.0,1392826391
Habikino,Habikino,34.55,135.6,Japan,JP,JPN,Ōsaka,,108373.0,1392918777
Ichinoseki,Ichinoseki,38.9347,141.1266,Japan,JP,JPN,Iwate,,111824.0,1392003094
Tondabayashichō,Tondabayashicho,34.5,135.6,Japan,JP,JPN,Ōsaka,,108735.0,1392173163
Kazo,Kazo,36.1314,139.6018,Japan,JP,JPN,Saitama,,110622.0,1392384497
Ōmuta,Omuta,33.0333,130.45,Japan,JP,JPN,Fukuoka,,110054.0,1392003164
Montego Bay,Montego Bay,18.4667,-77.9167,Jamaica,JM,JAM,Saint James,admin,110115.0,1388955058
Shirayamamachi,Shirayamamachi,36.5166,136.5656,Japan,JP,JPN,Ishikawa,,110135.0,1392840575
Marugame,Marugame,34.2833,133.8,Japan,JP,JPN,Kagawa,,109165.0,1392003524
Sandachō,Sandacho,34.8833,135.2333,Japan,JP,JPN,Hyōgo,,109243.0,1392493731
Mineshita,Mineshita,35.1185,138.9186,Japan,JP,JPN,Shizuoka,,107416.0,1392924607
Ikeda,Ikeda,34.8167,135.4333,Japan,JP,JPN,Hyōgo,,104148.0,1392188564
Tajimi,Tajimi,35.3328,137.1316,Japan,JP,JPN,Gifu,,106746.0,1392899702
Komatsu,Komatsu,36.4083,136.4455,Japan,JP,JPN,Ishikawa,,106023.0,1392003448
Kiryū,Kiryu,36.4052,139.4973,Japan,JP,JPN,Gunma,,105465.0,1392003445
Toride,Toride,35.9115,140.0504,Japan,JP,JPN,Ibaraki,,103908.0,1392922950
Ōnojō,Onojo,33.5333,130.4833,Japan,JP,JPN,Fukuoka,,101603.0,1392003262
Inzai,Inzai,35.8333,140.15,Japan,JP,JPN,Chiba,,103677.0,1392272573
Chikushino,Chikushino,33.5,130.5167,Japan,JP,JPN,Fukuoka,,103185.0,1392003463
Ginowan,Ginowan,26.2817,127.7783,Japan,JP,JPN,Okinawa,,99256.0,1392613742
Saijō,Saijo,33.9167,133.1833,Japan,JP,JPN,Ehime,,103760.0,1392903707
Isehara,Isehara,35.3833,139.3,Japan,JP,JPN,Kanagawa,,102088.0,1392928065
Sakado,Sakado,35.9573,139.403,Japan,JP,JPN,Saitama,,100829.0,1392771396
Kawachinagano,Kawachinagano,34.4667,135.5667,Japan,JP,JPN,Ōsaka,,100415.0,1392003443
Kanoya,Kanoya,31.3831,130.8519,Japan,JP,JPN,Kagoshima,,100880.0,1392003144
Kōnan,Konan,35.3321,136.8707,Japan,JP,JPN,Aichi,,97435.0,1392978695
Ashiya,Ashiya,34.7278,135.3033,Japan,JP,JPN,Hyōgo,,94116.0,1392003382
Yashio,Yashio,35.8225,139.8392,Japan,JP,JPN,Saitama,,93283.0,1392563124
Half Way Tree,Half Way Tree,18.0106,-76.7847,Jamaica,JM,JAM,Saint Andrew,admin,96494.0,1388715163
Inagi,Inagi,35.6379,139.5046,Japan,JP,JPN,Tōkyō,,92604.0,1392003400
Komae,Komae,35.6348,139.5787,Japan,JP,JPN,Tōkyō,,83677.0,1392000109
Yotsukaidō,Yotsukaido,35.6698,140.1679,Japan,JP,JPN,Chiba,,93233.0,1392512633
Nisshin,Nisshin,35.132,137.0394,Japan,JP,JPN,Aichi,,92823.0,1392999336
Ōbu,Obu,35.0117,136.9637,Japan,JP,JPN,Aichi,,92562.0,1392870664
Settsu,Settsu,34.7772,135.5622,Japan,JP,JPN,Ōsaka,,86168.0,1392003111
Wakō,Wako,35.7812,139.6057,Japan,JP,JPN,Saitama,,84120.0,1392003192
Ama,Ama,35.2004,136.7832,Japan,JP,JPN,Aichi,,87668.0,1392003383
Kitanagoya,Kitanagoya,35.2456,136.8659,Japan,JP,JPN,Aichi,,86060.0,1392360419
Higashiyamato,Higashiyamato,35.7454,139.4265,Japan,JP,JPN,Saitama,,84260.0,1392233405
Warabi,Warabi,35.8256,139.6797,Japan,JP,JPN,Saitama,,74996.0,1392003138
Takasagochō-takasemachi,Takasagocho-takasemachi,34.7667,134.7833,Japan,JP,JPN,Hyōgo,,87220.0,1392922621
As Salţ,As Salt,32.0333,35.7333,Jordan,JO,JOR,Al Balqā’,admin,88900.0,1400470384
Ayase,Ayase,35.4333,139.4333,Japan,JP,JPN,Kanagawa,,84257.0,1392003387
Mādabā,Madaba,31.7167,35.8,Jordan,JO,JOR,Mādabā,admin,84600.0,1400962992
Owariasahi,Owariasahi,35.2165,137.0354,Japan,JP,JPN,Aichi,,82336.0,1392703321
Nagaoka,Nagaoka,34.9333,135.7,Japan,JP,JPN,Kyōto,,80423.0,1392219533
Kunitachi,Kunitachi,35.6839,139.4414,Japan,JP,JPN,Tōkyō,,75133.0,1392309515
Shinkai,Shinkai,35.8367,139.5803,Japan,JP,JPN,Saitama,,75247.0,1392023081
Kiyose,Kiyose,35.7857,139.5265,Japan,JP,JPN,Saitama,,75389.0,1392003108
Kashiba,Kashiba,34.5333,135.7,Japan,JP,JPN,Nara,,78346.0,1392003075
Izumiōtsu,Izumiotsu,34.5,135.4,Japan,JP,JPN,Ōsaka,,74175.0,1392003429
Katano,Katano,34.7833,135.6833,Japan,JP,JPN,Ōsaka,,76002.0,1392003379
Okegawa,Okegawa,36.0057,139.5427,Japan,JP,JPN,Saitama,,74115.0,1392003539
Jōyō,Joyo,34.8531,135.78,Japan,JP,JPN,Kyōto,,74356.0,1392003353
Chiryū,Chiryu,35.0014,137.0506,Japan,JP,JPN,Aichi,,71907.0,1392192403
Musashimurayama,Musashimurayama,35.7548,139.3874,Japan,JP,JPN,Tōkyō,,71183.0,1392092262
Kiyosu,Kiyosu,35.1998,136.8529,Japan,JP,JPN,Aichi,,69809.0,1392439011
Dazaifu,Dazaifu,33.5167,130.5167,Japan,JP,JPN,Fukuoka,,72430.0,1392003236
Hekinan,Hekinan,34.8847,136.9934,Japan,JP,JPN,Aichi,,72480.0,1392819275
Yoshikawa,Yoshikawa,35.8939,139.8414,Japan,JP,JPN,Saitama,,72139.0,1392319161
Tsurugashima,Tsurugashima,35.9345,139.3931,Japan,JP,JPN,Saitama,,70067.0,1392196288
Yawata-shimizui,Yawata-shimizui,34.8667,135.7,Japan,JP,JPN,Kyōto,,70373.0,1392797096
Chiyoda-ku,Chiyoda-ku,35.694,139.7536,Japan,JP,JPN,Tōkyō,,67036.0,1392003134
Toyoake,Toyoake,35.0509,137.0128,Japan,JP,JPN,Aichi,,69389.0,1392203165
Hatogaya-honchō,Hatogaya-honcho,35.8267,139.7412,Japan,JP,JPN,Saitama,,61379.0,1392167019
Fujiidera,Fujiidera,34.5667,135.6,Japan,JP,JPN,Ōsaka,,63338.0,1392763646
Kashiwara,Kashiwara,34.5833,135.6333,Japan,JP,JPN,Ōsaka,,67757.0,1392003287
Kitamoto,Kitamoto,36.0269,139.5302,Japan,JP,JPN,Saitama,,65191.0,1392754858
Tomigusuku,Tomigusuku,26.1611,127.6689,Japan,JP,JPN,Okinawa,,64850.0,1392091635
Nagakute,Nagakute,35.184,137.0487,Japan,JP,JPN,Aichi,,62473.0,1392003238
Tagajō,Tagajo,38.2938,141.0043,Japan,JP,JPN,Miyagi,,61937.0,1392003360
Yamatotakada,Yamatotakada,34.5167,135.7333,Japan,JP,JPN,Nara,,60791.0,1392003391
Hasuda,Hasuda,35.9945,139.6624,Japan,JP,JPN,Saitama,,61473.0,1392294890
Ōsakasayama,Osakasayama,34.5,135.55,Japan,JP,JPN,Ōsaka,,58593.0,1392003332
Mukōchō,Mukocho,34.95,135.7,Japan,JP,JPN,Kyōto,,56152.0,1392146541
Tsushima,Tsushima,35.1771,136.7413,Japan,JP,JPN,Aichi,,60908.0,1392244952
Fussa,Fussa,35.7333,139.3333,Japan,JP,JPN,Tōkyō,,56713.0,1392749897
Koja,Koja,26.3344,127.8057,Japan,JP,JPN,Okinawa,,58658.0,1392299085
Nonoichi,Nonoichi,36.5194,136.6098,Japan,JP,JPN,Ishikawa,,57090.0,1392003342
Takaishi,Takaishi,34.5167,135.45,Japan,JP,JPN,Ōsaka,,55910.0,1392000468
Zushi,Zushi,35.2833,139.5833,Japan,JP,JPN,Kanagawa,,56996.0,1392442008
Hamura,Hamura,35.7672,139.3109,Japan,JP,JPN,Saitama,,53970.0,1392153436
Shijōnawate,Shijonawate,34.74,135.6394,Japan,JP,JPN,Ōsaka,,55094.0,1392003452
Fuchū,Fuchu,34.3926,132.5045,Japan,JP,JPN,Hiroshima,,51096.0,1392003519
Shiogama,Shiogama,38.3144,141.022,Japan,JP,JPN,Miyagi,,51999.0,1392003536
Shiraoka,Shiraoka,36.0191,139.6769,Japan,JP,JPN,Saitama,,52103.0,1392337140
Iwakura,Iwakura,35.2794,136.8714,Japan,JP,JPN,Aichi,,47975.0,1392765544
Takahama,Takahama,34.9275,136.9878,Japan,JP,JPN,Aichi,,48685.0,1392860759
Suzukawa,Suzukawa,35.373,139.3839,Japan,JP,JPN,Kanagawa,,48532.0,1392676251
Kasuya,Kasuya,33.6108,130.4806,Japan,JP,JPN,Fukuoka,,47981.0,1392003430
Jarash,Jarash,32.2723,35.8914,Jordan,JO,JOR,Jarash,admin,50745.0,1400505859
Ma‘ān,Ma`an,30.1962,35.7341,Jordan,JO,JOR,Ma‘ān,admin,50350.0,1400670443
Mandeville,Mandeville,18.0333,-77.5,Jamaica,JM,JAM,Manchester,admin,48317.0,1388493847
Inuma,Inuma,36.0001,139.6242,Japan,JP,JPN,Saitama,,45065.0,1392163993
Tōgō,Togo,35.0966,137.0525,Japan,JP,JPN,Aichi,,44065.0,1392003115
Kumatori,Kumatori,34.4014,135.3558,Japan,JP,JPN,Ōsaka,,43570.0,1392003543
Katsuren-haebaru,Katsuren-haebaru,26.1911,127.7285,Japan,JP,JPN,Okinawa,,40541.0,1392007461
Ōizumi,Oizumi,36.2478,139.4049,Japan,JP,JPN,Gunma,,41681.0,1392003190
Nakama,Nakama,33.8208,130.7083,Japan,JP,JPN,Fukuoka,,39634.0,1392968664
Miyoshidai,Miyoshidai,35.8284,139.5265,Japan,JP,JPN,Saitama,,38380.0,1392859111
Kanie,Kanie,35.1322,136.7868,Japan,JP,JPN,Aichi,,36782.0,1392146454
Ōharu,Oharu,35.1751,136.8201,Japan,JP,JPN,Aichi,,32590.0,1392003375
Harima,Harima,34.7167,134.8667,Japan,JP,JPN,Hyōgo,,33822.0,1392000863
Aizumi,Aizumi,34.1266,134.4951,Japan,JP,JPN,Tokushima,,35269.0,1392003339
Fusō,Fuso,35.3591,136.9132,Japan,JP,JPN,Aichi,,34268.0,1392003320
Nishihara,Nishihara,26.2228,127.7589,Japan,JP,JPN,Okinawa,,34802.0,1392591354
Minamishiro,Minamishiro,36.0227,139.7227,Japan,JP,JPN,Saitama,,34012.0,1392934140
Kōryō,Koryo,34.55,135.75,Japan,JP,JPN,Nara,,33617.0,1392003177
Kaita,Kaita,34.3722,132.536,Japan,JP,JPN,Hiroshima,,29793.0,1392868298
Ninomiya,Ninomiya,35.2995,139.2555,Japan,JP,JPN,Kanagawa,,27536.0,1392269744
Mizumaki,Mizumaki,33.8548,130.695,Japan,JP,JPN,Fukuoka,,27822.0,1392003278
Chatan,Chatan,26.32,127.7639,Japan,JP,JPN,Okinawa,,28167.0,1392411015
Ginan,Ginan,35.3896,136.7825,Japan,JP,JPN,Gifu,,25752.0,1392003216
Ōji,Oji,34.5947,135.7066,Japan,JP,JPN,Nara,,23731.0,1392003206
Sanga,Sanga,34.6002,135.6955,Japan,JP,JPN,Ōsaka,,23264.0,1392764326
Kitajima,Kitajima,34.1256,134.547,Japan,JP,JPN,Tokushima,,22670.0,1392003373
Kasamatsuchō,Kasamatsucho,35.3672,136.7632,Japan,JP,JPN,Gifu,,22415.0,1392337002
Kanmaki,Kanmaki,34.5627,135.7167,Japan,JP,JPN,Nara,,21145.0,1392530261
Aţ Ţafīlah,At Tafilah,30.84,35.6,Jordan,JO,JOR,Aţ Ţafīlah,admin,23512.0,1400134505
Yonabaru,Yonabaru,26.1995,127.7548,Japan,JP,JPN,Okinawa,,19735.0,1392279515
Shōwa,Showa,35.6279,138.5351,Japan,JP,JPN,Yamanashi,,20857.0,1392003446
Savanna-la-Mar,Savanna-la-Mar,18.2167,-78.1333,Jamaica,JM,JAM,Westmoreland,admin,22600.0,1388690384
Al Karak,Al Karak,31.1833,35.7,Jordan,JO,JOR,Al Karak,admin,21678.0,1400073941
Kitagata,Kitagata,35.4358,136.6844,Japan,JP,JPN,Gifu,,18308.0,1392622247
Utazu,Utazu,34.3106,133.8256,Japan,JP,JPN,Kagawa,,18897.0,1392003469
Tadaoka-higashi,Tadaoka-higashi,34.4871,135.4014,Japan,JP,JPN,Ōsaka,,16628.0,1392366184
Kawai,Kawai,34.5783,135.7367,Japan,JP,JPN,Nara,,16983.0,1392003185
Ōyamazaki,Oyamazaki,34.9028,135.6885,Japan,JP,JPN,Kyōto,,15991.0,1392003325
Toyoyama,Toyoyama,35.2505,136.9121,Japan,JP,JPN,Aichi,,15729.0,1392003523
Port Antonio,Port Antonio,18.1757,-76.4503,Jamaica,JM,JAM,Portland,admin,14816.0,1388024275
Saint Ann’s Bay,Saint Ann's Bay,18.436,-77.202,Jamaica,JM,JAM,Saint Ann,admin,13671.0,1388256334
Port Maria,Port Maria,18.3702,-76.8903,Jamaica,JM,JAM,Saint Mary,admin,7906.0,1388155945
Falmouth,Falmouth,18.49,-77.661,Jamaica,JM,JAM,Trelawny,admin,7779.0,1388625979
Lucea,Lucea,18.45,-78.1833,Jamaica,JM,JAM,Hanover,admin,6002.0,1388423676
Black River,Black River,18.0257,-77.8509,Jamaica,JM,JAM,Saint Elizabeth,admin,4261.0,1388022504
Morant Bay,Morant Bay,17.8819,-76.4074,Jamaica,JM,JAM,Saint Thomas,admin,,1388124588
Izumisano,Izumisano,34.4,135.3333,Japan,JP,JPN,Ōsaka,,99328.0,1392003370
Kani,Kani,35.4261,137.0613,Japan,JP,JPN,Gifu,,99545.0,1392198191
Chikusei,Chikusei,36.3071,139.9831,Japan,JP,JPN,Ibaraki,,99758.0,1392759497
Tsuyama,Tsuyama,35.0692,134.0044,Japan,JP,JPN,Okayama,,99410.0,1392820005
Sakata,Sakata,38.9145,139.8364,Japan,JP,JPN,Yamagata,,99235.0,1392418961
Itoshima,Itoshima,33.5539,130.1978,Japan,JP,JPN,Fukuoka,,98527.0,1392003499
Saku,Saku,36.2488,138.4769,Japan,JP,JPN,Nagano,,98292.0,1392305904
Chitose,Chitose,42.821,141.6509,Japan,JP,JPN,Hokkaidō,,97945.0,1392003121
Munakata,Munakata,33.8,130.5333,Japan,JP,JPN,Fukuoka,,97041.0,1392003244
Iida,Iida,35.515,137.8214,Japan,JP,JPN,Nagano,,96642.0,1392226730
Ōmura,Omura,32.9,129.9583,Japan,JP,JPN,Nagasaki,,95619.0,1392185480
Kamisu,Kamisu,35.8899,140.6645,Japan,JP,JPN,Ibaraki,,95471.0,1392634524
Shimada,Shimada,34.8363,138.1927,Japan,JP,JPN,Shizuoka,,95198.0,1392003128
Al Jīzah,Al Jizah,31.7,35.95,Jordan,JO,JOR,Al ‘Āşimah,minor,95045.0,1400797654
Kanuma,Kanuma,36.5671,139.7451,Japan,JP,JPN,Tochigi,,94591.0,1392653831
Shibata,Shibata,37.9479,139.3273,Japan,JP,JPN,Niigata,,94258.0,1392003079
Azumino,Azumino,36.3039,137.9058,Japan,JP,JPN,Nagano,,93927.0,1392101705
Sanjō,Sanjo,37.6368,138.9617,Japan,JP,JPN,Niigata,,93671.0,1392003505
Higashi-Matsuyama,Higashi-Matsuyama,36.0422,139.3999,Japan,JP,JPN,Saitama,,92440.0,1392365792
Hanamaki Onsen,Hanamaki Onsen,39.3886,141.1169,Japan,JP,JPN,Iwate,,92815.0,1392087821
Kitakami,Kitakami,39.2867,141.1132,Japan,JP,JPN,Iwate,,92348.0,1392905802
Satsumasendai,Satsumasendai,31.8167,130.3,Japan,JP,JPN,Kagoshima,,91875.0,1392003234
Imizuchō,Imizucho,36.7306,137.0756,Japan,JP,JPN,Toyama,,90201.0,1392059150
Mihara,Mihara,34.4,133.0833,Japan,JP,JPN,Hiroshima,,89972.0,1392428941
Kōka,Koka,34.9667,136.1667,Japan,JP,JPN,Shiga,,88538.0,1392003145
Sakai,Sakai,36.1669,136.2314,Japan,JP,JPN,Fukui,,87945.0,1392003292
Fukuroi,Fukuroi,34.7502,137.9247,Japan,JP,JPN,Shizuoka,,86851.0,1392865065
Mobara,Mobara,35.4285,140.2881,Japan,JP,JPN,Chiba,,86446.0,1392225442
Gotenba,Gotenba,35.3087,138.9346,Japan,JP,JPN,Shizuoka,,86334.0,1392876311
Kameoka,Kameoka,35.0167,135.5667,Japan,JP,JPN,Kyōto,,86112.0,1392003410
Kaizuka,Kaizuka,34.4333,135.3667,Japan,JP,JPN,Ōsaka,,84356.0,1392003060
Iga,Iga,34.7667,136.1333,Japan,JP,JPN,Mie,,85883.0,1392003101
Kitakōriyamachō,Kitakoriyamacho,34.65,135.7833,Japan,JP,JPN,Nara,,84007.0,1392178653
Ushiku,Ushiku,35.9794,140.1496,Japan,JP,JPN,Ibaraki,,84505.0,1392965168
Sekimachi,Sekimachi,35.4958,136.918,Japan,JP,JPN,Gifu,,85636.0,1392926688
Chita,Chita,35.0,136.8667,Japan,JP,JPN,Aichi,,83881.0,1392292278
Takayama,Takayama,36.146,137.2522,Japan,JP,JPN,Gifu,,85199.0,1392003285
Moriyama,Moriyama,35.0586,135.9942,Japan,JP,JPN,Shiga,,83567.0,1392937175
Yokotemachi,Yokotemachi,39.3113,140.5533,Japan,JP,JPN,Akita,,84556.0,1392195240
Nakatsu,Nakatsu,33.5992,131.1906,Japan,JP,JPN,Fukuoka,,82714.0,1392944075
Ōmihachiman,Omihachiman,35.1283,136.0981,Japan,JP,JPN,Shiga,,81545.0,1392288149
Muroran,Muroran,42.3152,140.974,Japan,JP,JPN,Hokkaidō,,81580.0,1392259868
Shikokuchūō,Shikokuchuo,33.9833,133.55,Japan,JP,JPN,Ehime,,82320.0,1392003084
Kimitsu,Kimitsu,35.3304,139.9027,Japan,JP,JPN,Chiba,,81355.0,1392801760
Kashiwazaki,Kashiwazaki,37.3719,138.559,Japan,JP,JPN,Niigata,,81027.0,1392003358
Yonezawa,Yonezawa,37.9222,140.1168,Japan,JP,JPN,Yamagata,,80795.0,1392003528
Gamagōri,Gamagori,34.8431,137.2196,Japan,JP,JPN,Aichi,,79292.0,1392024893
Akiruno,Akiruno,35.7289,139.2941,Japan,JP,JPN,Tōkyō,,79600.0,1392270849
Echizen,Echizen,35.9035,136.1687,Japan,JP,JPN,Fukui,,80264.0,1392003537
Natori-shi,Natori-shi,38.1715,140.8918,Japan,JP,JPN,Miyagi,,79250.0,1392168361
Gyōda,Gyoda,36.1389,139.4556,Japan,JP,JPN,Saitama,,78488.0,1392815268
Hannō,Hanno,35.8557,139.3277,Japan,JP,JPN,Saitama,,79169.0,1392681016
Iwamizawa,Iwamizawa,43.1962,141.7759,Japan,JP,JPN,Hokkaidō,,79361.0,1392277310
Mooka,Mooka,36.4404,140.0134,Japan,JP,JPN,Tochigi,,78665.0,1392952105
Maizuru,Maizuru,35.4667,135.3833,Japan,JP,JPN,Kyōto,,78730.0,1392353780
Kizugawa,Kizugawa,34.7333,135.8167,Japan,JP,JPN,Kyōto,,78035.0,1392003534
Honjō,Honjo,36.2436,139.1904,Japan,JP,JPN,Saitama,,76757.0,1392850139
Fukuchiyama,Fukuchiyama,35.3,135.1333,Japan,JP,JPN,Kyōto,,77150.0,1392295524
Tsubame,Tsubame,37.6731,138.8822,Japan,JP,JPN,Niigata,,76590.0,1392932108
Toyooka,Toyooka,35.55,134.8167,Japan,JP,JPN,Hyōgo,,77005.0,1392135908
Nikkō,Nikko,36.7198,139.6982,Japan,JP,JPN,Tochigi,,77027.0,1392782537
Ryūgasaki,Ryugasaki,35.9116,140.1823,Japan,JP,JPN,Ibaraki,,76055.0,1392150237
Aira,Aira,31.7283,130.6278,Japan,JP,JPN,Kagoshima,,76610.0,1392003374
Nabari,Nabari,34.6276,136.1084,Japan,JP,JPN,Mie,,75942.0,1392003150
Kai,Kai,35.6608,138.5158,Japan,JP,JPN,Yamanashi,,75337.0,1392003210
Toyomamachi-teraike,Toyomamachi-teraike,38.6918,141.1877,Japan,JP,JPN,Miyagi,,76164.0,1392470544
Daisen,Daisen,39.4531,140.4754,Japan,JP,JPN,Akita,,76164.0,1392642502
Tosu,Tosu,33.3833,130.5,Japan,JP,JPN,Saga,,74673.0,1392003433
Kyōtanabe,Kyotanabe,34.8167,135.7667,Japan,JP,JPN,Kyōto,,73985.0,1392003459
Nakatsugawa,Nakatsugawa,35.4876,137.5006,Japan,JP,JPN,Gifu,,75500.0,1392764709
Sasagawa,Sasagawa,37.2865,140.3727,Japan,JP,JPN,Fukushima,,75128.0,1392742964
Tatebayashi,Tatebayashi,36.2448,139.5421,Japan,JP,JPN,Gunma,,73991.0,1392730385
Amakusa,Amakusa,32.4667,130.2,Japan,JP,JPN,Kumamoto,,74861.0,1392003308
Kandori,Kandori,35.6833,140.0333,Japan,JP,JPN,Chiba,,74469.0,1392989690
Miki,Miki,34.7936,134.9931,Japan,JP,JPN,Hyōgo,,74255.0,1392000367
Tatsunochō-tominaga,Tatsunocho-tominaga,34.8508,134.5453,Japan,JP,JPN,Hyōgo,,73952.0,1392582566
Yurihonjō,Yurihonjo,39.3859,140.0488,Japan,JP,JPN,Akita,,73840.0,1392820312
Inuyama,Inuyama,35.3786,136.9445,Japan,JP,JPN,Gifu,,72926.0,1392393169
Kasama,Kasama,36.3452,140.3043,Japan,JP,JPN,Ibaraki,,73521.0,1392308767
Shibukawa,Shibukawa,36.3894,139.0633,Japan,JP,JPN,Gunma,,73064.0,1392987761
Ōtawara,Otawara,36.8711,140.0156,Japan,JP,JPN,Tochigi,,72923.0,1392953593
Ishioka,Ishioka,36.1908,140.2872,Japan,JP,JPN,Ibaraki,,71851.0,1392188897
Yukuhashi,Yukuhashi,33.7333,130.9833,Japan,JP,JPN,Fukuoka,,70922.0,1392003279
Katori,Katori,35.8977,140.4992,Japan,JP,JPN,Chiba,,71391.0,1392702737
Moriya,Moriya,35.9514,139.9754,Japan,JP,JPN,Ibaraki,,68992.0,1392003393
Rittō,Ritto,35.0167,136.0,Japan,JP,JPN,Shiga,,69598.0,1392932001
Eniwa,Eniwa,42.8826,141.5778,Japan,JP,JPN,Hokkaidō,,70102.0,1392003482
Minami-Alps,Minami-Alps,35.6083,138.465,Japan,JP,JPN,Yamanashi,,69642.0,1392003403
Uwajima,Uwajima,33.2167,132.5667,Japan,JP,JPN,Ehime,,69639.0,1392682766
Anan,Anan,33.9167,134.6667,Japan,JP,JPN,Tokushima,,69259.0,1392003091
Sabae,Sabae,35.9565,136.1843,Japan,JP,JPN,Fukui,,68666.0,1392929907
Tanabe,Tanabe,33.7333,135.3833,Japan,JP,JPN,Wakayama,,68986.0,1392214761
Sōja,Soja,34.6728,133.7464,Japan,JP,JPN,Okayama,,68551.0,1392665556
Ōdate,Odate,40.2714,140.5642,Japan,JP,JPN,Akita,,68593.0,1392257761
Fuefuki,Fuefuki,35.6473,138.6397,Japan,JP,JPN,Yamanashi,,67396.0,1392003520
Kashima,Kashima,35.9656,140.6448,Japan,JP,JPN,Ibaraki,,67001.0,1392346235
Hashima,Hashima,35.3199,136.7033,Japan,JP,JPN,Gifu,,66312.0,1392769362
Yachimata,Yachimata,35.6667,140.3167,Japan,JP,JPN,Chiba,,66430.0,1392651190
Fukutsu,Fukutsu,33.7667,130.4833,Japan,JP,JPN,Fukuoka,,65770.0,1392003286
Saiki,Saiki,32.9667,131.9,Japan,JP,JPN,Ōita,,66497.0,1392471298
Shiojiri,Shiojiri,36.115,137.9534,Japan,JP,JPN,Nagano,,66181.0,1392508735
Ina,Ina,35.8275,137.954,Japan,JP,JPN,Nagano,,65670.0,1392422546
Itō,Ito,34.9657,139.1019,Japan,JP,JPN,Shizuoka,,64473.0,1392003261
Yanagawa,Yanagawa,33.1597,130.4081,Japan,JP,JPN,Fukuoka,,64120.0,1392003166
Miyoshi,Miyoshi,35.0894,137.0748,Japan,JP,JPN,Aichi,,62963.0,1392003202
Sodegaura,Sodegaura,35.43,139.9544,Japan,JP,JPN,Chiba,,63975.0,1392003058
Tamana,Tamana,32.9281,130.5594,Japan,JP,JPN,Kumamoto,,64206.0,1392407764
Tenri,Tenri,34.5967,135.8372,Japan,JP,JPN,Nara,,63760.0,1392003530
Asahi,Asahi,35.7167,140.65,Japan,JP,JPN,Chiba,,63507.0,1392803608
Tsuruga,Tsuruga,35.6452,136.0555,Japan,JP,JPN,Fukui,,63724.0,1392056382
Kurihara,Kurihara,38.7301,141.0215,Japan,JP,JPN,Miyagi,,63689.0,1392698850
Shiroi,Shiroi,35.7915,140.0563,Japan,JP,JPN,Chiba,,61673.0,1392006213
Nago,Nago,26.5917,127.9775,Japan,JP,JPN,Okinawa,,63060.0,1392102097
Kaga,Kaga,36.3028,136.315,Japan,JP,JPN,Ishikawa,,62997.0,1392003175
Kōshizuka,Koshizuka,32.886,130.7897,Japan,JP,JPN,Kumamoto,,61997.0,1392770525
Fujioka,Fujioka,36.2587,139.0746,Japan,JP,JPN,Gunma,,62608.0,1392000076
Tendō,Tendo,38.3623,140.3779,Japan,JP,JPN,Yamagata,,61981.0,1392389398
Itoman,Itoman,26.1236,127.6658,Japan,JP,JPN,Okinawa,,60903.0,1392029438
Ogōshi,Ogoshi,32.8833,130.7833,Japan,JP,JPN,Kumamoto,,61022.0,1392448942
Mitoyo,Mitoyo,34.1825,133.715,Japan,JP,JPN,Kagawa,,61838.0,1392003344
Hita,Hita,33.3167,130.9333,Japan,JP,JPN,Ōita,,61755.0,1392999996
Aisai,Aisai,35.1528,136.7282,Japan,JP,JPN,Aichi,,60914.0,1392254584
Tamba,Tamba,35.1833,135.0333,Japan,JP,JPN,Hyōgo,,60824.0,1392003340
Sennan,Sennan,34.3628,135.2761,Japan,JP,JPN,Ōsaka,,59634.0,1392003335
Koga,Koga,33.7333,130.4667,Japan,JP,JPN,Fukuoka,,59349.0,1392503917
Hashimoto,Hashimoto,34.3167,135.6,Japan,JP,JPN,Wakayama,,60058.0,1392655829
Yame,Yame,33.1994,130.5589,Japan,JP,JPN,Fukuoka,,60196.0,1392003211
Shimotsuke,Shimotsuke,36.3872,139.8421,Japan,JP,JPN,Tochigi,,59404.0,1392034271
Towada,Towada,40.6127,141.2059,Japan,JP,JPN,Aomori,,60063.0,1392003343
Sanyō-Onoda,Sanyo-Onoda,34.0,131.1833,Japan,JP,JPN,Yamaguchi,,59648.0,1392003502
Jōsō,Joso,36.0236,139.9938,Japan,JP,JPN,Ibaraki,,59223.0,1392553484
Ogōri,Ogori,33.4,130.55,Japan,JP,JPN,Fukuoka,,58322.0,1392003447
Kesennuma,Kesennuma,38.9081,141.5699,Japan,JP,JPN,Miyagi,,59341.0,1392003464
Hyūga,Hyuga,32.4167,131.6167,Japan,JP,JPN,Miyazaki,,59276.0,1392003479
Tahara,Tahara,34.6688,137.2809,Japan,JP,JPN,Aichi,,59015.0,1392243074
Chikuma,Chikuma,36.5339,138.12,Japan,JP,JPN,Nagano,,58755.0,1392003086
Shirakawa,Shirakawa,37.1263,140.2109,Japan,JP,JPN,Fukushima,,59044.0,1392881381
Chichibu,Chichibu,35.9918,139.0855,Japan,JP,JPN,Saitama,,59101.0,1392105662
Kitahiroshima,Kitahiroshima,42.9855,141.5631,Japan,JP,JPN,Hokkaidō,,58125.0,1392003254
Tokoname,Tokoname,34.8865,136.8323,Japan,JP,JPN,Aichi,,57507.0,1392719168
Date,Date,37.8191,140.563,Japan,JP,JPN,Fukushima,,58232.0,1392089091
Kokawa,Kokawa,34.2664,135.3653,Japan,JP,JPN,Wakayama,,58130.0,1392193996
Ishikari,Ishikari,43.1667,141.3167,Japan,JP,JPN,Hokkaidō,,58284.0,1392382929
Kosai,Kosai,34.7184,137.5316,Japan,JP,JPN,Shizuoka,,57682.0,1392881893
Choshi,Choshi,35.7346,140.8268,Japan,JP,JPN,Chiba,,57533.0,1392509915
Tōgane,Togane,35.5599,140.3661,Japan,JP,JPN,Chiba,,57560.0,1392535901
Mizuho,Mizuho,35.3918,136.6909,Japan,JP,JPN,Gifu,,56106.0,1392003071
Minokamo,Minokamo,35.4402,137.0157,Japan,JP,JPN,Gifu,,57007.0,1392923149
Uki,Uki,32.645,130.6864,Japan,JP,JPN,Kumamoto,,57096.0,1392003352
Kudamatsu,Kudamatsu,34.0167,131.8667,Japan,JP,JPN,Yamaguchi,,56661.0,1392936646
Kan’onjichō,Kan'onjicho,34.1272,133.6614,Japan,JP,JPN,Kagawa,,56639.0,1392669247
Tama,Tama,34.4886,133.9486,Japan,JP,JPN,Okayama,,56431.0,1392920586
Murakami,Murakami,38.224,139.48,Japan,JP,JPN,Niigata,,56713.0,1392955865
Nōgata,Nogata,33.7417,130.7322,Japan,JP,JPN,Fukuoka,,55705.0,1392996522
Takizawa,Takizawa,39.7347,141.0771,Japan,JP,JPN,Iwate,,56050.0,1392999985
Hidaka,Hidaka,35.9078,139.3391,Japan,JP,JPN,Saitama,,54728.0,1392984149
Toki,Toki,35.4192,137.1832,Japan,JP,JPN,Gifu,,55388.0,1392224930
Narutochō-mitsuishi,Narutocho-mitsuishi,34.1667,134.6167,Japan,JP,JPN,Tokushima,,55264.0,1392492030
Chino,Chino,35.9955,138.1588,Japan,JP,JPN,Nagano,,55018.0,1392143893
Konan,Konan,35.0,136.0833,Japan,JP,JPN,Shiga,,54392.0,1392003316
Funato,Funato,34.25,135.3167,Japan,JP,JPN,Wakayama,,53714.0,1392061989
Minamiuonuma,Minamiuonuma,37.0655,138.8761,Japan,JP,JPN,Niigata,,54820.0,1392003069
Sakurai,Sakurai,34.5167,135.85,Japan,JP,JPN,Nara,,54346.0,1392404351
Annaka,Annaka,36.3263,138.8871,Japan,JP,JPN,Gunma,,54607.0,1392614505
Nihonmatsu,Nihonmatsu,37.5849,140.4312,Japan,JP,JPN,Fukushima,,54447.0,1392003251
Sado,Sado,38.0183,138.3683,Japan,JP,JPN,Niigata,,54304.0,1392003124
Hanyū,Hanyu,36.1726,139.5485,Japan,JP,JPN,Saitama,,53431.0,1392690560
Hamada,Hamada,34.9,132.0833,Japan,JP,JPN,Shimane,,53753.0,1392003345
Naka,Naka,36.4574,140.4868,Japan,JP,JPN,Ibaraki,,53035.0,1392003137
Mutsu,Mutsu,41.2928,141.1836,Japan,JP,JPN,Aomori,,53393.0,1392177200
Tomiya,Tomiya,38.4,140.8833,Japan,JP,JPN,Miyagi,,51859.0,1392996342
Imarichō-kō,Imaricho-ko,33.2667,129.8833,Japan,JP,JPN,Saga,,52694.0,1392532933
Usa,Usa,33.532,131.3495,Japan,JP,JPN,Ōita,,52767.0,1392003321
Minami-Sōma,Minami-Soma,37.6422,140.9573,Japan,JP,JPN,Fukushima,,52619.0,1392151264
Miyakojima,Miyakojima,24.8056,125.2811,Japan,JP,JPN,Okinawa,,52390.0,1392003221
Izumi,Izumi,32.0833,130.35,Japan,JP,JPN,Kagoshima,,51893.0,1392003160
Bandō,Bando,36.0484,139.8887,Japan,JP,JPN,Ibaraki,,51511.0,1392946585
Tsukubamirai,Tsukubamirai,35.9631,140.037,Japan,JP,JPN,Ibaraki,,51134.0,1392787574
Arao,Arao,32.9833,130.4353,Japan,JP,JPN,Kumamoto,,50570.0,1392439718
Satte,Satte,36.0781,139.7259,Japan,JP,JPN,Saitama,,49961.0,1392499681
Hannan,Hannan,34.3597,135.2394,Japan,JP,JPN,Ōsaka,,49794.0,1392003274
Nanao,Nanao,37.0431,136.9674,Japan,JP,JPN,Ishikawa,,51001.0,1392003465
Sakaidechō,Sakaidecho,34.3167,133.8667,Japan,JP,JPN,Kagawa,,50577.0,1392517231
Yūki,Yuki,36.3055,139.8766,Japan,JP,JPN,Ibaraki,,50218.0,1392722230
Kyōtango,Kyotango,35.6242,135.0611,Japan,JP,JPN,Kyōto,,50857.0,1392003106
Miyako,Miyako,39.6414,141.9571,Japan,JP,JPN,Iwate,,50855.0,1392075695
Goshogawara,Goshogawara,40.808,140.4401,Japan,JP,JPN,Aomori,,50757.0,1392003155
Susono,Susono,35.1739,138.9068,Japan,JP,JPN,Shizuoka,,50510.0,1392001986
Nakagawa,Nakagawa,33.5,130.4167,Japan,JP,JPN,Fukuoka,,50186.0,1392003507
Higashiura,Higashiura,34.9771,136.9656,Japan,JP,JPN,Aichi,,49252.0,1392003377
Yasu,Yasu,35.0667,136.0333,Japan,JP,JPN,Shiga,,50049.0,1392205770
Nichinan,Nichinan,31.6022,131.38,Japan,JP,JPN,Miyazaki,,50518.0,1392942618
Kameyama,Kameyama,34.8558,136.4517,Japan,JP,JPN,Mie,,49971.0,1392003390
Miyoshi,Miyoshi,34.8,132.85,Japan,JP,JPN,Hiroshima,,50046.0,1392714419
Chikugo,Chikugo,33.2092,130.5044,Japan,JP,JPN,Fukuoka,,48794.0,1392003359
Noshiromachi,Noshiromachi,40.2121,140.0266,Japan,JP,JPN,Akita,,49625.0,1392645142
Tomisato,Tomisato,35.7,140.5667,Japan,JP,JPN,Chiba,,49470.0,1392179230
Suzaka,Suzaka,36.6511,138.3073,Japan,JP,JPN,Nagano,,49393.0,1392723213
Tōkamachi,Tokamachi,37.1333,138.75,Japan,JP,JPN,Niigata,,49472.0,1392044124
Hikari,Hikari,33.9619,131.9422,Japan,JP,JPN,Yamaguchi,,49013.0,1392832835
Asakura,Asakura,33.4167,130.6667,Japan,JP,JPN,Fukuoka,,49254.0,1392003100
Nomimachi,Nomimachi,36.447,136.5541,Japan,JP,JPN,Ishikawa,,48860.0,1392180005
Midori,Midori,36.3948,139.2811,Japan,JP,JPN,Gunma,,49190.0,1392999995
Yamaga,Yamaga,33.0169,130.6828,Japan,JP,JPN,Kumamoto,,48753.0,1392023870
Omitama,Omitama,36.2393,140.3526,Japan,JP,JPN,Ibaraki,,48555.0,1392354218
Suwa,Suwa,36.0391,138.114,Japan,JP,JPN,Nagano,,48309.0,1392189773
Ami,Ami,36.0308,140.2148,Japan,JP,JPN,Ibaraki,,48072.0,1392730678
Ōamishirasato,Oamishirasato,35.5167,140.3167,Japan,JP,JPN,Chiba,,47722.0,1392003188
Sanmu,Sanmu,35.6,140.4167,Japan,JP,JPN,Chiba,,48196.0,1392513684
Ishigaki,Ishigaki,24.3406,124.1556,Japan,JP,JPN,Okinawa,,48258.0,1392462580
Shimotsuchō-kominami,Shimotsucho-kominami,34.15,135.2167,Japan,JP,JPN,Wakayama,,47697.0,1392564881
Ena,Ena,35.4492,137.4128,Japan,JP,JPN,Gifu,,47999.0,1392686294
Okaya,Okaya,36.0671,138.0493,Japan,JP,JPN,Nagano,,47499.0,1392003120
Tonami,Tonami,36.6475,136.9622,Japan,JP,JPN,Toyama,,47638.0,1392414671
Higashine,Higashine,38.4313,140.3911,Japan,JP,JPN,Yamagata,,47747.0,1392717466
Takeochō-takeo,Takeocho-takeo,33.1947,130.0215,Japan,JP,JPN,Saga,,47681.0,1392009926
Ono,Ono,34.8497,134.9342,Japan,JP,JPN,Hyōgo,,47316.0,1392999991
Hitachi-ota,Hitachi-ota,36.5383,140.5309,Japan,JP,JPN,Ibaraki,,47586.0,1392794380
Kikugawa,Kikugawa,34.75,138.0833,Japan,JP,JPN,Shizuoka,,47194.0,1392787606
Nanto,Nanto,36.5878,136.9194,Japan,JP,JPN,Toyama,,47390.0,1392003431
Gosen,Gosen,37.7444,139.1826,Japan,JP,JPN,Niigata,,47262.0,1392762928
Tomioka,Tomioka,36.2599,138.8899,Japan,JP,JPN,Gunma,,46928.0,1392639316
Noboribetsu,Noboribetsu,42.4128,141.1066,Japan,JP,JPN,Hokkaidō,,46838.0,1392722896
Fujiyoshida,Fujiyoshida,35.4875,138.8077,Japan,JP,JPN,Yamanashi,,46659.0,1392003331
Sanuki,Sanuki,34.32,134.1794,Japan,JP,JPN,Kagawa,,46723.0,1392003130
Hioki,Hioki,31.6117,130.3731,Japan,JP,JPN,Kagoshima,,46671.0,1392003440
Shimeo,Shimeo,33.5914,130.4798,Japan,JP,JPN,Fukuoka,,46207.0,1392938801
Tamagawa,Tamagawa,33.6389,130.8061,Japan,JP,JPN,Fukuoka,,45946.0,1392705807
Izunokuni,Izunokuni,35.0333,138.9333,Japan,JP,JPN,Shizuoka,,46212.0,1392003298
Nakai,Nakai,33.5833,133.6333,Japan,JP,JPN,Kōchi,,46567.0,1392020842
Kurayoshi,Kurayoshi,35.4333,133.8167,Japan,JP,JPN,Tottori,,46269.0,1392359185
Kasaoka,Kasaoka,34.5039,133.51,Japan,JP,JPN,Okayama,,46080.0,1392085500
Takashima,Takashima,35.35,136.0333,Japan,JP,JPN,Shiga,,46246.0,1392048667
Kikuchi,Kikuchi,32.9833,130.8167,Japan,JP,JPN,Kumamoto,,45971.0,1392999989
Hokota,Hokota,36.1587,140.5164,Japan,JP,JPN,Ibaraki,,45910.0,1392374973
Shima,Shima,34.3333,136.8333,Japan,JP,JPN,Mie,,45834.0,1392981052
Kariya,Kariya,34.7517,134.3931,Japan,JP,JPN,Hyōgo,,45473.0,1392896537
Hokuto,Hokuto,41.8241,140.653,Japan,JP,JPN,Hokkaidō,,45661.0,1392000277
Kitakata,Kitakata,37.6511,139.8748,Japan,JP,JPN,Fukushima,,45590.0,1392003224
Numata,Numata,36.646,139.0442,Japan,JP,JPN,Gunma,,45132.0,1392003068
Sugito,Sugito,36.0258,139.7367,Japan,JP,JPN,Saitama,,43755.0,1392687302
Nanjō,Nanjo,26.1631,127.7706,Japan,JP,JPN,Okinawa,,44318.0,1392003136
Sakura,Sakura,36.6853,139.9664,Japan,JP,JPN,Tochigi,,44777.0,1392003217
Tateyama,Tateyama,34.9966,139.87,Japan,JP,JPN,Chiba,,44692.0,1392021641
Iwanuma,Iwanuma,38.1043,140.8702,Japan,JP,JPN,Miyagi,,44340.0,1392999998
Nagaizumi,Nagaizumi,35.1377,138.8972,Japan,JP,JPN,Shizuoka,,43204.0,1392999980
Taketoyo,Taketoyo,34.8511,136.9147,Japan,JP,JPN,Aichi,,43095.0,1392393815
Kikuyō,Kikuyo,32.8625,130.8287,Japan,JP,JPN,Kumamoto,,43443.0,1392003170
Masuda,Masuda,34.6667,131.85,Japan,JP,JPN,Shimane,,44474.0,1392671725
Ogimachi,Ogimachi,33.25,130.2,Japan,JP,JPN,Saga,,43787.0,1392963312
Hagi,Hagi,34.4,131.4,Japan,JP,JPN,Yamaguchi,,44118.0,1392685567
Otofuke,Otofuke,42.9942,143.1981,Japan,JP,JPN,Hokkaidō,,44049.0,1392138807
Goshikichō-aihara-minamidani,Goshikicho-aihara-minamidani,34.3,134.7833,Japan,JP,JPN,Hyōgo,,43914.0,1392800899
Himi,Himi,36.8567,136.9731,Japan,JP,JPN,Toyama,,43747.0,1392258347
Yatomi,Yatomi,35.1167,136.7167,Japan,JP,JPN,Aichi,,43038.0,1392003504
Taniyama-chūō,Taniyama-chuo,31.5211,130.5176,Japan,JP,JPN,Kagoshima,,42683.0,1392409651
Shinshiro,Shinshiro,34.9159,137.4986,Japan,JP,JPN,Aichi,,43620.0,1392488920
Hokuto,Hokuto,35.7765,138.4236,Japan,JP,JPN,Yamanashi,,43452.0,1392003315
Makinohara,Makinohara,34.7333,138.2167,Japan,JP,JPN,Shizuoka,,43061.0,1392331994
Shimabara,Shimabara,32.7878,130.3697,Japan,JP,JPN,Nagasaki,,42858.0,1392371558
Kōta,Kota,34.8645,137.1658,Japan,JP,JPN,Aichi,,42523.0,1392003243
Kobayashi,Kobayashi,31.9944,130.9517,Japan,JP,JPN,Miyazaki,,43114.0,1392148091
Miura,Miura,35.15,139.6167,Japan,JP,JPN,Kanagawa,,41807.0,1392001356
Awaji,Awaji,34.4333,134.9167,Japan,JP,JPN,Hyōgo,,42597.0,1392003425
Obita,Obita,32.8252,129.8751,Japan,JP,JPN,Nagasaki,,41341.0,1392972610
Kasai,Kasai,34.9333,134.8333,Japan,JP,JPN,Hyōgo,,42290.0,1392003357
Akaiwa,Akaiwa,34.7553,134.0189,Japan,JP,JPN,Okayama,,42341.0,1392003260
Futtsu,Futtsu,35.3041,139.857,Japan,JP,JPN,Chiba,,42280.0,1392321461
Nakano,Nakano,36.742,138.3694,Japan,JP,JPN,Nagano,,41972.0,1392139023
Maniwa,Maniwa,35.0758,133.7525,Japan,JP,JPN,Okayama,,42259.0,1392003241
Minamishimabara,Minamishimabara,32.6667,130.3,Japan,JP,JPN,Nagasaki,,41903.0,1392999974
Shimotsuma,Shimotsuma,36.1844,139.9675,Japan,JP,JPN,Ibaraki,,41499.0,1392100062
Nanbei,Nanbei,35.3167,139.1,Japan,JP,JPN,Kanagawa,,41259.0,1392514585
Yuzawa,Yuzawa,39.1641,140.4948,Japan,JP,JPN,Akita,,41601.0,1392884972
Masaki,Masaki,33.7833,132.7167,Japan,JP,JPN,Ehime,,39681.0,1392691084
Kitaibaraki,Kitaibaraki,36.8019,140.751,Japan,JP,JPN,Ibaraki,,41352.0,1392092741
Komoro,Komoro,36.3275,138.4258,Japan,JP,JPN,Nagano,,41066.0,1392003412
Sumoto,Sumoto,34.35,134.9,Japan,JP,JPN,Hyōgo,,41056.0,1392003227
Unzen,Unzen,32.8353,130.1875,Japan,JP,JPN,Nagasaki,,41018.0,1392003351
Amami,Amami,28.3783,129.4944,Japan,JP,JPN,Okinawa,,41049.0,1392003169
Uozu,Uozu,36.8273,137.4092,Japan,JP,JPN,Toyama,,40828.0,1392003458
Katō,Kato,34.9167,134.9667,Japan,JP,JPN,Hyōgo,,40728.0,1392003309
Yomitan,Yomitan,26.3961,127.7444,Japan,JP,JPN,Okinawa,,39791.0,1392003512
Komono,Komono,35.02,136.5075,Japan,JP,JPN,Mie,,40329.0,1392136117
Agano,Agano,37.8344,139.226,Japan,JP,JPN,Niigata,,40382.0,1392003064
Aizawa,Aizawa,35.5288,139.3216,Japan,JP,JPN,Kanagawa,,39260.0,1392673347
Ōzu,Ozu,33.5,132.55,Japan,JP,JPN,Ehime,,40289.0,1392217388
Itoigawa,Itoigawa,37.039,137.8627,Japan,JP,JPN,Niigata,,40200.0,1392314083
Kasumigaura,Kasumigaura,36.1517,140.2371,Japan,JP,JPN,Ibaraki,,39993.0,1392054909
Sagae,Sagae,38.3809,140.276,Japan,JP,JPN,Yamagata,,39854.0,1392838148
Kurobeshin,Kurobeshin,36.8667,137.45,Japan,JP,JPN,Toyama,,39718.0,1392968736
Mibu,Mibu,36.4422,139.8147,Japan,JP,JPN,Tochigi,,39151.0,1392551265
Takikawa,Takikawa,43.5578,141.9104,Japan,JP,JPN,Hokkaidō,,39266.0,1392063126
Mitsuke,Mitsuke,37.5316,138.9127,Japan,JP,JPN,Niigata,,39024.0,1392999982
Shibata,Shibata,38.0566,140.7658,Japan,JP,JPN,Miyagi,,38638.0,1392003080
Tamba-Sasayama,Tamba-Sasayama,35.0725,135.2219,Japan,JP,JPN,Hyōgo,,39245.0,1392003223
Higashimatsushima,Higashimatsushima,38.4263,141.2104,Japan,JP,JPN,Miyagi,,38880.0,1392705600
Inashiki,Inashiki,35.9565,140.3239,Japan,JP,JPN,Ibaraki,,38853.0,1392230730
Yoshinogawa,Yoshinogawa,34.0631,134.3614,Japan,JP,JPN,Tokushima,,38726.0,1392003198
Umi,Umi,33.5675,130.5111,Japan,JP,JPN,Fukuoka,,37713.0,1392401859
Hitachiomiya,Hitachiomiya,36.5425,140.4109,Japan,JP,JPN,Ibaraki,,38836.0,1392000308
Ōmagari,Omagari,39.4531,140.4754,Japan,JP,JPN,Akita,,38794.0,1392052360
Sakuragawa,Sakuragawa,36.3273,140.0906,Japan,JP,JPN,Ibaraki,,38677.0,1392000708
Ibusuki,Ibusuki,31.2528,130.6331,Japan,JP,JPN,Kagoshima,,38571.0,1392003168
Gujō,Gujo,35.7486,136.9643,Japan,JP,JPN,Gifu,,38747.0,1392159452
Nishiwaki,Nishiwaki,34.9903,134.9722,Japan,JP,JPN,Hyōgo,,38479.0,1392948535
Tōkai,Tokai,36.473,140.5661,Japan,JP,JPN,Ibaraki,,37700.0,1392003127
Misawa,Misawa,40.6831,141.3691,Japan,JP,JPN,Aomori,,38351.0,1392268760
Ibara,Ibara,34.6,133.4667,Japan,JP,JPN,Okayama,,38236.0,1392000586
Katsuragi,Katsuragi,34.4833,135.7333,Japan,JP,JPN,Nara,,37225.0,1392516369
Maibara,Maibara,35.3167,136.2833,Japan,JP,JPN,Shiga,,37374.0,1392812033
Tamamura,Tamamura,36.3044,139.1149,Japan,JP,JPN,Gunma,,36041.0,1392003541
Seika,Seika,34.7667,135.7833,Japan,JP,JPN,Kyōto,,35951.0,1392999997
Kannan,Kannan,35.0889,138.9534,Japan,JP,JPN,Shizuoka,,36607.0,1392155353
Tsubata,Tsubata,36.6692,136.7288,Japan,JP,JPN,Ishikawa,,36728.0,1392195926
Fuchūchō,Fuchucho,34.565,133.2419,Japan,JP,JPN,Hiroshima,,36754.0,1392822358
Sōma,Soma,37.7967,140.9196,Japan,JP,JPN,Fukushima,,36752.0,1392003527
Mizunami,Mizunami,35.3618,137.2545,Japan,JP,JPN,Gifu,,36721.0,1392283682
Komatsushimachō,Komatsushimacho,34.0003,134.5844,Japan,JP,JPN,Tokushima,,36123.0,1392858240
Kanada,Kanada,33.776,130.9805,Japan,JP,JPN,Fukuoka,,36075.0,1392483747
Yasugichō,Yasugicho,35.4283,133.2536,Japan,JP,JPN,Shimane,,36713.0,1392750514
Uto,Uto,32.6828,130.6669,Japan,JP,JPN,Kumamoto,,35947.0,1392003208
Morohongō,Morohongo,35.9415,139.316,Japan,JP,JPN,Saitama,,35370.0,1392302813
Rifu,Rifu,38.3303,140.9759,Japan,JP,JPN,Miyagi,,35521.0,1392894446
Aţ Ţurrah,At Turrah,32.6368,35.99,Jordan,JO,JOR,Irbid,,34948.0,1400078308
Miyajima,Miyajima,33.15,130.4667,Japan,JP,JPN,Kumamoto,,35665.0,1392131326
Setouchi,Setouchi,34.6667,134.1,Japan,JP,JPN,Okayama,,35624.0,1392003436
Atami,Atami,35.096,139.0716,Japan,JP,JPN,Shizuoka,,35276.0,1392990970
Usuki,Usuki,33.1333,131.8,Japan,JP,JPN,Ōita,,35681.0,1392521875
Isumi,Isumi,35.2539,140.3852,Japan,JP,JPN,Chiba,,35570.0,1392003275
Al Ḩişn,Al Hisn,32.4583,35.8583,Jordan,JO,JOR,Irbid,minor,35085.0,1400378169
Minami-Bōsō,Minami-Boso,35.0432,139.84,Japan,JP,JPN,Chiba,,35454.0,1392515382
Ōfunato,Ofunato,39.068,141.7252,Japan,JP,JPN,Iwate,,35452.0,1392009967
Kahoku,Kahoku,36.7198,136.7067,Japan,JP,JPN,Ishikawa,,34936.0,1392426434
Kamata,Kamata,33.5632,130.7118,Japan,JP,JPN,Fukuoka,,35208.0,1392357723
Unnan,Unnan,35.2833,132.9,Japan,JP,JPN,Shimane,,35366.0,1392003098
Ōzu,Ozu,32.879,130.8683,Japan,JP,JPN,Kumamoto,,34975.0,1392068009
Tamura,Tamura,37.4333,140.5667,Japan,JP,JPN,Fukushima,,35042.0,1392003531
Iyo,Iyo,33.75,132.7,Japan,JP,JPN,Ehime,,34927.0,1392849626
Seiyo,Seiyo,33.3628,132.5108,Japan,JP,JPN,Ehime,,34898.0,1392003249
Sōsa,Sosa,35.7075,140.5642,Japan,JP,JPN,Chiba,,34427.0,1392454467
Shingū,Shingu,33.7153,130.4465,Japan,JP,JPN,Fukuoka,,33017.0,1392392982
Awa,Awa,34.1014,134.2964,Japan,JP,JPN,Tokushima,,34569.0,1392003305
Abashiri,Abashiri,44.0167,144.2667,Japan,JP,JPN,Hokkaidō,,34640.0,1392204790
Ofunato,Ofunato,39.0819,141.7086,Japan,JP,JPN,Iwate,,34568.0,1392003522
Gotō,Goto,32.7,128.8333,Japan,JP,JPN,Nagasaki,,34425.0,1392003394
Inabe,Inabe,35.1156,136.5614,Japan,JP,JPN,Mie,,34323.0,1392110591
Shinjō,Shinjo,38.7667,140.3,Japan,JP,JPN,Yamagata,,34284.0,1392003420
Tōon,Toon,33.7833,132.8667,Japan,JP,JPN,Ehime,,34195.0,1392003399
Shisō,Shiso,35.0,134.55,Japan,JP,JPN,Hyōgo,,34116.0,1392003057
Uonuma,Uonuma,37.2301,138.9615,Japan,JP,JPN,Niigata,,34112.0,1392915660
Mizuho,Mizuho,35.772,139.354,Japan,JP,JPN,Saitama,,32108.0,1392003072
Ojiya,Ojiya,37.3144,138.7951,Japan,JP,JPN,Niigata,,33729.0,1392003354
Ōno,Ono,35.9797,136.4875,Japan,JP,JPN,Fukui,,33640.0,1392027459
Sakaiminato,Sakaiminato,35.5333,133.2333,Japan,JP,JPN,Shimane,,32503.0,1392354466
Ōsawa,Osawa,33.2,130.3833,Japan,JP,JPN,Fukuoka,,32609.0,1392646983
Taishi,Taishi,34.8333,134.5724,Japan,JP,JPN,Hyōgo,,33321.0,1392003237
Date,Date,42.4719,140.8647,Japan,JP,JPN,Hokkaidō,,33404.0,1392999978
Shōbara,Shobara,34.8544,133.0192,Japan,JP,JPN,Hiroshima,,33409.0,1392341787
Hayama,Hayama,35.2725,139.5861,Japan,JP,JPN,Kanagawa,,31546.0,1392003406
Watari,Watari,38.0442,140.8676,Japan,JP,JPN,Miyagi,,32846.0,1392003535
Minamikyūshū,Minamikyushu,31.3778,130.4419,Japan,JP,JPN,Kagoshima,,33115.0,1392003265
Asakuchi,Asakuchi,34.5247,133.5875,Japan,JP,JPN,Okayama,,32669.0,1392999990
Shimotoba,Shimotoba,34.8838,135.663,Japan,JP,JPN,Kyōto,,31292.0,1392825221
Kamaishi,Kamaishi,39.2758,141.8857,Japan,JP,JPN,Iwate,,33061.0,1392589485
Bungoōno,Bungoono,32.9833,131.5833,Japan,JP,JPN,Ōita,,33066.0,1392003478
Mashiki,Mashiki,32.8006,130.817,Japan,JP,JPN,Kumamoto,,32587.0,1392833070
Wakabadai,Wakabadai,45.4156,141.6731,Japan,JP,JPN,Hokkaidō,,33036.0,1392002486
Yamanashi,Yamanashi,35.6934,138.6869,Japan,JP,JPN,Yamanashi,,32925.0,1392003165
Sō,So,31.6536,131.0194,Japan,JP,JPN,Kagoshima,,32849.0,1392003153
Ōiso,Oiso,35.3069,139.3113,Japan,JP,JPN,Kanagawa,,31121.0,1392342585
Kuji,Kuji,40.1905,141.7757,Japan,JP,JPN,Iwate,,32813.0,1392882660
Yufu,Yufu,33.1833,131.4333,Japan,JP,JPN,Ōita,,32698.0,1392003544
Kaizu,Kaizu,35.2206,136.6365,Japan,JP,JPN,Gifu,,32493.0,1392269681
Motosu,Motosu,35.483,136.6786,Japan,JP,JPN,Gifu,,32664.0,1392598380
Shiroishi,Shiroishi,38.0025,140.6197,Japan,JP,JPN,Miyagi,,32570.0,1392860584
Yorii,Yorii,36.1183,139.193,Japan,JP,JPN,Saitama,,32172.0,1392564179
Minamisatsuma,Minamisatsuma,31.4169,130.3228,Japan,JP,JPN,Kagoshima,,32503.0,1392999973
Shimanto,Shimanto,33.0,132.9333,Japan,JP,JPN,Kōchi,,32551.0,1392003113
Tawaramoto,Tawaramoto,34.5566,135.795,Japan,JP,JPN,Nara,,30950.0,1392169878
Zentsujichó,Zentsujicho,34.2167,133.7833,Japan,JP,JPN,Kagawa,,31620.0,1392897802
Kōnan,Konan,33.5667,133.7,Japan,JP,JPN,Kōchi,,32123.0,1392003317
Namerikawa,Namerikawa,36.7644,137.3412,Japan,JP,JPN,Toyama,,32317.0,1392003318
Shimizuchō,Shimizucho,35.099,138.9029,Japan,JP,JPN,Shizuoka,,31652.0,1392909115
Nagato,Nagato,34.3722,131.1833,Japan,JP,JPN,Yamaguchi,,32183.0,1392904724
Bizen,Bizen,34.7453,134.1889,Japan,JP,JPN,Okayama,,32077.0,1392003450
Ōdachō-ōda,Odacho-oda,35.1833,132.5,Japan,JP,JPN,Shimane,,32102.0,1392184583
Shima,Shima,39.5544,141.1555,Japan,JP,JPN,Iwate,,32036.0,1392952545
Yaese,Yaese,26.1582,127.7186,Japan,JP,JPN,Okinawa,,30974.0,1392003385
Chūō,Chuo,35.5996,138.6339,Japan,JP,JPN,Yamanashi,,31053.0,1392999994
Namegata,Namegata,35.9905,140.489,Japan,JP,JPN,Ibaraki,,31828.0,1392906263
Komagane,Komagane,35.7288,137.9339,Japan,JP,JPN,Nagano,,31763.0,1392438911
Sasaguri,Sasaguri,33.6239,130.5262,Japan,JP,JPN,Fukuoka,,31092.0,1392528017
Katagami,Katagami,39.8832,139.9886,Japan,JP,JPN,Akita,,31558.0,1392973238
Kuroishi,Kuroishi,40.6426,140.6113,Japan,JP,JPN,Aomori,,31604.0,1392880554
Maebara,Maebara,35.114,140.0989,Japan,JP,JPN,Chiba,,31554.0,1392895244
Ayabe,Ayabe,35.3,135.2667,Japan,JP,JPN,Kyōto,,31537.0,1392801118
Yawatahama-shi,Yawatahama-shi,33.4667,132.4167,Japan,JP,JPN,Ehime,minor,31363.0,1392674556
Ibaraki,Ibaraki,36.2869,140.4245,Japan,JP,JPN,Ibaraki,,31278.0,1392003422
Okagaki,Okagaki,33.8536,130.6111,Japan,JP,JPN,Fukuoka,,30891.0,1392003395
Hitoyoshi,Hitoyoshi,32.2167,130.75,Japan,JP,JPN,Kumamoto,,31332.0,1392003176
Kaminokawa,Kaminokawa,36.4393,139.9099,Japan,JP,JPN,Tochigi,,30886.0,1392906156
Yaita,Yaita,36.8067,139.9241,Japan,JP,JPN,Tochigi,,31145.0,1392031620
Nantan,Nantan,35.1,135.4667,Japan,JP,JPN,Kyōto,,31075.0,1392003194
Omaezaki,Omaezaki,34.6379,138.1281,Japan,JP,JPN,Shizuoka,,30562.0,1392319177
Kamisato,Kamisato,36.2516,139.1447,Japan,JP,JPN,Saitama,,29987.0,1392003248
Inami,Inami,34.7488,134.9135,Japan,JP,JPN,Hyōgo,,30148.0,1392003476
Kanzakimachi-kanzaki,Kanzakimachi-kanzaki,33.3167,130.3667,Japan,JP,JPN,Saga,,30686.0,1392684338
Tsuruno,Tsuruno,40.8087,140.3801,Japan,JP,JPN,Aomori,,30760.0,1392798246
Yanai,Yanai,33.9667,132.1167,Japan,JP,JPN,Yamaguchi,,30461.0,1392003062
Yunoshima,Yunoshima,35.8059,137.2441,Japan,JP,JPN,Gifu,,30641.0,1392006188
Motomiya,Motomiya,37.5132,140.3938,Japan,JP,JPN,Fukushima,,30253.0,1392717520
Nanyō,Nanyo,38.0551,140.1476,Japan,JP,JPN,Yamagata,,30343.0,1392003388
Ono,Ono,35.9797,136.4875,Japan,JP,JPN,Fukui,,30449.0,1392999992
Hirakawachō,Hirakawacho,40.5841,140.5665,Japan,JP,JPN,Aomori,,30326.0,1392839223
Togitsu,Togitsu,32.8289,129.8486,Japan,JP,JPN,Nagasaki,,29025.0,1392037686
Tsuru,Tsuru,35.5515,138.9054,Japan,JP,JPN,Yamanashi,,30193.0,1392003063
Myōkō,Myoko,37.0252,138.2535,Japan,JP,JPN,Niigata,,30300.0,1392003161
Dayr Abū Sa‘īd,Dayr Abu Sa`id,32.5025,35.6922,Jordan,JO,JOR,Irbid,minor,29590.0,1400352428
Matsubushi,Matsubushi,35.9258,139.8152,Japan,JP,JPN,Saitama,,28494.0,1392883192
Sue,Sue,33.5872,130.5072,Japan,JP,JPN,Fukuoka,,28489.0,1392341153
Yoshida,Yoshida,34.7709,138.252,Japan,JP,JPN,Shizuoka,,28811.0,1392003313
Chikuzen,Chikuzen,33.457,130.5952,Japan,JP,JPN,Fukuoka,,29608.0,1392999988
Inagawa,Inagawa,34.8951,135.3761,Japan,JP,JPN,Hyōgo,,29571.0,1392003473
Kitaakita,Kitaakita,40.226,140.3708,Japan,JP,JPN,Akita,,29696.0,1392003362
Takanezawa,Takanezawa,36.631,139.9865,Japan,JP,JPN,Tochigi,,29123.0,1392003299
Tōmi,Tomi,36.3594,138.3304,Japan,JP,JPN,Nagano,,29213.0,1392003077
Shibushi,Shibushi,31.5,131.05,Japan,JP,JPN,Kagoshima,,29267.0,1392003073
Agui,Agui,34.9329,136.9153,Japan,JP,JPN,Aichi,,28176.0,1392003310
Kaminoyama,Kaminoyama,38.1496,140.2679,Japan,JP,JPN,Yamagata,,29141.0,1392003302
Ikaruga,Ikaruga,34.6088,135.7306,Japan,JP,JPN,Nara,,27330.0,1392003493
Kōshū,Koshu,35.7043,138.7294,Japan,JP,JPN,Yamanashi,,29017.0,1392003139
Old Harbour,Old Harbour,17.9333,-77.1167,Jamaica,JM,JAM,Saint Catherine,,28665.0,1388632984
Nirasaki,Nirasaki,35.7089,138.4461,Japan,JP,JPN,Yamanashi,,28896.0,1392409307
Hanawa,Hanawa,40.2158,140.7884,Japan,JP,JPN,Akita,,28929.0,1392488669
Hirado,Hirado,33.3667,129.55,Japan,JP,JPN,Nagasaki,minor,28822.0,1392812578
Takahashi,Takahashi,34.7914,133.6164,Japan,JP,JPN,Okayama,,28825.0,1392003457
Asago,Asago,35.3333,134.85,Japan,JP,JPN,Hyōgo,,28802.0,1392003122
Ogawa,Ogawa,36.0567,139.2618,Japan,JP,JPN,Saitama,,28386.0,1392897605
Oyabe,Oyabe,36.6755,136.8687,Japan,JP,JPN,Toyama,,28634.0,1392185523
Saito,Saito,32.1167,131.4,Japan,JP,JPN,Miyazaki,,28618.0,1392000777
Aioi,Aioi,34.8,134.4667,Japan,JP,JPN,Hyōgo,,28350.0,1392132001
Izu,Izu,34.9765,138.9468,Japan,JP,JPN,Shizuoka,,28493.0,1392453323
Tsushima,Tsushima,34.2,129.2833,Japan,JP,JPN,Nagasaki,,28456.0,1392003427
Higashikagawa,Higashikagawa,34.25,134.3667,Japan,JP,JPN,Kagawa,,28305.0,1392003245
Taiwa,Taiwa,38.4373,140.8864,Japan,JP,JPN,Miyagi,,28307.0,1392003533
AshShajarah,AshShajarah,32.6417,35.9417,Jordan,JO,JOR,Irbid,,27902.0,1400450578
Hiji,Hiji,33.3694,131.5324,Japan,JP,JPN,Ōita,,27887.0,1392251373
Obama,Obama,35.4957,135.7466,Japan,JP,JPN,Fukui,,28142.0,1392050824
Honchō,Honcho,41.8957,140.6944,Japan,JP,JPN,Hokkaidō,,28073.0,1392772650
Mima,Mima,34.05,134.1667,Japan,JP,JPN,Tokushima,,28087.0,1392003474
Tainai,Tainai,38.0597,139.4103,Japan,JP,JPN,Niigata,,28004.0,1392439704
Yahaba,Yahaba,39.606,141.1429,Japan,JP,JPN,Iwate,,27638.0,1392003189
Kakuda,Kakuda,37.977,140.7821,Japan,JP,JPN,Miyagi,,27848.0,1392278934
Hikawa,Hikawa,35.3929,132.8432,Japan,JP,JPN,Shimane,,27641.0,1392003296
Kashima,Kashima,33.1036,130.0989,Japan,JP,JPN,Saga,,27710.0,1392003378
Ōuda-yamaguchi,Ouda-yamaguchi,34.5167,135.9667,Japan,JP,JPN,Nara,,27747.0,1392926898
Uchinada,Uchinada,36.6536,136.645,Japan,JP,JPN,Ishikawa,,26503.0,1392003199
Kitsuki,Kitsuki,33.4167,131.6167,Japan,JP,JPN,Ōita,,27668.0,1392339287
Itako,Itako,35.9471,140.5554,Japan,JP,JPN,Ibaraki,,27373.0,1392908453
Ukiha,Ukiha,33.35,130.75,Japan,JP,JPN,Fukuoka,,27474.0,1392003451
Gojō,Gojo,34.3486,135.6964,Japan,JP,JPN,Nara,,27578.0,1392081561
Mu’tah,Mu'tah,31.1,35.7,Jordan,JO,JOR,Al Karak,,27426.0,1400088878
Niimi,Niimi,34.9739,133.4731,Japan,JP,JPN,Okayama,,27526.0,1392904313
Takahagi,Takahagi,36.7192,140.7167,Japan,JP,JPN,Ibaraki,,27251.0,1392592116
Awara,Awara,36.2113,136.229,Japan,JP,JPN,Fukui,,27107.0,1392157496
Ichikikushikino,Ichikikushikino,31.7167,130.2667,Japan,JP,JPN,Kagoshima,,27080.0,1392003195
Akitakata,Akitakata,34.6631,132.7064,Japan,JP,JPN,Hiroshima,,27249.0,1392003327
Miki,Miki,34.2682,134.1344,Japan,JP,JPN,Kagawa,,26859.0,1392000455
Nayoro,Nayoro,44.3559,142.4632,Japan,JP,JPN,Hokkaidō,,27062.0,1392003247
Tarui,Tarui,35.3663,136.5379,Japan,JP,JPN,Gifu,,26558.0,1392301201
Yōrō,Yoro,35.3084,136.5614,Japan,JP,JPN,Gifu,,26565.0,1392003218
Miyanaga,Miyanaga,33.7167,130.6667,Japan,JP,JPN,Fukuoka,,26690.0,1392770083
Ōtake,Otake,34.2333,132.2167,Japan,JP,JPN,Hiroshima,,26458.0,1392671781
Tōin,Toin,35.0741,136.5836,Japan,JP,JPN,Mie,,25658.0,1392003067
Shingū,Shingu,33.7167,136.0,Japan,JP,JPN,Mie,,26628.0,1392301953
Makubetsu,Makubetsu,42.9085,143.3561,Japan,JP,JPN,Hokkaidō,,26444.0,1392003307
Ōra,Ora,36.2524,139.4623,Japan,JP,JPN,Gunma,,25623.0,1392001653
Arida,Arida,34.0833,135.1333,Japan,JP,JPN,Wakayama,,25737.0,1392003442
Kami,Kami,33.6,133.6833,Japan,JP,JPN,Kōchi,,26376.0,1392003485
Saikaichō-kobagō,Saikaicho-kobago,32.9333,129.65,Japan,JP,JPN,Nagasaki,,26188.0,1392114454
Ōguchi,Oguchi,35.3325,136.9078,Japan,JP,JPN,Aichi,,24234.0,1392003283
Nagai,Nagai,38.1075,140.0405,Japan,JP,JPN,Yamagata,,25836.0,1392003142
Tosa,Tosa,33.5,133.4333,Japan,JP,JPN,Kōchi,,25665.0,1392003205
Ōmachi,Omachi,36.503,137.8511,Japan,JP,JPN,Nagano,,25883.0,1392979595
Miyaki,Miyaki,33.3249,130.4546,Japan,JP,JPN,Saga,,25386.0,1392003521
Kunisakimachi-tsurugawa,Kunisakimachi-tsurugawa,33.5653,131.7311,Japan,JP,JPN,Ōita,,25790.0,1392098659
Ureshinomachi-shimojuku,Ureshinomachi-shimojuku,33.1333,130.0667,Japan,JP,JPN,Saga,,25593.0,1392832096
Nogi,Nogi,36.2332,139.7407,Japan,JP,JPN,Tochigi,,24903.0,1392003268
Ishii,Ishii,34.0742,134.4406,Japan,JP,JPN,Tokushima,,24856.0,1392141128
Mimata,Mimata,31.7307,131.125,Japan,JP,JPN,Miyazaki,,25474.0,1392003371
Fujikawaguchiko,Fujikawaguchiko,35.4973,138.7549,Japan,JP,JPN,Yamanashi,,25495.0,1392003259
Ash Shūnah ash Shamālīyah,Ash Shunah ash Shamaliyah,32.61,35.6081,Jordan,JO,JOR,Irbid,minor,25000.0,1400135383
Mimasaka,Mimasaka,35.0086,134.1486,Japan,JP,JPN,Okayama,,25497.0,1392001207
Yamagata,Yamagata,35.5061,136.7811,Japan,JP,JPN,Gifu,,25325.0,1392860202
Aridagawa,Aridagawa,34.0575,135.2162,Japan,JP,JPN,Wakayama,,25169.0,1392003510
Tōno,Tono,39.3279,141.5334,Japan,JP,JPN,Iwate,,25181.0,1392078638
Minowa,Minowa,35.915,137.9819,Japan,JP,JPN,Nagano,,24887.0,1392003517
Ninohe,Ninohe,40.2713,141.3048,Japan,JP,JPN,Iwate,,25083.0,1392003135
Kamo,Kamo,37.6663,139.0402,Japan,JP,JPN,Niigata,,25086.0,1392480203
Tateyama,Tateyama,36.6636,137.3137,Japan,JP,JPN,Toyama,,24996.0,1392003449
Iki,Iki,33.7497,129.6914,Japan,JP,JPN,Nagasaki,,24873.0,1392003437
Nemuro,Nemuro,43.3301,145.5829,Japan,JP,JPN,Hokkaidō,,24858.0,1392003428
Aso,Aso,32.9483,131.1239,Japan,JP,JPN,Kumamoto,,24820.0,1392003066
Oga,Oga,39.8868,139.8476,Japan,JP,JPN,Akita,,24690.0,1392185256
Oirase,Oirase,40.5992,141.3977,Japan,JP,JPN,Aomori,,24407.0,1392003070
Gose,Gose,34.4667,135.7333,Japan,JP,JPN,Nara,,24317.0,1392003367
Nasukarasuyama,Nasukarasuyama,36.6569,140.1514,Japan,JP,JPN,Tochigi,,24456.0,1392480551
Buzen,Buzen,33.6167,131.1333,Japan,JP,JPN,Fukuoka,,24369.0,1392003411
Sakai,Sakai,36.1085,139.7949,Japan,JP,JPN,Ibaraki,,24035.0,1392827163
Senboku,Senboku,39.7017,140.7315,Japan,JP,JPN,Akita,,24515.0,1392802025
Ōgawara,Ogawara,38.0494,140.7308,Japan,JP,JPN,Miyagi,,23586.0,1392003441
Isa,Isa,32.0572,130.6131,Japan,JP,JPN,Kagoshima,,24131.0,1392003324
Kamiamakusa,Kamiamakusa,32.5,130.4167,Japan,JP,JPN,Kumamoto,,23973.0,1392003074
Misato,Misato,38.5444,141.0567,Japan,JP,JPN,Miyagi,,23796.0,1392003276
Yugawara,Yugawara,35.1479,139.1083,Japan,JP,JPN,Kanagawa,,23480.0,1392003107
Wajimazakimachi,Wajimazakimachi,37.3906,136.8992,Japan,JP,JPN,Ishikawa,,23906.0,1392449990
Ikeda,Ikeda,35.4423,136.573,Japan,JP,JPN,Gifu,,23310.0,1392003225
Nyūzen,Nyuzen,36.9335,137.5021,Japan,JP,JPN,Toyama,,23537.0,1392959152
Takehara,Takehara,34.3333,132.9167,Japan,JP,JPN,Hiroshima,,23631.0,1392241539
Hachimantai,Hachimantai,39.9561,141.0711,Japan,JP,JPN,Iwate,,23742.0,1392427072
Tadotsu,Tadotsu,34.2729,133.7586,Japan,JP,JPN,Kagawa,,22813.0,1392003312
Miyoshi,Miyoshi,34.026,133.8072,Japan,JP,JPN,Tokushima,,23500.0,1392003203
Nasu,Nasu,37.0198,140.121,Japan,JP,JPN,Tochigi,,23435.0,1392003453
Kumano,Kumano,34.3358,132.5847,Japan,JP,JPN,Hiroshima,,22760.0,1392003231
Nakagusuku,Nakagusuku,26.2678,127.7914,Japan,JP,JPN,Okinawa,,21924.0,1392003297
Yoshioka,Yoshioka,36.4474,139.0097,Japan,JP,JPN,Gunma,,22234.0,1392003196
Minamata,Minamata,32.2167,130.4,Japan,JP,JPN,Kumamoto,,23155.0,1392003179
Mine,Mine,34.1631,131.2083,Japan,JP,JPN,Yamaguchi,,23236.0,1392003146
Gobō,Gobo,33.8833,135.15,Japan,JP,JPN,Wakayama,,22744.0,1392651383
Nakashunbetsu,Nakashunbetsu,43.5552,144.9714,Japan,JP,JPN,Hokkaidō,,23211.0,1392557467
Linstead,Linstead,18.1368,-77.0317,Jamaica,JM,JAM,Saint Catherine,,22757.0,1388611853
Nikaho,Nikaho,39.203,139.9077,Japan,JP,JPN,Akita,,22981.0,1392175644
Meiwa,Meiwa,34.55,136.6167,Japan,JP,JPN,Mie,,22523.0,1392003513
Ōno,Ono,35.4706,136.6276,Japan,JP,JPN,Gifu,,22375.0,1392999993
Al Fuḩayş,Al Fuhays,32.0167,35.7667,Jordan,JO,JOR,Al Balqā’,minor,21908.0,1400712553
Ayagawa,Ayagawa,34.2496,133.923,Japan,JP,JPN,Kagawa,,22730.0,1392003219
Mihama,Mihama,34.7789,136.9082,Japan,JP,JPN,Aichi,,22440.0,1392003460
Gōtsuchō,Gotsucho,35.0167,132.2167,Japan,JP,JPN,Shimane,,22838.0,1392030464
Uenohara,Uenohara,35.6302,139.1113,Japan,JP,JPN,Kanagawa,,22557.0,1392602835
Furukawa,Furukawa,36.2381,137.1862,Japan,JP,JPN,Gifu,,22585.0,1392467496
Yokoshibahikari,Yokoshibahikari,35.6658,140.5048,Japan,JP,JPN,Chiba,,22271.0,1392003398
Ōtsuki,Otsuki,35.6106,138.94,Japan,JP,JPN,Yamanashi,,22356.0,1392398648
Takahata,Takahata,38.0027,140.1891,Japan,JP,JPN,Yamagata,,22242.0,1392054677
Murayama,Murayama,38.4833,140.3833,Japan,JP,JPN,Yamagata,,22222.0,1392537300
Honmachi,Honmachi,36.0609,136.5006,Japan,JP,JPN,Fukui,,22047.0,1392794270
Shiroishi,Shiroishi,33.1811,130.1434,Japan,JP,JPN,Saga,,21902.0,1392003123
Bungotakada,Bungotakada,33.55,131.45,Japan,JP,JPN,Ōita,,21901.0,1392003392
Shinhidaka,Shinhidaka,42.3413,142.3686,Japan,JP,JPN,Hokkaidō,,21873.0,1392000645
Fukuyoshi,Fukuyoshi,33.6832,130.78,Japan,JP,JPN,Fukuoka,,21360.0,1392624866
Yabu,Yabu,35.4,134.7667,Japan,JP,JPN,Hyōgo,,21813.0,1392817826
Mashiko,Mashiko,36.4673,140.0934,Japan,JP,JPN,Tochigi,,21621.0,1392280086
Etajima,Etajima,34.2167,132.45,Japan,JP,JPN,Hiroshima,,21557.0,1392003172
Kami,Kami,38.5718,140.8548,Japan,JP,JPN,Miyagi,,21666.0,1392003486
Aishō,Aisho,35.1688,136.2123,Japan,JP,JPN,Shiga,,20913.0,1392003056
Matsuura,Matsuura,33.3333,129.7167,Japan,JP,JPN,Nagasaki,,21261.0,1392003110
Shisui,Shisui,35.7249,140.2695,Japan,JP,JPN,Chiba,,20278.0,1392687208
Mobetsu,Mobetsu,44.3564,143.3544,Japan,JP,JPN,Hokkaidō,,21317.0,1392557863
Yachiyo,Yachiyo,36.1816,139.8911,Japan,JP,JPN,Ibaraki,,20838.0,1392999979
Hino,Hino,35.018,136.246,Japan,JP,JPN,Shiga,,20945.0,1392003293
Furano,Furano,43.342,142.3832,Japan,JP,JPN,Hokkaidō,,21071.0,1392470642
Ino,Ino,33.5487,133.4278,Japan,JP,JPN,Kōchi,,20750.0,1392013071
Shimogamo,Shimogamo,34.6795,138.9453,Japan,JP,JPN,Shizuoka,,20499.0,1392351063
Nishigō,Nishigo,37.1417,140.1554,Japan,JP,JPN,Fukushima,,20508.0,1392003125
Ryūyō,Ryuyo,34.6783,137.8167,Japan,JP,JPN,Shizuoka,,19756.0,1392003096
Bibai,Bibai,43.3329,141.8538,Japan,JP,JPN,Hokkaidō,,20507.0,1392376631
Susaki,Susaki,33.3925,133.2931,Japan,JP,JPN,Kōchi,,20424.0,1392572991
Namegawa,Namegawa,36.066,139.361,Japan,JP,JPN,Saitama,,19885.0,1392003515
Sakae,Sakae,35.8408,140.2439,Japan,JP,JPN,Chiba,,19902.0,1392003462
Tobe,Tobe,33.7492,132.7922,Japan,JP,JPN,Ehime,,20290.0,1392744694
Takanabe,Takanabe,32.128,131.5033,Japan,JP,JPN,Miyazaki,,20030.0,1392293829
Rumoi,Rumoi,43.941,141.637,Japan,JP,JPN,Hokkaidō,,20260.0,1392820591
Hirokawa,Hirokawa,33.2415,130.5515,Japan,JP,JPN,Fukuoka,,19801.0,1392003284
Hakui,Hakui,36.8936,136.779,Japan,JP,JPN,Ishikawa,,20031.0,1392246998
Satsuma,Satsuma,31.9057,130.4556,Japan,JP,JPN,Kagoshima,,20093.0,1392003341
Fukagawa,Fukagawa,43.7233,142.0536,Japan,JP,JPN,Hokkaidō,,20086.0,1392710666
Makurazaki,Makurazaki,31.2728,130.2969,Japan,JP,JPN,Kagoshima,,19817.0,1392003174
Shirahama,Shirahama,33.6781,135.3481,Japan,JP,JPN,Wakayama,,19976.0,1392728798
Shōnai,Shonai,38.8499,139.9047,Japan,JP,JPN,Yamagata,,19977.0,1392999981
Yosano,Yosano,35.5653,135.1529,Japan,JP,JPN,Kyōto,,19726.0,1392003204
Echizen,Echizen,35.9742,136.1298,Japan,JP,JPN,Fukui,,19708.0,1392003538
Kitatajima,Kitatajima,35.9821,139.4816,Japan,JP,JPN,Saitama,,19362.0,1392425295
Karuizawa,Karuizawa,36.3484,138.597,Japan,JP,JPN,Gunma,,19648.0,1392706783
Taketa,Taketa,32.9667,131.4,Japan,JP,JPN,Ōita,,19688.0,1392003396
Fukusaki,Fukusaki,34.9503,134.7603,Japan,JP,JPN,Hyōgo,,19143.0,1392003495
Ibigawa,Ibigawa,35.4873,136.5686,Japan,JP,JPN,Gifu,,19519.0,1392003088
Gōdo,Godo,35.4174,136.6085,Japan,JP,JPN,Gifu,,18505.0,1392043863
Kushiro,Kushiro,42.9961,144.4661,Japan,JP,JPN,Hokkaidō,,19391.0,1392003152
Onga,Onga,33.8479,130.6683,Japan,JP,JPN,Fukuoka,,18609.0,1392003497
Mino,Mino,35.5448,136.9076,Japan,JP,JPN,Gifu,,19266.0,1392884993
Kamiichi,Kamiichi,36.6984,137.3624,Japan,JP,JPN,Toyama,,19318.0,1392722248
Iiyama,Iiyama,36.8516,138.3655,Japan,JP,JPN,Nagano,,19279.0,1392890981
Mukaiengaru,Mukaiengaru,44.0621,143.5276,Japan,JP,JPN,Hokkaidō,,19358.0,1392295028
Taka,Taka,35.0503,134.9234,Japan,JP,JPN,Hyōgo,,19227.0,1392003290
Ainan,Ainan,32.9667,132.5833,Japan,JP,JPN,Ehime,,19131.0,1392003348
Mure,Mure,34.3376,134.1397,Japan,JP,JPN,Kagawa,,18108.0,1392003506
Sukumo,Sukumo,32.9333,132.7167,Japan,JP,JPN,Kōchi,,19124.0,1392912259
Arita,Arita,33.2106,129.849,Japan,JP,JPN,Saga,,18867.0,1392003093
Akune,Akune,32.0167,130.2167,Japan,JP,JPN,Kagoshima,,19009.0,1392003418
Aizumisato,Aizumisato,37.4649,139.8342,Japan,JP,JPN,Fukushima,,19078.0,1392003414
Shichigahama,Shichigahama,38.3045,141.0591,Japan,JP,JPN,Miyagi,,17793.0,1392003288
Eiheiji,Eiheiji,36.0922,136.2987,Japan,JP,JPN,Fukui,,18921.0,1392003240
Shimomura,Shimomura,36.0696,138.0802,Japan,JP,JPN,Nagano,,18801.0,1392835805
Motomachi,Motomachi,43.8242,144.1074,Japan,JP,JPN,Hokkaidō,,18943.0,1392132388
Heguri,Heguri,34.6292,135.7006,Japan,JP,JPN,Nara,,18088.0,1392003472
Māḩiş,Mahis,31.9833,35.7667,Jordan,JO,JOR,Al Balqā’,,17754.0,1400449886
Miyatoko,Miyatoko,33.6992,130.9202,Japan,JP,JPN,Fukuoka,,18599.0,1392427893
Tatsuno,Tatsuno,35.9824,137.9876,Japan,JP,JPN,Nagano,,18503.0,1392044975
Misato,Misato,39.4616,140.5821,Japan,JP,JPN,Akita,,18493.0,1392003277
Yoshimi,Yoshimi,36.0399,139.4538,Japan,JP,JPN,Saitama,,18133.0,1392003109
Kunitomi,Kunitomi,31.9906,131.3235,Japan,JP,JPN,Miyazaki,,18460.0,1392003235
Ranzan,Ranzan,36.0565,139.3205,Japan,JP,JPN,Saitama,,17954.0,1392003117
Toyono,Toyono,34.9189,135.4941,Japan,JP,JPN,Ōsaka,,18011.0,1392001130
Kitanakagusuku,Kitanakagusuku,26.3011,127.7931,Japan,JP,JPN,Okinawa,,17038.0,1392003471
Taku,Taku,33.2833,130.1167,Japan,JP,JPN,Saga,,18215.0,1392003498
Yoichi,Yoichi,43.1953,140.7835,Japan,JP,JPN,Hokkaidō,,18252.0,1392190850
Memuro-minami,Memuro-minami,42.9119,143.0508,Japan,JP,JPN,Hokkaidō,,18329.0,1392837636
Shika,Shika,37.0062,136.778,Japan,JP,JPN,Ishikawa,,18275.0,1392003481
Oyama,Oyama,35.3601,138.9873,Japan,JP,JPN,Kanagawa,,18181.0,1392334632
Kishi,Kishi,35.3364,139.1232,Japan,JP,JPN,Kanagawa,,18204.0,1392295769
Ōi,Oi,35.3266,139.1565,Japan,JP,JPN,Kanagawa,,17062.0,1392003380
Kiyama,Kiyama,33.427,130.5232,Japan,JP,JPN,Fukuoka,,17455.0,1392003435
Rikuzen-Takata,Rikuzen-Takata,39.028,141.6254,Japan,JP,JPN,Iwate,,18153.0,1392211075
Minamishibetsuchō,Minamishibetsucho,44.1786,142.4001,Japan,JP,JPN,Hokkaidō,,18138.0,1392487129
Shirosato,Shirosato,36.4792,140.3762,Japan,JP,JPN,Ibaraki,,17916.0,1392999984
Arai,Arai,34.6833,137.5667,Japan,JP,JPN,Shizuoka,,16975.0,1392537304
Mitake,Mitake,35.4344,137.1307,Japan,JP,JPN,Gifu,,17536.0,1392599630
Kahoku,Kahoku,38.4263,140.3143,Japan,JP,JPN,Yamagata,,17435.0,1392003454
Kitahiroshima,Kitahiroshima,34.6746,132.5384,Japan,JP,JPN,Hiroshima,,17669.0,1392003255
Hinode,Hinode,35.7421,139.2574,Japan,JP,JPN,Tōkyō,,17016.0,1392999983
Toba,Toba,34.4813,136.8434,Japan,JP,JPN,Mie,,17421.0,1392068005
Ebino,Ebino,32.0333,130.8167,Japan,JP,JPN,Miyazaki,,17508.0,1392003466
Shin-Kamigotō,Shin-Kamigoto,32.9844,129.0733,Japan,JP,JPN,Nagasaki,,17479.0,1392003402
Miharu,Miharu,37.4406,140.4932,Japan,JP,JPN,Fukushima,,17319.0,1392003415
Kadogawa,Kadogawa,32.4712,131.6461,Japan,JP,JPN,Miyazaki,,17341.0,1392290615
Mori,Mori,34.8356,137.9271,Japan,JP,JPN,Shizuoka,,17333.0,1392757253
Mannō,Manno,34.1923,133.8414,Japan,JP,JPN,Kagawa,,17324.0,1392003200
Minakami,Minakami,36.6786,138.9991,Japan,JP,JPN,Gunma,,17223.0,1392003162
Minamichita,Minamichita,34.7151,136.9298,Japan,JP,JPN,Aichi,,16805.0,1392003355
Tsuiki,Tsuiki,33.6561,131.0562,Japan,JP,JPN,Fukuoka,,17067.0,1392121731
Yabuki,Yabuki,37.2013,140.3386,Japan,JP,JPN,Fukushima,,16823.0,1392633195
Kumage,Kumage,34.0495,131.969,Japan,JP,JPN,Yamaguchi,,16666.0,1392003369
Ōyodo,Oyodo,34.3906,135.7897,Japan,JP,JPN,Nara,,16469.0,1392003294
Katsuura,Katsuura,35.15,140.3167,Japan,JP,JPN,Chiba,,16723.0,1392044206
Ocho Rios,Ocho Rios,18.4167,-77.1167,Jamaica,JM,JAM,Saint Ann,,16671.0,1388472214
Kushima,Kushima,31.4681,131.2467,Japan,JP,JPN,Miyazaki,,16744.0,1392989065
Kawagoe,Kawagoe,35.0167,136.6667,Japan,JP,JPN,Mie,,15048.0,1392003468
Shintomi,Shintomi,32.0689,131.488,Japan,JP,JPN,Miyazaki,,16495.0,1392003250
Al Mazār ash Shamālī,Al Mazar ash Shamali,32.4725,35.7928,Jordan,JO,JOR,Irbid,minor,16000.0,1400714744
Sunagawa,Sunagawa,43.4948,141.9035,Japan,JP,JPN,Hokkaidō,,16513.0,1392198315
Yoshinogari,Yoshinogari,33.3212,130.3989,Japan,JP,JPN,Saga,,16324.0,1392003363
Shiraoi,Shiraoi,42.5512,141.3559,Japan,JP,JPN,Hokkaidō,,16638.0,1392327130
Miyazu,Miyazu,35.5333,135.2,Japan,JP,JPN,Kyōto,,16564.0,1392216318
Mifune,Mifune,32.7146,130.8019,Japan,JP,JPN,Kumamoto,,16468.0,1392426855
Nakanoto,Nakanoto,36.9889,136.9015,Japan,JP,JPN,Ishikawa,,16442.0,1392003102
Nanbu,Nanbu,40.4206,141.3303,Japan,JP,JPN,Aomori,,16449.0,1392002869
Tōhoku,Tohoku,40.7279,141.2579,Japan,JP,JPN,Aomori,,16449.0,1392003186
Ōarai,Oarai,36.3133,140.5749,Japan,JP,JPN,Ibaraki,,15696.0,1392502635
Kumiyama,Kumiyama,34.8814,135.7328,Japan,JP,JPN,Kyōto,,15200.0,1392003183
Kotoura,Kotoura,35.5,133.7,Japan,JP,JPN,Tottori,,16167.0,1392003461
Yurihama,Yurihama,35.4899,133.8646,Japan,JP,JPN,Tottori,,15972.0,1392003407
Owase,Owase,34.0708,136.191,Japan,JP,JPN,Mie,,16079.0,1392003455
Aki,Aki,33.5,133.9,Japan,JP,JPN,Kōchi,,16090.0,1392875978
Minamiminowa,Minamiminowa,35.8729,137.9751,Japan,JP,JPN,Nagano,,15727.0,1392003230
Kanan,Kanan,34.4917,135.6296,Japan,JP,JPN,Ōsaka,,15497.0,1392003300
Nagasu,Nagasu,32.9297,130.4528,Japan,JP,JPN,Kumamoto,,15299.0,1392244225
Tachiarai,Tachiarai,33.3724,130.6224,Japan,JP,JPN,Fukuoka,,15387.0,1392006046
Tsukumiura,Tsukumiura,33.0667,131.8667,Japan,JP,JPN,Ōita,,15664.0,1392037074
Gonohe,Gonohe,40.5312,141.308,Japan,JP,JPN,Aomori,,15761.0,1392003366
Kumano,Kumano,33.8886,136.1002,Japan,JP,JPN,Mie,,15806.0,1392123261
Miyota,Miyota,36.3223,138.5068,Japan,JP,JPN,Nagano,,15494.0,1392003209
Matsushige,Matsushige,34.1339,134.5803,Japan,JP,JPN,Tokushima,,14723.0,1392003501
Kasumi,Kasumi,35.6333,134.6333,Japan,JP,JPN,Hyōgo,,15704.0,1392645167
Yazu,Yazu,35.4092,134.2505,Japan,JP,JPN,Tottori,,15642.0,1392003496
Yakumo,Yakumo,42.256,140.2652,Japan,JP,JPN,Hokkaidō,,15674.0,1392003438
Ashikita,Ashikita,32.2991,130.4932,Japan,JP,JPN,Kumamoto,,15621.0,1392003333
Kasagi,Kasagi,34.2965,135.5037,Japan,JP,JPN,Wakayama,,15565.0,1392507322
Tōbetsu,Tobetsu,43.2237,141.517,Japan,JP,JPN,Hokkaidō,,15618.0,1392723776
Tone,Tone,35.8578,140.1392,Japan,JP,JPN,Ibaraki,,15035.0,1392003334
Shizukuishi,Shizukuishi,39.6963,140.9758,Japan,JP,JPN,Iwate,,15589.0,1392537608
Shimanto,Shimanto,33.2117,133.1369,Japan,JP,JPN,Kōchi,,15540.0,1392003114
Sayō,Sayo,35.0042,134.3558,Japan,JP,JPN,Hyōgo,,15508.0,1392577247
Kawasaki,Kawasaki,33.6,130.8149,Japan,JP,JPN,Fukuoka,,15134.0,1392730705
Daigo,Daigo,36.7681,140.3552,Japan,JP,JPN,Ibaraki,,15491.0,1392539732
Tamaki,Tamaki,34.4902,136.6308,Japan,JP,JPN,Mie,,15113.0,1392003483
Kanegasaki,Kanegasaki,39.1957,141.1163,Japan,JP,JPN,Iwate,,15337.0,1392073512
Daisen,Daisen,35.5,133.5,Japan,JP,JPN,Tottori,,15336.0,1392889589
Wakuya,Wakuya,38.5397,141.1282,Japan,JP,JPN,Miyagi,,15177.0,1392967427
Noto,Noto,37.3103,137.1477,Japan,JP,JPN,Ishikawa,,15280.0,1392003490
Kurate,Kurate,33.7919,130.6742,Japan,JP,JPN,Fukuoka,,14901.0,1392001825
Kawaminami,Kawaminami,32.192,131.5259,Japan,JP,JPN,Miyazaki,,15151.0,1392313930
Kamitonda,Kamitonda,33.6963,135.4288,Japan,JP,JPN,Wakayama,,15040.0,1392003148
Kujūkuri,Kujukuri,35.5333,140.4333,Japan,JP,JPN,Chiba,,14652.0,1392003306
Uchiko,Uchiko,33.533,132.6583,Japan,JP,JPN,Ehime,,15191.0,1392976487
Nakanojōmachi,Nakanojomachi,36.5898,138.841,Japan,JP,JPN,Gunma,,15186.0,1392957874
Kutchan,Kutchan,42.9017,140.7589,Japan,JP,JPN,Hokkaidō,,15123.0,1392245778
Anpachi,Anpachi,35.3353,136.6654,Japan,JP,JPN,Gifu,,14330.0,1392003423
Aizubange,Aizubange,37.5615,139.8216,Japan,JP,JPN,Fukushima,,14906.0,1392003207
Haga,Haga,36.5483,140.0582,Japan,JP,JPN,Tochigi,,14833.0,1392003489
Mitane,Mitane,40.1016,140.005,Japan,JP,JPN,Akita,,14944.0,1392003191
Nakagawa,Nakagawa,36.7363,140.1726,Japan,JP,JPN,Tochigi,,14921.0,1392003508
Sera,Sera,34.5868,133.0566,Japan,JP,JPN,Hiroshima,,14878.0,1392003350
Misaki,Misaki,34.3169,135.1421,Japan,JP,JPN,Ōsaka,,14629.0,1392003214
Mori,Mori,42.105,140.5764,Japan,JP,JPN,Hokkaidō,,14851.0,1392003424
Fujisaki,Fujisaki,40.6561,140.5028,Japan,JP,JPN,Aomori,,14478.0,1392919322
Betsukai,Betsukai,43.3938,145.1175,Japan,JP,JPN,Hokkaidō,,14828.0,1392367898
Hirono,Hirono,40.4085,141.7187,Japan,JP,JPN,Iwate,,14757.0,1392003416
Muthallath al Azraq,Muthallath al Azraq,31.8342,36.815,Jordan,JO,JOR,Az Zarqā’,minor,14800.0,1400807685
Tabuse,Tabuse,33.9547,132.0414,Japan,JP,JPN,Yamaguchi,,14515.0,1392416444
Obanazawa,Obanazawa,38.6,140.4,Japan,JP,JPN,Yamagata,,14760.0,1392411470
Kushimoto,Kushimoto,33.4667,135.7833,Japan,JP,JPN,Wakayama,,14661.0,1392703742
Nishinoomote,Nishinoomote,30.7322,130.9967,Japan,JP,JPN,Kagoshima,,14694.0,1392981409
Ashiya,Ashiya,33.8938,130.6639,Japan,JP,JPN,Fukuoka,,13559.0,1392633502
Suō-Ōshima,Suo-Oshima,33.9276,132.1952,Japan,JP,JPN,Yamaguchi,,14605.0,1392001396
Shintō,Shinto,36.4384,138.9671,Japan,JP,JPN,Gunma,,14193.0,1392001283
Ichikawamisato,Ichikawamisato,35.5652,138.5024,Japan,JP,JPN,Yamanashi,,14458.0,1392003491
Ōki,Oki,33.2104,130.4398,Japan,JP,JPN,Fukuoka,,13847.0,1392003386
Hasami,Hasami,33.1379,129.8955,Japan,JP,JPN,Nagasaki,,14332.0,1392003252
Miho,Miho,36.0045,140.3019,Japan,JP,JPN,Ibaraki,,14355.0,1392003233
Asagiri,Asagiri,32.2403,130.8979,Japan,JP,JPN,Kumamoto,,14448.0,1392003542
Kihoku,Kihoku,34.2114,136.3372,Japan,JP,JPN,Mie,,14392.0,1392003092
Yamada,Yamada,39.4677,141.9489,Japan,JP,JPN,Iwate,,14388.0,1392896319
Itakura,Itakura,36.2259,139.6019,Japan,JP,JPN,Gunma,,14039.0,1392003326
Furukawamen,Furukawamen,33.2384,129.6504,Japan,JP,JPN,Nagasaki,,13942.0,1392778986
Tsukawaki,Tsukawaki,33.2832,131.1515,Japan,JP,JPN,Ōita,,14306.0,1392760554
Bog Walk,Bog Walk,18.102,-77.0054,Jamaica,JM,JAM,Saint Catherine,,13889.0,1388794020
Ishikawa,Ishikawa,37.1571,140.4468,Japan,JP,JPN,Fukushima,,14222.0,1392003187
Taki,Taki,34.4961,136.5462,Japan,JP,JPN,Mie,,14160.0,1392003303
Kawaii,Kawaii,38.0045,140.0458,Japan,JP,JPN,Yamagata,,14196.0,1392919858
Ewarton,Ewarton,18.1833,-77.0833,Jamaica,JM,JAM,Saint Catherine,,13807.0,1388307474
Shichinohe,Shichinohe,40.7447,141.1579,Japan,JP,JPN,Aomori,,14217.0,1392716252
Hokuei,Hokuei,35.4833,133.7667,Japan,JP,JPN,Tottori,,14010.0,1392003104
Hayashima,Hayashima,34.6006,133.8283,Japan,JP,JPN,Okayama,,12584.0,1392761843
Sakaki,Sakaki,36.4618,138.1801,Japan,JP,JPN,Nagano,,13967.0,1392071838
Minamiaizu,Minamiaizu,37.2004,139.7732,Japan,JP,JPN,Fukushima,,14204.0,1392003525
Seirō,Seiro,37.9745,139.2742,Japan,JP,JPN,Niigata,,13823.0,1392003492
Kadena,Kadena,26.3616,127.7553,Japan,JP,JPN,Okinawa,,13301.0,1392320952
Kakunodatemachi,Kakunodatemachi,39.5963,140.562,Japan,JP,JPN,Akita,,14138.0,1392000310
Kisanuki,Kisanuki,31.3444,130.9452,Japan,JP,JPN,Kagoshima,,14114.0,1392204633
Chōsei,Chosei,35.4167,140.35,Japan,JP,JPN,Chiba,,13656.0,1392003143
Fujikawa,Fujikawa,35.5612,138.4613,Japan,JP,JPN,Yamanashi,,14004.0,1392003228
Taishi,Taishi,34.5187,135.6476,Japan,JP,JPN,Ōsaka,,13092.0,1392283998
Nachikatsuura,Nachikatsuura,33.6261,135.9411,Japan,JP,JPN,Wakayama,,13930.0,1392003087
Tako,Tako,35.7356,140.4677,Japan,JP,JPN,Chiba,,13804.0,1392986792
Wakasa,Wakasa,35.5489,135.9082,Japan,JP,JPN,Fukui,,13867.0,1392003432
Fujimi,Fujimi,35.9146,138.2407,Japan,JP,JPN,Nagano,,13844.0,1392003258
Kamigōri,Kamigori,34.8736,134.3561,Japan,JP,JPN,Hyōgo,,13835.0,1392000469
Higashimiyoshi,Higashimiyoshi,34.0368,133.9369,Japan,JP,JPN,Tokushima,,13776.0,1392003475
Hatoyama,Hatoyama,35.9815,139.3341,Japan,JP,JPN,Saitama,,13365.0,1392003229
Yamanobe,Yamanobe,38.2891,140.2622,Japan,JP,JPN,Yamagata,,13610.0,1392439756
Shōdoshima,Shodoshima,34.4798,134.3089,Japan,JP,JPN,Kagawa,,13646.0,1392003526
Chiran,Chiran,31.3783,130.4416,Japan,JP,JPN,Kagoshima,,13667.0,1392000261
Tarumizu,Tarumizu,31.5228,130.7594,Japan,JP,JPN,Kagoshima,,13688.0,1392003141
Kafr ‘Awān,Kafr `Awan,32.4167,35.6833,Jordan,JO,JOR,Irbid,,13056.0,1400261137
Kawatana,Kawatana,33.0728,129.8613,Japan,JP,JPN,Nagasaki,,13370.0,1392003444
Okinoshima,Okinoshima,36.2091,133.3218,Japan,JP,JPN,Shimane,,13595.0,1392003154
Ugo,Ugo,39.1993,140.4129,Japan,JP,JPN,Akita,,13547.0,1392003467
Keisen,Keisen,33.5788,130.6781,Japan,JP,JPN,Fukuoka,,12876.0,1392003158
Wake,Wake,34.8029,134.1575,Japan,JP,JPN,Okayama,,13373.0,1392389367
Itano,Itano,34.1443,134.4626,Japan,JP,JPN,Tokushima,,13087.0,1392003282
Inawashiro,Inawashiro,37.5578,140.1048,Japan,JP,JPN,Fukushima,,13403.0,1392003280
Saka,Saka,34.3412,132.5136,Japan,JP,JPN,Hiroshima,,12611.0,1392541121
Matsushima,Matsushima,38.3802,141.0673,Japan,JP,JPN,Miyagi,,13151.0,1392903558
Tōnoshō,Tonosho,35.8372,140.6687,Japan,JP,JPN,Chiba,,13085.0,1392003419
Yakage,Yakage,34.6275,133.5872,Japan,JP,JPN,Okayama,,13218.0,1392939800
Kamikawa,Kamikawa,36.2139,139.1017,Japan,JP,JPN,Saitama,,13077.0,1392003364
Tanagura,Tanagura,37.0299,140.3796,Japan,JP,JPN,Fukushima,,13264.0,1392922842
Hashikami,Hashikami,40.4525,141.6211,Japan,JP,JPN,Aomori,,13176.0,1392003105
Motobu,Motobu,26.6575,127.8978,Japan,JP,JPN,Okinawa,,13073.0,1392003540
Shin'onsen,Shin'onsen,35.6235,134.4489,Japan,JP,JPN,Hyōgo,,13213.0,1392003167
Yamato,Yamato,32.6858,130.9859,Japan,JP,JPN,Kumamoto,,13210.0,1392003078
Tonoshō,Tonosho,34.4869,134.1884,Japan,JP,JPN,Kagawa,,12915.0,1392016671
Itayanagi,Itayanagi,40.6959,140.4572,Japan,JP,JPN,Aomori,,12681.0,1392658620
Yuza,Yuza,39.0148,139.9088,Japan,JP,JPN,Yamagata,,12895.0,1392728665
Misaki,Misaki,34.9979,133.9582,Japan,JP,JPN,Okayama,,12889.0,1392003215
Takamori,Takamori,35.5138,137.8739,Japan,JP,JPN,Nagano,,12650.0,1392003163
Asahi,Asahi,35.0343,136.6644,Japan,JP,JPN,Mie,,11070.0,1392003328
Suzu,Suzu,37.4363,137.2605,Japan,JP,JPN,Ishikawa,,12746.0,1392003156
Ashibetsu,Ashibetsu,43.5182,142.1896,Japan,JP,JPN,Hokkaidō,,12775.0,1392076834
Kanra,Kanra,36.243,138.9218,Japan,JP,JPN,Gunma,,12567.0,1392003131
Kyōtamba,Kyotamba,35.1699,135.4194,Japan,JP,JPN,Kyōto,,12714.0,1392003487
Shirataka,Shirataka,38.1831,140.0986,Japan,JP,JPN,Yamagata,,12663.0,1392003409
Kasaishi,Kasaishi,37.2528,140.3434,Japan,JP,JPN,Fukushima,,12282.0,1392964767
Kawamata,Kawamata,37.665,140.5983,Japan,JP,JPN,Fukushima,,12537.0,1392002612
Matsukawa,Matsukawa,35.5972,137.9097,Japan,JP,JPN,Nagano,,12435.0,1392003267
Nobeji,Nobeji,40.8644,141.1287,Japan,JP,JPN,Aomori,,12352.0,1392690088
Tsuruta,Tsuruta,40.7588,140.4284,Japan,JP,JPN,Aomori,,12211.0,1392736759
Higashiagatsuma,Higashiagatsuma,36.5714,138.8203,Japan,JP,JPN,Gunma,,12356.0,1392003413
Sākib,Sakib,32.2854,35.8113,Jordan,JO,JOR,Jarash,,11586.0,1400579775
Marumori,Marumori,37.9114,140.7654,Japan,JP,JPN,Miyagi,,12251.0,1392129975
Sakawa,Sakawa,33.5008,133.2866,Japan,JP,JPN,Kōchi,,12170.0,1392787592
Ōsako,Osako,31.4292,131.0059,Japan,JP,JPN,Kagoshima,,12092.0,1392990377
Hirao,Hirao,33.9379,132.0732,Japan,JP,JPN,Yamaguchi,,11831.0,1392671270
Hōdatsushimizu,Hodatsushimizu,36.8627,136.7976,Japan,JP,JPN,Ishikawa,,12061.0,1392999986
Iwanai,Iwanai,42.9798,140.5146,Japan,JP,JPN,Hokkaidō,,11982.0,1392003426
Malkā,Malka,32.6653,35.7333,Jordan,JO,JOR,Irbid,,11706.0,1400950108
Ichinomiya,Ichinomiya,35.3667,140.3667,Japan,JP,JPN,Chiba,,11622.0,1392597662
Iwate,Iwate,39.9728,141.2122,Japan,JP,JPN,Iwate,,12078.0,1392003099
Ryūō,Ryuo,35.0608,136.1245,Japan,JP,JPN,Shiga,,11821.0,1392003376
Urakawa,Urakawa,42.1684,142.7682,Japan,JP,JPN,Hokkaidō,,11998.0,1392001597
Tosashimizu,Tosashimizu,32.7833,132.95,Japan,JP,JPN,Kōchi,,11925.0,1392003323
Yamamoto,Yamamoto,37.9627,140.8781,Japan,JP,JPN,Miyagi,,11736.0,1392003133
Kagamino,Kagamino,35.0918,133.933,Japan,JP,JPN,Okayama,,11882.0,1392003494
Satoshō,Satosho,34.5138,133.5569,Japan,JP,JPN,Okayama,,10969.0,1392000313
Yakushima,Yakushima,30.3903,130.6515,Japan,JP,JPN,Kagoshima,,11829.0,1392003222
Kamiita,Kamiita,34.1213,134.4049,Japan,JP,JPN,Tokushima,,11370.0,1392003439
Motegi,Motegi,36.5321,140.1876,Japan,JP,JPN,Tochigi,,11631.0,1392187288
Mitai,Mitai,32.7117,131.3077,Japan,JP,JPN,Miyazaki,,11642.0,1392405708
Koori,Koori,37.8547,140.5207,Japan,JP,JPN,Fukushima,,11425.0,1392003319
Minabe,Minabe,33.7725,135.3206,Japan,JP,JPN,Wakayama,,11594.0,1392208953
Port Morant,Port Morant,17.9,-76.3167,Jamaica,JM,JAM,Saint Thomas,,11536.0,1388362870
Hidaka,Hidaka,42.4803,142.0743,Japan,JP,JPN,Hokkaidō,,11648.0,1392003301
Okuizumo,Okuizumo,35.1973,133.0023,Japan,JP,JPN,Shimane,,11570.0,1392003330
Muroto-misakicho,Muroto-misakicho,33.29,134.1519,Japan,JP,JPN,Kōchi,,11543.0,1392826132
Yuasa,Yuasa,34.0294,135.1903,Japan,JP,JPN,Wakayama,,11038.0,1392420914
Tagami,Tagami,37.6988,139.058,Japan,JP,JPN,Niigata,,11200.0,1392003408
Kin,Kin,26.4562,127.926,Japan,JP,JPN,Okinawa,,11252.0,1392554480
Higashiizu,Higashiizu,34.7667,139.0333,Japan,JP,JPN,Shizuoka,,11389.0,1392002862
Kuriyama,Kuriyama,43.0563,141.7843,Japan,JP,JPN,Hokkaidō,,11474.0,1392201076
Zaō,Zao,38.0981,140.6587,Japan,JP,JPN,Miyagi,,11360.0,1392003405
Ichikai,Ichikai,36.5431,140.1022,Japan,JP,JPN,Tochigi,,11205.0,1392003212
Ichinohe,Ichinohe,40.2129,141.2954,Japan,JP,JPN,Iwate,,11296.0,1392741013
Chiyoda,Chiyoda,36.2178,139.4424,Japan,JP,JPN,Gunma,,10831.0,1392003197
Honmachi,Honmachi,43.9115,144.6708,Japan,JP,JPN,Hokkaidō,,11302.0,1392192562
Meiwa,Meiwa,36.2113,139.5342,Japan,JP,JPN,Gunma,,10714.0,1392003514
Ogose,Ogose,35.9645,139.2942,Japan,JP,JPN,Saitama,,10905.0,1392027157
Ichikawa,Ichikawa,34.9893,134.7633,Japan,JP,JPN,Hyōgo,,11023.0,1392003503
Yamanouchi,Yamanouchi,36.7446,138.4127,Japan,JP,JPN,Nagano,,11106.0,1392003097
Nakagawa,Nakagawa,33.9511,134.6622,Japan,JP,JPN,Tokushima,,10576.0,1392003509
Hikawadai,Hikawadai,32.5825,130.6737,Japan,JP,JPN,Kumamoto,,11038.0,1392660609
Shōō,Shoo,35.0418,134.1162,Japan,JP,JPN,Okayama,,10933.0,1392003081
Miyato,Miyato,36.1772,139.1814,Japan,JP,JPN,Gunma,,10783.0,1392417076
Onna,Onna,26.4833,127.85,Japan,JP,JPN,Okinawa,,10852.0,1392551931
Obuse,Obuse,36.6975,138.3121,Japan,JP,JPN,Nagano,,10510.0,1392708424
Hakone,Hakone,35.1894,139.0247,Japan,JP,JPN,Kanagawa,,10925.0,1392115612
Minamiise,Minamiise,34.3521,136.7036,Japan,JP,JPN,Mie,,10926.0,1392003545
Matsuda-sōryō,Matsuda-soryo,35.3482,139.1394,Japan,JP,JPN,Kanagawa,,10682.0,1392523691
Minamisanriku,Minamisanriku,38.6806,141.4624,Japan,JP,JPN,Miyagi,,10896.0,1392003103
Asahi,Asahi,36.9462,137.5599,Japan,JP,JPN,Toyama,,10852.0,1392003329
Ogano,Ogano,36.0171,139.0086,Japan,JP,JPN,Saitama,,10751.0,1392226506
Ōtsuchi,Otsuchi,39.3582,141.8994,Japan,JP,JPN,Iwate,,10719.0,1392244776
Iwai,Iwai,35.5833,134.3333,Japan,JP,JPN,Tottori,,10675.0,1392109528
Nakayama,Nakayama,38.3331,140.2831,Japan,JP,JPN,Yamagata,,10617.0,1392891031
Tokigawa,Tokigawa,36.0086,139.2968,Japan,JP,JPN,Saitama,,10470.0,1392003242
Shirako,Shirako,35.4543,140.3742,Japan,JP,JPN,Chiba,,10280.0,1392003500
Murata,Murata,38.1185,140.7224,Japan,JP,JPN,Miyagi,,10506.0,1392652565
Kamikawa,Kamikawa,35.0642,134.7397,Japan,JP,JPN,Hyōgo,,10557.0,1392003365
Rokunohe,Rokunohe,40.6095,141.3248,Japan,JP,JPN,Aomori,,10473.0,1392003347
Naganuma,Naganuma,43.0102,141.6951,Japan,JP,JPN,Hokkaidō,,10515.0,1392210651
Hōki,Hoki,35.3852,133.4073,Japan,JP,JPN,Tottori,,10491.0,1392003272
Kamifurano,Kamifurano,43.4556,142.4672,Japan,JP,JPN,Hokkaidō,,10500.0,1392709435
Kihō,Kiho,33.7333,136.0,Japan,JP,JPN,Mie,,10404.0,1392003381
Kibichūō,Kibichuo,34.8634,133.6935,Japan,JP,JPN,Okayama,,10495.0,1392003132
Minobu,Minobu,35.4675,138.4424,Japan,JP,JPN,Yamanashi,,10440.0,1392309481
Kiso,Kiso,35.9363,137.7831,Japan,JP,JPN,Nagano,,10429.0,1392003119
Nanbu,Nanbu,35.3403,133.3267,Japan,JP,JPN,Tottori,,10275.0,1392002926
Higashikagura,Higashikagura,43.6966,142.4515,Japan,JP,JPN,Hokkaidō,,10152.0,1392003322
Tokunoshima,Tokunoshima,27.7266,129.0187,Japan,JP,JPN,Okinawa,,10194.0,1392999972
Minamiaso,Minamiaso,32.8167,131.0333,Japan,JP,JPN,Kumamoto,,10212.0,1392003193
Iizuna,Iizuna,36.7547,138.2355,Japan,JP,JPN,Nagano,,10134.0,1392999975
Nishi,Nishi,32.2011,130.8411,Japan,JP,JPN,Kumamoto,,10121.0,1392580790
Shioya,Shioya,36.7776,139.8506,Japan,JP,JPN,Tochigi,,10152.0,1392003532
Kushijima,Kushijima,32.7401,130.7573,Japan,JP,JPN,Kumamoto,,9624.0,1392625764
Takahama,Takahama,35.4903,135.551,Japan,JP,JPN,Fukui,,10047.0,1392343755
Kawara,Kawara,33.668,130.8473,Japan,JP,JPN,Fukuoka,,9955.0,1392191099
Yaotsu,Yaotsu,35.476,137.1416,Japan,JP,JPN,Gifu,,10070.0,1392537302
Rokkasho,Rokkasho,40.9672,141.3744,Japan,JP,JPN,Aomori,,10099.0,1392003266
Iwashita,Iwashita,32.6516,130.8114,Japan,JP,JPN,Kumamoto,,9963.0,1392528224
Kuroshio,Kuroshio,33.0167,133.0167,Japan,JP,JPN,Kōchi,,10073.0,1392003147
Ōnan,Onan,34.8939,132.4378,Japan,JP,JPN,Shimane,,10086.0,1392003264
Sakuho,Sakuho,36.161,138.4834,Japan,JP,JPN,Nagano,,10042.0,1392003480
Tsunō,Tsuno,32.2565,131.5597,Japan,JP,JPN,Miyazaki,,9972.0,1392643881
Kami-kawabe,Kami-kawabe,35.4866,137.0707,Japan,JP,JPN,Gifu,,9784.0,1392777604
Hiranai,Hiranai,40.9259,140.9559,Japan,JP,JPN,Aomori,,9964.0,1392363448
Biei,Biei,43.5883,142.4669,Japan,JP,JPN,Hokkaidō,,9775.0,1392568507
Nakao,Nakao,35.3307,139.2188,Japan,JP,JPN,Kanagawa,,9272.0,1392084974
Akabira,Akabira,43.5581,142.0442,Japan,JP,JPN,Hokkaidō,,9644.0,1392691701
Yamakita,Yamakita,35.3606,139.0838,Japan,JP,JPN,Kanagawa,,9530.0,1392889256
Ikeda,Ikeda,36.4212,137.8746,Japan,JP,JPN,Nagano,,9292.0,1392276481
Nakoushi,Nakoushi,26.6825,127.9728,Japan,JP,JPN,Okinawa,,9275.0,1392839162
Minano,Minano,36.0708,139.0988,Japan,JP,JPN,Saitama,,9338.0,1392100965
Shimizu,Shimizu,43.0113,142.8846,Japan,JP,JPN,Hokkaidō,,9305.0,1392903163
Hirayama,Hirayama,33.6467,130.5001,Japan,JP,JPN,Fukuoka,,8986.0,1392375726
Fujisawachō-niinuma,Fujisawacho-niinuma,38.8585,141.3493,Japan,JP,JPN,Iwate,,9112.0,1392660085
Nagaoki,Nagaoki,32.9781,130.6057,Japan,JP,JPN,Kumamoto,,9092.0,1392700206
Iijima,Iijima,35.6767,137.9198,Japan,JP,JPN,Nagano,,9038.0,1392103734
Ḩalāwah,Halawah,32.3828,35.6619,Jordan,JO,JOR,‘Ajlūn,,8647.0,1400561057
Sekimachi,Sekimachi,33.0598,130.5438,Japan,JP,JPN,Kumamoto,,8821.0,1392125733
Taragi,Taragi,32.264,130.9357,Japan,JP,JPN,Kumamoto,,8800.0,1392044742
Soeda,Soeda,33.5718,130.854,Japan,JP,JPN,Fukuoka,,8786.0,1392649831
Ōtaki,Otaki,35.2852,140.2454,Japan,JP,JPN,Chiba,,8762.0,1392151200
Miyada,Miyada,35.7689,137.9443,Japan,JP,JPN,Nagano,,8616.0,1392560952
Hakubachō,Hakubacho,36.6981,137.8619,Japan,JP,JPN,Nagano,,8621.0,1392038720
Takaharu,Takaharu,31.9284,131.0079,Japan,JP,JPN,Miyazaki,,8511.0,1392262891
Iwaizumi,Iwaizumi,39.8431,141.7964,Japan,JP,JPN,Iwate,,8549.0,1392666013
Torihama,Torihama,35.6006,135.9406,Japan,JP,JPN,Fukui,,9643.0,1392000087
