city,city_ascii,lat,lng,country,iso2,iso3,admin_name,capital,population,id
Khartoum,Khartoum,15.5006,32.56,Sudan,SD,SDN,Khartoum,primary,7869000.0,1729268475
Riyadh,Riyadh,24.6333,46.7167,Saudi Arabia,SA,SAU,Ar Riyāḑ,primary,7237000.0,1682999334
Singapore,Singapore,1.3,103.8,Singapore,SG,SGP,,primary,5983000.0,1702341327
Mogadishu,Mogadishu,2.0392,45.3419,Somalia,SO,SOM,Banaadir,primary,4249083.0,1706893395
Jeddah,Jeddah,21.5433,39.1728,Saudi Arabia,SA,SAU,Makkah al Mukarramah,,3976000.0,1682926944
Omdurman,Omdurman,15.65,32.4833,Sudan,SD,SDN,Khartoum,,2805396.0,1729912179
Boosaaso,Boosaaso,11.2886,49.1819,Somalia,SO,SOM,Bari,admin,2000000.0,1706054548
Aleppo,Aleppo,36.2,37.16,Syria,SY,SYR,Ḩalab,admin,1916781.0,1760366651
Damascus,Damascus,33.5131,36.2919,Syria,SY,SYR,Dimashq,primary,1754000.0,1760685964
Mecca,Mecca,21.4225,39.8233,Saudi Arabia,SA,SAU,Makkah al Mukarramah,admin,1675368.0,1682169241
Stockholm,Stockholm,59.3294,18.0686,Sweden,SE,SWE,Stockholm,primary,1611776.0,1752425602
Dakar,Dakar,14.6928,-17.4467,Senegal,SN,SEN,Dakar,primary,1438725.0,1686604760
Hargeysa,Hargeysa,9.5631,44.0675,Somalia,SO,SOM,Woqooyi Galbeed,admin,1200000.0,1706832021
Pikine,Pikine,14.75,-17.4,Senegal,SN,SEN,Dakar,,1170791.0,1686165071
Medina,Medina,24.47,39.61,Saudi Arabia,SA,SAU,Al Madīnah al Munawwarah,admin,1180770.0,1682345785
Freetown,Freetown,8.4844,-13.2344,Sierra Leone,SL,SLE,Western Area,primary,951000.0,1694085071
San Salvador,San Salvador,13.6989,-89.1914,El Salvador,SV,SLV,San Salvador,primary,567698.0,1222647454
Juba,Juba,4.85,31.6,South Sudan,SS,SSD,Central Equatoria,primary,525953.0,1728444337
Bratislava,Bratislava,48.1439,17.1097,Slovakia,SK,SVK,Bratislava,primary,475503.0,1703195001
Ljubljana,Ljubljana,46.0514,14.5061,Slovenia,SI,SVN,Ljubljana,primary,286745.0,1705917455
Paramaribo,Paramaribo,5.8522,-55.2039,Suriname,SR,SUR,Paramaribo,primary,223757.0,1740518660
Mbabane,Mbabane,-26.3208,31.1617,Swaziland,SZ,SWZ,Hhohho,primary,94874.0,1748811945
Honiara,Honiara,-9.4319,159.9556,Solomon Islands,SB,SLB,Honiara,primary,84520.0,1090737486
São Tomé,Sao Tome,0.3361,6.7306,Sao Tome and Principe,ST,STP,Água Grande,primary,56166.0,1678301324
Victoria,Victoria,-4.6167,55.45,Seychelles,SC,SYC,Mont Buxton,primary,26450.0,1690193579
Lobamba,Lobamba,-26.4465,31.2064,Swaziland,SZ,SWZ,Hhohho,primary,5800.0,1748963140
San Marino,San Marino,43.9346,12.4473,San Marino,SM,SMR,San Marino Città,primary,4040.0,1674741947
Philipsburg,Philipsburg,18.0237,-63.0458,Sint Maarten,SX,SXM,,primary,1894.0,1534859858
Jamestown,Jamestown,-15.9251,-5.7179,"Saint Helena, Ascension, and Tristan da Cunha",SH,SHN,Saint Helena,primary,714.0,1654761576
Al Mijlad,Al Mijlad,11.0339,27.74,Sudan,SD,SDN,West Kordofan,,985000.0,1729768355
Baidoa,Baidoa,3.1167,43.65,Somalia,SO,SOM,Bay,admin,950000.0,1706563100
Gaalkacyo,Gaalkacyo,6.7697,47.4308,Somalia,SO,SOM,Mudug,admin,950000.0,1706067930
Khartoum North,Khartoum North,15.6333,32.6333,Sudan,SD,SDN,Khartoum,,936349.0,1729318628
Ad Dammām,Ad Dammam,26.4333,50.1,Saudi Arabia,SA,SAU,Ash Sharqīyah,admin,903312.0,1682452296
Homs,Homs,34.7333,36.7167,Syria,SY,SYR,Ḩimş,admin,775404.0,1760013934
Baardheere,Baardheere,2.3333,42.2833,Somalia,SO,SOM,Gedo,,755500.0,1706822684
Burco,Burco,9.5279,45.5345,Somalia,SO,SOM,Togdheer,admin,750211.0,1706322754
Latakia,Latakia,35.5167,35.7833,Syria,SY,SYR,Al Lādhiqīyah,admin,700000.0,1760555544
Ḩamāh,Hamah,35.1333,36.75,Syria,SY,SYR,Ḩamāh,admin,696863.0,1760197502
Al Hufūf,Al Hufuf,25.3833,49.5833,Saudi Arabia,SA,SAU,Ash Sharqīyah,,660788.0,1682958157
Gothenburg,Gothenburg,57.7075,11.9675,Sweden,SE,SWE,Västra Götaland,admin,607882.0,1752059374
Ḩafr al Bāţin,Hafr al Batin,28.4342,45.9636,Saudi Arabia,SA,SAU,Ash Sharqīyah,,600000.0,1682394909
Al Ḩillah,Al Hillah,23.4895,46.7564,Saudi Arabia,SA,SAU,Ar Riyāḑ,,594605.0,1682494753
Port Sudan,Port Sudan,19.6167,37.2167,Sudan,SD,SDN,Red Sea,admin,579942.0,1729710259
Aţ Ţā’if,At Ta'if,21.2751,40.4062,Saudi Arabia,SA,SAU,Makkah al Mukarramah,,579970.0,1682956102
Tabūk,Tabuk,28.3972,36.5789,Saudi Arabia,SA,SAU,Tabūk,admin,547957.0,1682590992
Kassala,Kassala,15.45,36.4,Sudan,SD,SDN,Kassala,admin,536009.0,1729157224
Cadaado,Cadaado,6.1403,46.6256,Somalia,SO,SOM,Galguduud,,534023.0,1706406560
Touba,Touba,14.8667,-15.8833,Senegal,SN,SEN,Diourbel,,529176.0,1686956738
Al Qaţīf,Al Qatif,26.556,49.996,Saudi Arabia,SA,SAU,Ash Sharqīyah,,524182.0,1682001245
Marka,Marka,1.6833,44.75,Somalia,SO,SOM,Shabeellaha Hoose,admin,499000.0,1706165964
Nyala,Nyala,12.05,24.8833,Sudan,SD,SDN,South Darfur,admin,492984.0,1729833248
Berbera,Berbera,10.4356,45.0164,Somalia,SO,SOM,Woqooyi Galbeed,,478000.0,1706893125
Buraydah,Buraydah,26.3333,43.9667,Saudi Arabia,SA,SAU,Al Qaşīm,admin,467410.0,1682470726
El Obeid,El Obeid,13.1833,30.2167,Sudan,SD,SDN,North Kordofan,admin,418280.0,1729215531
Thiès,Thies,14.7833,-16.9167,Senegal,SN,SEN,Thiès,admin,394544.0,1686527948
Al Jubayl,Al Jubayl,27.0,49.6544,Saudi Arabia,SA,SAU,Ash Sharqīyah,,392948.0,1682564079
Ḩā’il,Ha'il,27.5167,41.6833,Saudi Arabia,SA,SAU,Ḩā’il,admin,385257.0,1682249750
Garoowe,Garoowe,8.4,48.4667,Somalia,SO,SOM,Nugaal,admin,385000.0,1706512367
Ceel Baraf,Ceel Baraf,3.2073,45.7587,Somalia,SO,SOM,Shabeellaha Dhexe,,384630.0,1706959191
Usulután,Usulutan,13.35,-88.45,El Salvador,SV,SLV,Usulután,admin,378606.0,1222984157
Al Kharj,Al Kharj,24.1483,47.305,Saudi Arabia,SA,SAU,Ar Riyāḑ,,376325.0,1682947408
Qardho,Qardho,9.5,49.0833,Somalia,SO,SOM,Bari,,365000.0,1706405003
Buurhakaba,Buurhakaba,2.7833,44.0833,Somalia,SO,SOM,Bay,minor,360795.0,1706176225
Gedaref,Gedaref,14.0333,35.3833,Sudan,SD,SDN,Gedaref,admin,354927.0,1729215057
Kismaayo,Kismaayo,-0.3581,42.5453,Somalia,SO,SOM,Jubbada Hoose,admin,358000.0,1706091701
Malmö,Malmo,55.6058,13.0358,Sweden,SE,SWE,Skåne,admin,351749.0,1752705818
Guédiawaye,Guediawaye,14.7833,-17.4,Senegal,SN,SEN,Dakar,,329659.0,1686908896
Wad Medani,Wad Medani,14.4,33.5167,Sudan,SD,SDN,Gezira,admin,345290.0,1729581572
Kūstī,Kusti,13.1667,32.6667,Sudan,SD,SDN,White Nile,,345068.0,1729229371
Bor,Bor,6.2125,31.5608,South Sudan,SS,SSD,Jonglei,admin,315351.0,1728186782
Al Qunfudhah,Al Qunfudhah,19.1264,41.0789,Saudi Arabia,SA,SAU,Makkah al Mukarramah,,300516.0,1682434353
Ar Raqqah,Ar Raqqah,35.95,39.01,Syria,SY,SYR,Ar Raqqah,admin,299824.0,1760035911
Al Mubarraz,Al Mubarraz,25.4416,49.6642,Saudi Arabia,SA,SAU,Ash Sharqīyah,,298562.0,1682484039
Santa Ana,Santa Ana,13.995,-89.5561,El Salvador,SV,SLV,Santa Ana,admin,280000.0,1222021362
Dayr az Zawr,Dayr az Zawr,35.3333,40.15,Syria,SY,SYR,Dayr az Zawr,admin,271800.0,1760792603
Ed Daein,Ed Daein,11.4608,26.1283,Sudan,SD,SDN,East Darfur,admin,264734.0,1729512354
El Fasher,El Fasher,13.6306,25.35,Sudan,SD,SDN,North Darfur,admin,263243.0,1729372385
Singa,Singa,13.15,33.9333,Sudan,SD,SDN,Sennar,admin,259000.0,1729951108
El Geneina,El Geneina,13.45,22.45,Sudan,SD,SDN,West Darfur,admin,252744.0,1729642412
Yanbu,Yanbu,24.0883,38.0582,Saudi Arabia,SA,SAU,Al Madīnah al Munawwarah,,250000.0,1682000044
Kurmuk,Kurmuk,10.55,34.2833,Sudan,SD,SDN,Blue Nile,,250000.0,1729180375
Sakākā,Sakaka,29.9697,40.2,Saudi Arabia,SA,SAU,Al Jawf,admin,242813.0,1682232132
Dagana,Dagana,16.4833,-15.6,Senegal,SN,SEN,Saint-Louis,,241695.0,1686270478
Košice,Kosice,48.7167,21.25,Slovakia,SK,SVK,Košice,admin,238593.0,1703452690
Abhā,Abha,18.2169,42.5053,Saudi Arabia,SA,SAU,‘Asīr,admin,236157.0,1682759151
Bo,Bo,7.9564,-11.74,Sierra Leone,SL,SLE,Southern,admin,233684.0,1694651111
Şabyā,Sabya,17.1489,42.6258,Saudi Arabia,SA,SAU,Jāzān,,228375.0,1682601560
Rufisque,Rufisque,14.7167,-17.2667,Senegal,SN,SEN,Dakar,,221066.0,1686348669
Al Khubar,Al Khubar,26.2833,50.2,Saudi Arabia,SA,SAU,Ash Sharqīyah,,219679.0,1682059414
San Miguel,San Miguel,13.4814,-88.1775,El Salvador,SV,SLV,San Miguel,admin,218410.0,1222009747
Ar Ruseris,Ar Ruseris,11.85,34.3833,Sudan,SD,SDN,Blue Nile,,215857.0,1729614147
Ziguinchor,Ziguinchor,12.5833,-16.2667,Senegal,SN,SEN,Ziguinchor,admin,205294.0,1686273643
Qal‘at Bīshah,Qal`at Bishah,20.0,42.6,Saudi Arabia,SA,SAU,‘Asīr,,205346.0,1682202412
Santa Tecla,Santa Tecla,13.6731,-89.2406,El Salvador,SV,SLV,La Libertad,admin,199103.0,1222613306
Kenema,Kenema,7.8758,-11.1908,Sierra Leone,SL,SLE,Eastern,admin,188463.0,1694780903
Kajo Kaji,Kajo Kaji,3.8492,31.6578,South Sudan,SS,SSD,Central Equatoria,,196000.0,1728764691
Al Ḩasakah,Al Hasakah,36.5117,40.7422,Syria,SY,SYR,Al Ḩasakah,admin,188160.0,1760476337
Shendi,Shendi,16.6833,33.4333,Sudan,SD,SDN,River Nile,,186611.0,1729244380
Ed Damazin,Ed Damazin,11.7667,34.35,Sudan,SD,SDN,Blue Nile,admin,186051.0,1729684147
Jamaame,Jamaame,0.0667,42.75,Somalia,SO,SOM,Jubbada Hoose,,185270.0,1706288768
Yei,Yei,4.0904,30.68,South Sudan,SS,SSD,Central Equatoria,,185000.0,1728607274
Al Qāmishlī,Al Qamishli,37.05,41.22,Syria,SY,SYR,Al Ḩasakah,minor,184231.0,1760560461
Kadugli,Kadugli,11.0167,29.7167,Sudan,SD,SDN,South Kordofan,admin,176931.0,1729757472
Saint-Louis,Saint-Louis,16.0333,-16.5,Senegal,SN,SEN,Saint-Louis,admin,176000.0,1686542859
Kaolack,Kaolack,14.1389,-16.0764,Senegal,SN,SEN,Kaolack,admin,172305.0,1686256343
Uppsala,Uppsala,59.8581,17.6447,Sweden,SE,SWE,Uppsala,admin,166698.0,1752953686
Magwe,Magwe,4.1333,32.3,South Sudan,SS,SSD,Eastern Equatoria,,169826.0,1728085840
Idlib,Idlib,35.9333,36.6333,Syria,SY,SYR,Idlib,admin,165000.0,1760305230
‘Unayzah,`Unayzah,26.0906,43.9875,Saudi Arabia,SA,SAU,Al Qaşīm,,163729.0,1682546519
Wau,Wau,7.7,28.0,South Sudan,SS,SSD,Western Bahr el Ghazal,admin,163442.0,1728877501
Ras Tanura,Ras Tanura,26.65,50.1667,Saudi Arabia,SA,SAU,Ash Sharqīyah,,153933.0,1682997537
Al Manāqil,Al Manaqil,14.25,32.9833,Sudan,SD,SDN,Gezira,,151827.0,1729742500
Al Ḩawīyah,Al Hawiyah,21.4411,40.4975,Saudi Arabia,SA,SAU,Makkah al Mukarramah,,148151.0,1682803387
Malakal,Malakal,9.55,31.65,South Sudan,SS,SSD,Upper Nile,admin,147450.0,1728299711
Al Qurayyāt,Al Qurayyat,31.3167,37.3667,Saudi Arabia,SA,SAU,Al Jawf,,147550.0,1682805250
Dar‘ā,Dar`a,32.6189,36.1021,Syria,SY,SYR,Dar‘ā,admin,146481.0,1760427038
Qabr as Sitt,Qabr as Sitt,33.4472,36.3361,Syria,SY,SYR,Rīf Dimashq,,136427.0,1760060975
Sannār,Sannar,13.55,33.5833,Sudan,SD,SDN,Sennar,,143059.0,1729986512
Mejicanos,Mejicanos,13.7333,-89.2167,El Salvador,SV,SLV,San Salvador,,140751.0,1222243504
Atbara,Atbara,17.6972,33.9783,Sudan,SD,SDN,River Nile,,139768.0,1729042522
Norrköping,Norrkoping,58.6,16.2,Sweden,SE,SWE,Östergötland,minor,137326.0,1752803583
Uppsala,Uppsala,59.8601,17.64,Sweden,SE,SWE,Stockholm,,133117.0,1752330831
Luuq,Luuq,3.6981,42.5972,Somalia,SO,SOM,Gedo,,134000.0,1706505283
Jaramānā,Jaramana,33.4833,36.35,Syria,SY,SYR,Rīf Dimashq,minor,114363.0,1760709370
Ar Rass,Ar Rass,25.8667,43.5,Saudi Arabia,SA,SAU,Al Qaşīm,,133000.0,1682666279
Apopa,Apopa,13.8,-89.1833,El Salvador,SV,SLV,San Salvador,,131286.0,1222101845
Västerås,Vasteras,59.6161,16.5528,Sweden,SE,SWE,Västmanland,admin,128660.0,1752826955
Koidu,Koidu,8.6439,-10.9717,Sierra Leone,SL,SLE,Eastern,,124662.0,1694710002
Örebro,Orebro,59.2739,15.2075,Sweden,SE,SWE,Örebro,admin,126604.0,1752223019
Al Ḩajar al Aswad,Al Hajar al Aswad,33.464,36.3044,Syria,SY,SYR,Rīf Dimashq,minor,101827.0,1760587307
Jāzān,Jazan,16.8892,42.5611,Saudi Arabia,SA,SAU,Jāzān,admin,127743.0,1682515652
Jilib,Jilib,0.5,42.7667,Somalia,SO,SOM,Jubbada Dhexe,,125000.0,1706018650
Az Zulfī,Az Zulfi,26.2833,44.8,Saudi Arabia,SA,SAU,Ar Riyāḑ,,125000.0,1682476550
Dūmā,Duma,33.5711,36.4011,Syria,SY,SYR,Rīf Dimashq,minor,123494.0,1760821818
Delgado,Delgado,13.7167,-89.1667,El Salvador,SV,SLV,San Salvador,,120200.0,1222858341
Ed Damer,Ed Damer,17.59,33.96,Sudan,SD,SDN,River Nile,admin,122944.0,1729791168
Aw Dheegle,Aw Dheegle,1.9667,44.8333,Somalia,SO,SOM,Shabeellaha Hoose,,119000.0,1706678463
Linköping,Linkoping,58.4158,15.6253,Sweden,SE,SWE,Östergötland,admin,115682.0,1752963378
Petržalka,Petrzalka,48.1333,17.1167,Slovakia,SK,SVK,Bratislava,,114000.0,1703430611
Helsingborg,Helsingborg,56.05,12.7167,Sweden,SE,SWE,Skåne,minor,113828.0,1752789933
Sayhāt,Sayhat,26.475,50.0417,Saudi Arabia,SA,SAU,Ash Sharqīyah,,115000.0,1682602908
Jönköping,Jonkoping,57.7828,14.1606,Sweden,SE,SWE,Jönköping,admin,112766.0,1752079041
Manzini,Manzini,-26.4833,31.3667,Swaziland,SZ,SWZ,Manzini,admin,110508.0,1748177431
Jawhar,Jawhar,2.7833,45.5,Somalia,SO,SOM,Shabeellaha Dhexe,admin,111308.0,1706737655
Ḩaraḑ,Harad,24.1456,49.0653,Saudi Arabia,SA,SAU,Ash Sharqīyah,,111214.0,1682802077
Ahuachapán,Ahuachapan,13.9167,-89.85,El Salvador,SV,SLV,Ahuachapán,admin,110511.0,1222480039
Al Aḩad al Masāriḩah,Al Ahad al Masarihah,16.7097,42.955,Saudi Arabia,SA,SAU,Jāzān,,110710.0,1682620364
As Salamīyah,As Salamiyah,35.0118,37.0525,Syria,SY,SYR,Ḩamāh,minor,110683.0,1760391067
Sonsonate,Sonsonate,13.7167,-89.7167,El Salvador,SV,SLV,Sonsonate,admin,110501.0,1222380208
Žilina,Zilina,49.2228,18.74,Slovakia,SK,SVK,Žilina,admin,108000.0,1703289183
An Nuhūd,An Nuhud,12.7,28.4333,Sudan,SD,SDN,West Kordofan,,108008.0,1729223651
As Safīrah,As Safirah,36.0778,37.3733,Syria,SY,SYR,Ḩalab,minor,106460.0,1760134354
Vimmerby,Vimmerby,57.6667,15.85,Sweden,SE,SWE,Kalmar,minor,100934.0,1752144282
Leer,Leer,8.2979,30.1475,South Sudan,SS,SSD,Unity,,100722.0,1728110399
Diourbel,Diourbel,14.655,-16.2314,Senegal,SN,SEN,Diourbel,admin,100445.0,1686087214
Maribor,Maribor,46.5575,15.6456,Slovenia,SI,SVN,Maribor,admin,97019.0,1705454394
Gävle,Gavle,60.6747,17.1417,Sweden,SE,SWE,Gävleborg,admin,96969.0,1752586931
Makeni,Makeni,8.8817,-12.0442,Sierra Leone,SL,SLE,Northern,admin,87679.0,1694028641
Umeå,Umea,63.825,20.2639,Sweden,SE,SWE,Västerbotten,admin,91916.0,1752273881
Ţarţūs,Tartus,34.8833,35.8833,Syria,SY,SYR,Ţarţūs,admin,89457.0,1760695473
Prešov,Presov,49.0017,21.2394,Slovakia,SK,SVK,Prešov,admin,88680.0,1703231427
Dārayyā,Darayya,33.45,36.25,Syria,SY,SYR,Rīf Dimashq,minor,84044.0,1760409750
Ath Thawrah,Ath Thawrah,35.8367,38.5481,Syria,SY,SYR,Ar Raqqah,minor,84000.0,1760605225
Xuddur,Xuddur,4.12,43.8878,Somalia,SO,SOM,Bakool,admin,85500.0,1706568226
Louga,Louga,15.6167,-16.2167,Senegal,SN,SEN,Louga,admin,85075.0,1686269931
Nitra,Nitra,48.3069,18.0864,Slovakia,SK,SVK,Nitra,admin,78489.0,1703890031
Banská Bystrica,Banska Bystrica,48.7353,19.1453,Slovakia,SK,SVK,Banská Bystrica,admin,78327.0,1703015198
Tambacounda,Tambacounda,13.7689,-13.6672,Senegal,SN,SEN,Tambacounda,admin,78800.0,1686195160
Kuacjok,Kuacjok,8.31,27.99,South Sudan,SS,SSD,Warrap,admin,78111.0,1728713745
Karlstad,Karlstad,59.3783,13.5042,Sweden,SE,SWE,Värmland,admin,74141.0,1752502445
Zacatecoluca,Zacatecoluca,13.5,-88.8667,El Salvador,SV,SLV,La Paz,admin,75100.0,1222647953
Cuscatancingo,Cuscatancingo,13.7333,-89.1833,El Salvador,SV,SLV,San Salvador,,66400.0,1222934169
Najrān,Najran,17.4917,44.1322,Saudi Arabia,SA,SAU,Najrān,admin,72038.0,1682069716
Halmstad,Halmstad,56.6739,12.8572,Sweden,SE,SWE,Halland,admin,71422.0,1752392511
Eskilstuna,Eskilstuna,59.3708,16.5097,Sweden,SE,SWE,Södermanland,minor,67359.0,1752784934
Karlskrona,Karlskrona,56.1608,15.5861,Sweden,SE,SWE,Blekinge,admin,66675.0,1752316086
Växjö,Vaxjo,56.8769,14.8092,Sweden,SE,SWE,Kronoberg,admin,66275.0,1752263370
Täby,Taby,59.4333,18.0833,Sweden,SE,SWE,Stockholm,minor,65364.0,1752810519
Trnava,Trnava,48.3775,17.5883,Slovakia,SK,SVK,Trnava,admin,65382.0,1703497997
As Suwaydā’,As Suwayda',32.7125,36.5667,Syria,SY,SYR,As Suwaydā’,admin,64730.0,1760680757
Beledweyne,Beledweyne,4.7358,45.2036,Somalia,SO,SOM,Hiiraan,admin,62945.0,1706018197
Kolda,Kolda,12.8833,-14.95,Senegal,SN,SEN,Kolda,admin,62258.0,1686219536
Babīlā,Babila,33.4728,36.3344,Syria,SY,SYR,Rīf Dimashq,minor,50880.0,1760722268
Trenčín,Trencin,48.8919,18.0367,Slovakia,SK,SVK,Trenčin,admin,55593.0,1703029695
San Vicente,San Vicente,13.6453,-88.7842,El Salvador,SV,SLV,San Vicente,admin,53213.0,1222913273
Cojutepeque,Cojutepeque,13.7167,-88.9333,El Salvador,SV,SLV,Cuscatlán,admin,50315.0,1222979186
Ḩarastā,Harasta,33.5667,36.3667,Syria,SY,SYR,Rīf Dimashq,minor,45974.0,1760273732
Upplands Väsby,Upplands Vasby,59.5167,17.9167,Sweden,SE,SWE,Stockholm,minor,48907.0,1752271400
Östersund,Ostersund,63.1792,14.6358,Sweden,SE,SWE,Jämtland,admin,49806.0,1752026711
Luleå,Lulea,65.5844,22.1539,Sweden,SE,SWE,Norrbotten,admin,49123.0,1752765449
Aweil,Aweil,8.78,27.4,South Sudan,SS,SSD,Northern Bahr el Ghazal,admin,46705.0,1728097802
Yambio,Yambio,4.565,28.375,South Sudan,SS,SSD,Western Equatoria,admin,45685.0,1728463035
Trelleborg,Trelleborg,55.3667,13.1667,Sweden,SE,SWE,Skåne,minor,43359.0,1752823325
Port Loko,Port Loko,8.7667,-12.7875,Sierra Leone,SL,SLE,North Western,admin,44900.0,1694778676
Kalmar,Kalmar,56.6614,16.3628,Sweden,SE,SWE,Kalmar,admin,41852.0,1752640618
Garbahaarrey,Garbahaarrey,3.35,42.2667,Somalia,SO,SOM,Gedo,admin,43000.0,1706488487
Sensuntepeque,Sensuntepeque,13.8667,-88.6333,El Salvador,SV,SLV,Cabañas,admin,40332.0,1222098918
Tumba,Tumba,59.2,17.8167,Sweden,SE,SWE,Stockholm,minor,37852.0,1752693397
Celje,Celje,46.2358,15.2675,Slovenia,SI,SVN,Celje,admin,37872.0,1705563326
Kaffrine,Kaffrine,14.1014,-15.5432,Senegal,SN,SEN,Kaffrine,admin,39357.0,1686807341
Nyköping,Nykoping,58.7531,17.0086,Sweden,SE,SWE,Södermanland,admin,38780.0,1752377083
Ayutuxtepeque,Ayutuxtepeque,13.7356,-89.2017,El Salvador,SV,SLV,San Salvador,,34710.0,1222570043
Kranj,Kranj,46.2333,14.3667,Slovenia,SI,SVN,Kranj,admin,37941.0,1705842003
Falun,Falun,60.6072,15.6311,Sweden,SE,SWE,Dalarna,admin,37291.0,1752939220
Al Qunayţirah,Al Qunaytirah,33.1256,35.8239,Syria,SY,SYR,Al Qunayţirah,admin,37022.0,1760132692
La Unión,La Union,13.3369,-87.8439,El Salvador,SV,SLV,La Unión,admin,34045.0,1222307415
Lidingö,Lidingo,59.3667,18.15,Sweden,SE,SWE,Stockholm,minor,31561.0,1752051674
Rumbek,Rumbek,6.806,29.676,South Sudan,SS,SSD,Lakes,admin,32100.0,1728842249
Ystad,Ystad,55.4167,13.8333,Sweden,SE,SWE,Skåne,minor,28985.0,1752657171
Kafr Baţnā,Kafr Batna,33.5,36.3667,Syria,SY,SYR,Rīf Dimashq,minor,22535.0,1760528656
Chalatenango,Chalatenango,14.0333,-88.9333,El Salvador,SV,SLV,Chalatenango,admin,29271.0,1222515741
Sonzacate,Sonzacate,13.7356,-89.7161,El Salvador,SV,SLV,Sonsonate,,25005.0,1222944408
Koper,Koper,45.55,13.7333,Slovenia,SI,SVN,Koper,admin,25753.0,1705478862
Velenje,Velenje,46.3625,15.1144,Slovenia,SI,SVN,Velenje,admin,25594.0,1705929589
Arar,Arar,30.9833,41.0167,Saudi Arabia,SA,SAU,Al Ḩudūd ash Shamālīyah,admin,27449.0,1682664517
Zalingei,Zalingei,12.9,23.4833,Sudan,SD,SDN,Central Darfur,admin,27258.0,1729805075
Dongola,Dongola,19.1698,30.4749,Sudan,SD,SDN,Northern,admin,26404.0,1729300155
Visby,Visby,57.629,18.3071,Sweden,SE,SWE,Gotland,admin,24951.0,1752027172
Novo Mesto,Novo Mesto,45.8,15.1667,Slovenia,SI,SVN,Novo Mesto,admin,24183.0,1705849587
Fatick,Fatick,14.3333,-16.4069,Senegal,SN,SEN,Fatick,admin,24243.0,1686096548
Huskvarna,Huskvarna,57.7919,14.2756,Sweden,SE,SWE,Jönköping,,22000.0,1752552539
Al Bāḩah,Al Bahah,20.0125,41.4653,Saudi Arabia,SA,SAU,Al Bāḩah,admin,21983.0,1682121855
Leicester,Leicester,8.45,-13.2167,Sierra Leone,SL,SLE,Western Area,,18678.0,1694657802
San Francisco,San Francisco,13.7,-88.1,El Salvador,SV,SLV,Morazán,admin,21049.0,1222399599
Ḩawsh al Baḩdalīyah,Hawsh al Bahdaliyah,33.4292,36.3611,Syria,SY,SYR,Rīf Dimashq,,12330.0,1760272131
Kédougou,Kedougou,12.55,-12.1833,Senegal,SN,SEN,Kédougou,admin,18860.0,1686320341
Härnösand,Harnosand,62.6361,17.9411,Sweden,SE,SWE,Västernorrland,admin,18508.0,1752644953
Lelydorp,Lelydorp,5.6967,-55.2167,Suriname,SR,SUR,Wanica,admin,18663.0,1740222585
Ptuj,Ptuj,46.4194,15.8694,Slovenia,SI,SVN,Ptuj,admin,17959.0,1705072535
Torit,Torit,4.4081,32.575,South Sudan,SS,SSD,Eastern Equatoria,admin,17957.0,1728698486
Matam,Matam,15.6167,-13.3333,Senegal,SN,SEN,Matam,admin,17324.0,1686919750
Lomma,Lomma,55.6667,13.0833,Sweden,SE,SWE,Skåne,minor,13772.0,1752810659
El Carmen,El Carmen,13.7167,-88.9,El Salvador,SV,SLV,Cuscatlán,,13345.0,1222575606
Kamnik,Kamnik,46.2257,14.612,Slovenia,SI,SVN,Kamnik,admin,13880.0,1705864078
Trbovlje,Trbovlje,46.15,15.05,Slovenia,SI,SVN,Trbovlje,admin,13822.0,1705370010
Jesenice,Jesenice,46.4366,14.0602,Slovenia,SI,SVN,Jesenice,admin,13338.0,1705471403
Domžale,Domzale,46.1394,14.595,Slovenia,SI,SVN,Domžale,admin,13204.0,1705822721
Nieuw Nickerie,Nieuw Nickerie,5.9333,-56.9833,Suriname,SR,SUR,Nickerie,admin,12818.0,1740480869
Nova Gorica,Nova Gorica,45.9558,13.6433,Slovenia,SI,SVN,Nova Gorica,admin,13031.0,1705939355
Älta,Alta,59.25,18.1833,Sweden,SE,SWE,Stockholm,,9989.0,1752413057
Izola,Izola,45.5344,13.6675,Slovenia,SI,SVN,Izola,admin,11682.0,1705476087
Serravalle,Serravalle,43.9694,12.4784,San Marino,SM,SMR,Serravalle,admin,10878.0,1674000000
Murska Sobota,Murska Sobota,46.6667,16.1667,Slovenia,SI,SVN,Murska Sobota,admin,11107.0,1705129726
Škofja Loka,Skofja Loka,46.1672,14.303,Slovenia,SI,SVN,Škofja Loka,admin,11671.0,1705743622
Brevik,Brevik,59.35,18.2,Sweden,SE,SWE,Stockholm,,8772.0,1752993223
Santana,Santana,0.2583,6.7417,Sao Tome and Principe,ST,STP,Cantagalo,admin,10290.0,1678081464
Neves,Neves,0.3592,6.5517,Sao Tome and Principe,ST,STP,Lembá,admin,10068.0,1678563060
Auki,Auki,-8.7667,160.7,Solomon Islands,SB,SLB,Malaita,admin,7882.0,1090993143
Postojna,Postojna,45.7759,14.2137,Slovenia,SI,SVN,Postojna,admin,9605.0,1705090259
Vrhnika,Vrhnika,45.9624,14.2937,Slovenia,SI,SVN,Vrhnika,admin,8888.0,1705071756
Logatec,Logatec,45.9167,14.2297,Slovenia,SI,SVN,Logatec,admin,9091.0,1705275257
Gizo,Gizo,-8.1056,156.8389,Solomon Islands,SB,SLB,Western,admin,6154.0,1090427067
Grosuplje,Grosuplje,45.9551,14.6562,Slovenia,SI,SVN,Grosuplje,admin,7703.0,1705847148
Kočevje,Kocevje,45.643,14.8594,Slovenia,SI,SVN,Kočevje,admin,8151.0,1705859832
Krško,Krsko,45.95,15.4833,Slovenia,SI,SVN,Krško,admin,7217.0,1705286396
Brokopondo,Brokopondo,5.0667,-54.9667,Suriname,SR,SUR,Brokopondo,admin,8340.0,1740558611
Slovenska Bistrica,Slovenska Bistrica,46.3903,15.575,Slovenia,SI,SVN,Slovenska Bistrica,admin,8219.0,1705359875
Litija,Litija,46.0667,14.8167,Slovenia,SI,SVN,Litija,admin,6673.0,1705902870
Guadalupe,Guadalupe,0.38,6.6381,Sao Tome and Principe,ST,STP,Lobata,admin,7604.0,1678998597
Bentiu,Bentiu,9.26,29.8,South Sudan,SS,SSD,Unity,admin,7781.0,1728684421
Ajdovščina,Ajdovscina,45.8861,13.9097,Slovenia,SI,SVN,Ajdovščina,admin,6843.0,1705580792
Borgo Maggiore,Borgo Maggiore,43.945,12.4497,San Marino,SM,SMR,Borgo Maggiore,admin,6871.0,1674314187
Ravne na Koroškem,Ravne na Koroskem,46.5437,14.9642,Slovenia,SI,SVN,Ravne na Koroškem,admin,7363.0,1705757622
Slovenj Gradec,Slovenj Gradec,46.5094,15.0792,Slovenia,SI,SVN,Slovenj Gradec,admin,7249.0,1705845238
Radovljica,Radovljica,46.3425,14.1721,Slovenia,SI,SVN,Radovljica,admin,5981.0,1705488511
Trindade,Trindade,0.3,6.6833,Sao Tome and Principe,ST,STP,Mé-Zóchi,admin,6636.0,1678096936
Brežice,Brezice,45.9048,15.5922,Slovenia,SI,SVN,Brežice,admin,6843.0,1705251132
Medvode,Medvode,46.1382,14.4147,Slovenia,SI,SVN,Medvode,admin,5380.0,1705158152
Mengeš,Menges,46.1626,14.568,Slovenia,SI,SVN,Mengeš,admin,6119.0,1705274788
Siteki,Siteki,-26.45,31.95,Swaziland,SZ,SWZ,Lubombo,admin,6381.0,1748933140
Sežana,Sezana,45.7034,13.8706,Slovenia,SI,SVN,Sežana,admin,6037.0,1705079549
Zagorje,Zagorje,46.1342,14.9942,Slovenia,SI,SVN,Zagorje ob Savi,admin,6023.0,1705942287
Rogaška Slatina,Rogaska Slatina,46.2314,15.6381,Slovenia,SI,SVN,Rogaška Slatina,admin,5082.0,1705772825
Prevalje,Prevalje,46.5438,14.9119,Slovenia,SI,SVN,Prevalje,admin,4620.0,1705187949
Črnomelj,Crnomelj,45.5711,15.1889,Slovenia,SI,SVN,Črnomelj,admin,5496.0,1705132468
Idrija,Idrija,46.0025,14.0275,Slovenia,SI,SVN,Idrija,admin,5886.0,1705472042
Hrastnik,Hrastnik,46.1479,15.1528,Slovenia,SI,SVN,Hrastnik,admin,4962.0,1705818009
Nieuw Amsterdam,Nieuw Amsterdam,5.8833,-55.0833,Suriname,SR,SUR,Commewijne,admin,5650.0,1740547119
Kirakira,Kirakira,-10.45,161.9167,Solomon Islands,SB,SLB,Makira and Ulawa,admin,3500.0,1090349580
Albina,Albina,5.5,-54.05,Suriname,SR,SUR,Marowijne,admin,5247.0,1740921776
Slovenske Konjice,Slovenske Konjice,46.3383,15.4233,Slovenia,SI,SVN,Slovenske Konjice,admin,5157.0,1705506460
Žalec,Zalec,46.251,15.1639,Slovenia,SI,SVN,Žalec,admin,5000.0,1705340993
Bu’aale,Bu'aale,1.0833,42.5833,Somalia,SO,SOM,Jubbada Dhexe,admin,5000.0,1706765820
Šentjur,Sentjur,46.2176,15.396,Slovenia,SI,SVN,Šentjur,admin,4940.0,1705076635
Bled,Bled,46.3688,14.114,Slovenia,SI,SVN,Bled,admin,4929.0,1705655016
Tolmin,Tolmin,46.1857,13.7352,Slovenia,SI,SVN,Tolmin,admin,3525.0,1705602247
Miklavž na Dravskem Polju,Miklavz na Dravskem Polju,46.5057,15.6993,Slovenia,SI,SVN,Miklavž na Dravskem Polju,admin,3808.0,1705244140
Sevnica,Sevnica,46.0092,15.3041,Slovenia,SI,SVN,Sevnica,admin,4533.0,1705218575
Trzin,Trzin,46.1353,14.56,Slovenia,SI,SVN,Trzin,admin,3925.0,1705707595
Dravograd,Dravograd,46.5903,15.0236,Slovenia,SI,SVN,Dravograd,admin,3088.0,1705130450
Tržič,Trzic,46.3581,14.293,Slovenia,SI,SVN,Tržič,admin,3670.0,1705554055
Ilirska Bistrica,Ilirska Bistrica,45.5679,14.2527,Slovenia,SI,SVN,Ilirska Bistrica,admin,4323.0,1705031705
Cerknica,Cerknica,45.7964,14.3581,Slovenia,SI,SVN,Cerknica,admin,4018.0,1705932096
Laško,Lasko,46.1563,15.2386,Slovenia,SI,SVN,Laško,admin,3288.0,1705962698
Ruše,Ruse,46.5386,15.5154,Slovenia,SI,SVN,Ruše,admin,4208.0,1705417281
Zreče,Zrece,46.375,15.3854,Slovenia,SI,SVN,Zreče,admin,2922.0,1705764665
Šempeter pri Gorici,Sempeter pri Gorici,45.9284,13.6378,Slovenia,SI,SVN,Šempeter-Vrtojba,admin,3694.0,1705397569
Žiri,Ziri,46.0469,14.1097,Slovenia,SI,SVN,Žiri,admin,3657.0,1705440220
Gornja Radgona,Gornja Radgona,46.6752,15.9926,Slovenia,SI,SVN,Gornja Radgona,admin,3086.0,1705643923
Domagnano,Domagnano,43.95,12.4667,San Marino,SM,SMR,Domagnano,admin,3565.0,1674267133
Trebnje,Trebnje,45.9104,15.0086,Slovenia,SI,SVN,Trebnje,admin,3927.0,1705570941
Ribnica,Ribnica,45.74,14.7308,Slovenia,SI,SVN,Ribnica,admin,3612.0,1705675272
Piran,Piran,45.5283,13.5683,Slovenia,SI,SVN,Piran,admin,3730.0,1705085466
Šoštanj,Sostanj,46.3798,15.0482,Slovenia,SI,SVN,Šoštanj,admin,2933.0,1705376916
Brezovica,Brezovica,46.0207,14.4178,Slovenia,SI,SVN,Brezovica,admin,3221.0,1705190624
Ljutomer,Ljutomer,46.5168,16.2027,Slovenia,SI,SVN,Ljutomer,admin,3270.0,1705303708
São João dos Angolares,Sao Joao dos Angolares,0.1333,6.65,Sao Tome and Principe,ST,STP,Caué,admin,3605.0,1678826533
Ankaran,Ankaran,45.5793,13.7379,Slovenia,SI,SVN,Ankaran,admin,3224.0,1705521676
Šenčur,Sencur,46.243,14.4181,Slovenia,SI,SVN,Šenčur,admin,3121.0,1705968659
Ivančna Gorica,Ivancna Gorica,45.9374,14.8029,Slovenia,SI,SVN,Ivančna Gorica,admin,2205.0,1705930549
Škofljica,Skofljica,45.9836,14.5761,Slovenia,SI,SVN,Škofljica,admin,2716.0,1705067758
Lenart v Slovenskih Goricah,Lenart v Slovenskih Goricah,46.5742,15.8322,Slovenia,SI,SVN,Lenart,admin,3285.0,1705719159
Buala,Buala,-8.1333,159.5833,Solomon Islands,SB,SLB,Isabel,admin,2813.0,1090726690
Mežica,Mezica,46.5206,14.8536,Slovenia,SI,SVN,Mežica,admin,3176.0,1705607524
Železniki,Zelezniki,46.2182,14.1592,Slovenia,SI,SVN,Železniki,admin,3069.0,1705885002
Groningen,Groningen,5.8,-55.4667,Suriname,SR,SUR,Saramacca,admin,3216.0,1740072928
Metlika,Metlika,45.6517,15.32,Slovenia,SI,SVN,Metlika,admin,3229.0,1705008169
Štore,Store,46.2219,15.3111,Slovenia,SI,SVN,Štore,admin,2257.0,1705775604
Borovnica,Borovnica,45.9197,14.3572,Slovenia,SI,SVN,Borovnica,admin,2674.0,1705665714
Rogašovci,Rogasovci,46.8053,16.0344,Slovenia,SI,SVN,Rogašovci,admin,2946.0,1705970248
Rače,Race,46.4529,15.6812,Slovenia,SI,SVN,Rače-Fram,admin,2693.0,1705643433
Polzela,Polzela,46.2809,15.074,Slovenia,SI,SVN,Polzela,admin,2351.0,1705144123
Lendava,Lendava,46.5631,16.4519,Slovenia,SI,SVN,Lendava,admin,2954.0,1705653525
Vojnik,Vojnik,46.2933,15.3052,Slovenia,SI,SVN,Vojnik,admin,2475.0,1705662463
Fiorentino,Fiorentino,43.9106,12.4556,San Marino,SM,SMR,Fiorentino,admin,2548.0,1674000001
Radlje ob Dravi,Radlje ob Dravi,46.6152,15.2264,Slovenia,SI,SVN,Radlje ob Dravi,admin,2856.0,1705478193
Radenci,Radenci,46.65,16.05,Slovenia,SI,SVN,Radenci,admin,2142.0,1705609332
Mozirje,Mozirje,46.3381,14.9572,Slovenia,SI,SVN,Mozirje,admin,2052.0,1705239053
Muta,Muta,46.6167,15.1667,Slovenia,SI,SVN,Muta,admin,2291.0,1705459961
Cerklje na Gorenjskem,Cerklje na Gorenjskem,46.2488,14.4855,Slovenia,SI,SVN,Cerklje na Gorenjskem,admin,1710.0,1705820033
Šmarje,Smarje,46.2281,15.5182,Slovenia,SI,SVN,Šmarje pri Jelšah,admin,1755.0,1705373506
Acquaviva,Acquaviva,43.9457,12.4185,San Marino,SM,SMR,Acquaviva,admin,2145.0,1674696011
Spodnje Hoče,Spodnje Hoce,46.4996,15.6471,Slovenia,SI,SVN,Hoče-Slivnica,admin,2109.0,1705379997
Črna na Koroškem,Crna na Koroskem,46.4697,14.849,Slovenia,SI,SVN,Črna na Koroškem,admin,2201.0,1705127725
Beltinci,Beltinci,46.606,16.2328,Slovenia,SI,SVN,Beltinci,admin,2430.0,1705238814
Ig,Ig,45.9692,14.5394,Slovenia,SI,SVN,Ig,admin,2240.0,1705409266
Prebold,Prebold,46.2369,15.0919,Slovenia,SI,SVN,Prebold,admin,1605.0,1705746627
Pivka,Pivka,45.6833,14.2,Slovenia,SI,SVN,Pivka,admin,2059.0,1705709650
Lovrenc na Pohorju,Lovrenc na Pohorju,46.5381,15.3844,Slovenia,SI,SVN,Lovrenc na Pohorju,admin,1992.0,1705376318
Onverwacht,Onverwacht,5.5931,-55.1939,Suriname,SR,SUR,Para,admin,2223.0,1740007571
Naklo,Naklo,46.2749,14.3176,Slovenia,SI,SVN,Naklo,admin,1776.0,1705637872
Straža,Straza,45.7864,15.0745,Slovenia,SI,SVN,Straža,admin,1945.0,1705491164
Semič,Semic,45.6546,15.1783,Slovenia,SI,SVN,Semič,admin,2017.0,1705653513
Totness,Totness,5.8775,-56.3292,Suriname,SR,SUR,Coronie,admin,2150.0,1740738832
Spodnji Duplek,Spodnji Duplek,46.5053,15.7467,Slovenia,SI,SVN,Duplek,admin,1689.0,1705953692
Šentjernej,Sentjernej,45.8389,15.3361,Slovenia,SI,SVN,Šentjernej,admin,1441.0,1705329272
Miren,Miren,45.8962,13.6072,Slovenia,SI,SVN,Miren-Kostanjevica,admin,1506.0,1705608129
Vipava,Vipava,45.8476,13.9624,Slovenia,SI,SVN,Vipava,admin,2049.0,1705864633
Tulagi,Tulagi,-9.1014,160.1467,Solomon Islands,SB,SLB,Central,admin,1251.0,1090844311
Zgornja Kungota,Zgornja Kungota,46.6388,15.6141,Slovenia,SI,SVN,Kungota,admin,1594.0,1705104301
Radeče,Radece,46.0658,15.1728,Slovenia,SI,SVN,Radeče,admin,1993.0,1705420341
Ormož,Ormoz,46.4086,16.1475,Slovenia,SI,SVN,Ormož,admin,1962.0,1705413437
Vuzenica,Vuzenica,46.5992,15.1669,Slovenia,SI,SVN,Vuzenica,admin,1522.0,1705639122
Bohinjska Bistrica,Bohinjska Bistrica,46.2742,13.9524,Slovenia,SI,SVN,Bohinj,admin,1767.0,1705094350
Divača,Divaca,45.682,13.9702,Slovenia,SI,SVN,Divača,admin,1734.0,1705065298
Šmartno,Smartno,46.0441,14.8466,Slovenia,SI,SVN,Šmartno pri Litiji,admin,1395.0,1705164835
Mislinja,Mislinja,46.4431,15.1931,Slovenia,SI,SVN,Mislinja,admin,1862.0,1705898157
Vodice,Vodice,46.1833,14.4833,Slovenia,SI,SVN,Vodice,admin,1631.0,1705728443
Rogatec,Rogatec,46.2243,15.7052,Slovenia,SI,SVN,Rogatec,admin,1540.0,1705579021
Odranci,Odranci,46.5856,16.2753,Slovenia,SI,SVN,Odranci,admin,1632.0,1705912877
Selnica ob Dravi,Selnica ob Dravi,46.5514,15.4947,Slovenia,SI,SVN,Selnica ob Dravi,admin,1348.0,1705864774
Dragomer,Dragomer,46.0189,14.382,Slovenia,SI,SVN,Log-Dragomer,admin,1464.0,1705762040
Nazarje,Nazarje,46.3202,14.9531,Slovenia,SI,SVN,Nazarje,admin,880.0,1705598784
Oplotnica,Oplotnica,46.386,15.4458,Slovenia,SI,SVN,Oplotnica,admin,1420.0,1705182651
Mirna,Mirna,45.9476,15.0664,Slovenia,SI,SVN,Mirna,admin,1371.0,1705033855
Turnišče,Turnisce,46.6194,16.3223,Slovenia,SI,SVN,Turnišče,admin,1506.0,1705851676
Cerkno,Cerkno,46.1283,13.9915,Slovenia,SI,SVN,Cerkno,admin,1425.0,1705759580
Bovec,Bovec,46.3378,13.5522,Slovenia,SI,SVN,Bovec,admin,1586.0,1705609781
Kanal,Kanal,46.088,13.6347,Slovenia,SI,SVN,Kanal ob Soči,admin,1142.0,1705955833
Poljčane,Poljcane,46.3135,15.5791,Slovenia,SI,SVN,Poljčane,admin,1118.0,1705286007
Tabor,Tabor,46.2108,15.0047,Slovenia,SI,SVN,Tabor,admin,1494.0,1705756002
Moravče,Moravce,46.1356,14.7439,Slovenia,SI,SVN,Moravče,admin,957.0,1705291500
Horjul,Horjul,46.023,14.2981,Slovenia,SI,SVN,Horjul,admin,1169.0,1705243858
Dornava,Dornava,46.4299,15.9488,Slovenia,SI,SVN,Dornava,admin,1263.0,1705023699
Kranjska Gora,Kranjska Gora,46.4854,13.7871,Slovenia,SI,SVN,Kranjska Gora,admin,1452.0,1705443136
Šmartno,Smartno,46.3297,15.0325,Slovenia,SI,SVN,Šmartno ob Paki,admin,636.0,1705804130
Kidričevo,Kidricevo,46.406,15.7983,Slovenia,SI,SVN,Kidričevo,admin,1257.0,1705321982
Taro,Taro,-6.7111,156.3972,Solomon Islands,SB,SLB,Choiseul,admin,,1090931394
Santo António,Santo Antonio,1.6367,7.4178,Sao Tome and Principe,ST,STP,Príncipe,admin,1300.0,1678729743
Vitanje,Vitanje,46.3825,15.2956,Slovenia,SI,SVN,Vitanje,admin,859.0,1705925648
Faetano,Faetano,43.9256,12.4983,San Marino,SM,SMR,Faetano,admin,1177.0,1674994606
Gorenja Vas,Gorenja Vas,46.1069,14.1451,Slovenia,SI,SVN,Gorenja Vas-Poljane,admin,1132.0,1705961189
Ljubno,Ljubno,46.3333,14.8333,Slovenia,SI,SVN,Ljubno,admin,1094.0,1705083617
Lata,Lata,-10.7167,165.8333,Solomon Islands,SB,SLB,Temotu,admin,553.0,1090442496
Komenda,Komenda,46.2073,14.539,Slovenia,SI,SVN,Komenda,admin,896.0,1705295612
Črenšovci,Crensovci,46.5747,16.2937,Slovenia,SI,SVN,Črenšovci,admin,1151.0,1705698578
Montegiardino,Montegiardino,43.9089,12.4844,San Marino,SM,SMR,Montegiardino,admin,967.0,1674000002
Benedikt,Benedikt,46.6065,15.8842,Slovenia,SI,SVN,Benedikt,admin,1078.0,1705523597
Stari Trg,Stari Trg,45.7142,14.4695,Slovenia,SI,SVN,Loška Dolina,admin,838.0,1705849784
Mirna Peč,Mirna Pec,45.858,15.0876,Slovenia,SI,SVN,Mirna Peč,admin,1015.0,1705096910
Gorišnica,Gorisnica,46.4122,16.0131,Slovenia,SI,SVN,Gorišnica,admin,856.0,1705561619
Gornji Grad,Gornji Grad,46.2961,14.8052,Slovenia,SI,SVN,Gornji Grad,admin,1016.0,1705879741
Pesnica,Pesnica,46.6099,15.6714,Slovenia,SI,SVN,Pesnica,admin,843.0,1705389455
Kobarid,Kobarid,46.2464,13.578,Slovenia,SI,SVN,Kobarid,admin,1085.0,1705651680
Središče ob Dravi,Sredisce ob Dravi,46.3933,16.2722,Slovenia,SI,SVN,Središče ob Dravi,admin,984.0,1705613407
Sveta Trojica v Slovenskih Goricah,Sveta Trojica v Slovenskih Goricah,46.5756,15.8769,Slovenia,SI,SVN,Sveta Trojica v Slovenskih Goricah,admin,754.0,1705659496
Veržej,Verzej,46.5818,16.1623,Slovenia,SI,SVN,Veržej,admin,900.0,1705529436
Dobrova,Dobrova,46.0533,14.4144,Slovenia,SI,SVN,Dobrova-Polhov Gradec,admin,921.0,1705653264
Videm pri Ptuju,Videm pri Ptuju,46.3699,15.8935,Slovenia,SI,SVN,Videm,admin,451.0,1705681768
Dobrovnik,Dobrovnik,46.6515,16.3479,Slovenia,SI,SVN,Dobrovnik,admin,948.0,1705602796
Velika Polana,Velika Polana,46.5719,16.3472,Slovenia,SI,SVN,Velika Polana,admin,870.0,1705627212
Dolenjske Toplice,Dolenjske Toplice,45.7545,15.0583,Slovenia,SI,SVN,Dolenjske Toplice,admin,882.0,1705395845
Kostanjevica na Krki,Kostanjevica na Krki,45.8463,15.4249,Slovenia,SI,SVN,Kostanjevica na Krki,admin,689.0,1705796422
Dol,Dol,46.0884,14.6425,Slovenia,SI,SVN,Dol pri Ljubljani,admin,277.0,1705717325
Preddvor,Preddvor,46.3052,14.4203,Slovenia,SI,SVN,Preddvor,admin,835.0,1705403351
Zgornja Hajdina,Zgornja Hajdina,46.4057,15.8385,Slovenia,SI,SVN,Hajdina,admin,804.0,1705893552
Starše,Starse,46.4664,15.7675,Slovenia,SI,SVN,Starše,admin,757.0,1705557844
Sodražica,Sodrazica,45.7616,14.6363,Slovenia,SI,SVN,Sodražica,admin,842.0,1705295579
Majšperk,Majsperk,46.35,15.7333,Slovenia,SI,SVN,Majšperk,admin,606.0,1705147774
Velike Lašče,Velike Lasce,45.8363,14.6377,Slovenia,SI,SVN,Velike Lašče,admin,724.0,1705618557
Moravske-Toplice,Moravske-Toplice,46.6927,16.2281,Slovenia,SI,SVN,Moravske Toplice,admin,752.0,1705126489
Videm,Videm,45.8484,14.6944,Slovenia,SI,SVN,Dobrepolje,admin,590.0,1705074870
Dobrna,Dobrna,46.3381,15.2293,Slovenia,SI,SVN,Dobrna,admin,536.0,1705353787
Puconci,Puconci,46.7039,16.1572,Slovenia,SI,SVN,Puconci,admin,633.0,1705677747
Mokronog,Mokronog,45.9426,15.149,Slovenia,SI,SVN,Mokronog-Trebelno,admin,700.0,1705336506
Rečica,Recica,46.3247,14.9228,Slovenia,SI,SVN,Rečica ob Savinji,admin,516.0,1705082644
Kozje,Kozje,46.074,15.559,Slovenia,SI,SVN,Kozje,admin,634.0,1705548274
Komen,Komen,45.8159,13.7507,Slovenia,SI,SVN,Komen,admin,642.0,1705031068
Križevci,Krizevci,46.5631,16.1399,Slovenia,SI,SVN,Križevci,admin,499.0,1705138690
Markovci,Markovci,46.3956,15.9314,Slovenia,SI,SVN,Markovci,admin,495.0,1705493301
Šmarješke Toplice,Smarjeske Toplice,45.8622,15.2214,Slovenia,SI,SVN,Šmarješke Toplice,admin,492.0,1705361649
Luče,Luce,46.3565,14.7436,Slovenia,SI,SVN,Luče,admin,402.0,1705042629
Grad,Grad,46.7977,16.0984,Slovenia,SI,SVN,Grad,admin,620.0,1705033390
Podčetrtek,Podcetrtek,46.1573,15.5974,Slovenia,SI,SVN,Podčetrtek,admin,578.0,1705261000
Apače,Apace,46.6967,15.9111,Slovenia,SI,SVN,Apače,admin,543.0,1705285338
Lukovica,Lukovica,46.1686,14.6892,Slovenia,SI,SVN,Lukovica,admin,438.0,1705829201
Tigoa,Tigoa,-11.5583,160.0706,Solomon Islands,SB,SLB,Rennell and Bellona,admin,613.0,1090423471
Cirkulane,Cirkulane,46.3436,15.9941,Slovenia,SI,SVN,Cirkulane,admin,451.0,1705650900
Dobrovo,Dobrovo,45.9989,13.5296,Slovenia,SI,SVN,Brda,admin,334.0,1705226459
Zgornje Gorje,Zgornje Gorje,46.3801,14.0684,Slovenia,SI,SVN,Gorje,admin,532.0,1705342044
Šentrupert,Sentrupert,45.9769,15.0897,Slovenia,SI,SVN,Šentrupert,admin,310.0,1705083565
Kobilje,Kobilje,46.6837,16.3953,Slovenia,SI,SVN,Kobilje,admin,542.0,1705965317
Zgornje Jezersko,Zgornje Jezersko,46.3951,14.4966,Slovenia,SI,SVN,Jezersko,admin,558.0,1705991236
Sveti Jurij,Sveti Jurij,46.5683,16.0203,Slovenia,SI,SVN,Sveti Jurij ob Ščavnici,admin,209.0,1705832384
Kuzma,Kuzma,46.8333,16.0833,Slovenia,SI,SVN,Kuzma,admin,429.0,1705411351
Cankova,Cankova,46.7193,16.0179,Slovenia,SI,SVN,Cankova,admin,416.0,1705097170
Juršinci,Jursinci,46.4853,15.971,Slovenia,SI,SVN,Juršinci,admin,381.0,1705262198
Nova Vas,Nova Vas,45.7726,14.5064,Slovenia,SI,SVN,Bloke,admin,293.0,1705701553
Destrnik,Destrnik,46.4923,15.8801,Slovenia,SI,SVN,Destrnik,admin,186.0,1705579309
Gornji Petrovci,Gornji Petrovci,46.805,16.2172,Slovenia,SI,SVN,Gornji Petrovci,admin,411.0,1705170234
Ribnica,Ribnica,46.5372,15.2733,Slovenia,SI,SVN,Ribnica na Pohorju,admin,404.0,1705830999
Podlehnik,Podlehnik,46.3361,15.8786,Slovenia,SI,SVN,Podlehnik,admin,378.0,1705352359
Dhuusamarreeb,Dhuusamarreeb,5.535,46.3861,Somalia,SO,SOM,Galguduud,admin,447.0,1706027824
Makole,Makole,46.3174,15.6669,Slovenia,SI,SVN,Makole,admin,221.0,1705304446
Trnovska Vas,Trnovska Vas,46.5231,15.8978,Slovenia,SI,SVN,Trnovska Vas,admin,369.0,1705654373
Jurovski Dol,Jurovski Dol,46.6087,15.7796,Slovenia,SI,SVN,Sveti Jurij v Slovenskih Goricah,admin,361.0,1705288408
Tišina,Tisina,46.6558,16.0933,Slovenia,SI,SVN,Tišina,admin,408.0,1705811179
Šalovci,Salovci,46.825,16.2981,Slovenia,SI,SVN,Šalovci,admin,392.0,1705296581
Vitomarci,Vitomarci,46.5248,15.9346,Slovenia,SI,SVN,Sveti Andraž v Slovenskih Goricah,admin,341.0,1705653481
Braslovče,Braslovce,46.2884,15.0386,Slovenia,SI,SVN,Braslovče,admin,378.0,1705126731
Sveta Ana,Sveta Ana,46.6497,15.8453,Slovenia,SI,SVN,Sveta Ana,admin,159.0,1705062986
Cerkvenjak,Cerkvenjak,46.566,15.9429,Slovenia,SI,SVN,Cerkvenjak,admin,163.0,1705808302
Hrib-Loški Potok,Hrib-Loski Potok,45.7015,14.5901,Slovenia,SI,SVN,Loški Potok,admin,353.0,1705118688
Podvelka,Podvelka,46.5864,15.3286,Slovenia,SI,SVN,Podvelka,admin,299.0,1705523444
Škocjan,Skocjan,45.9069,15.2914,Slovenia,SI,SVN,Škocjan,admin,233.0,1705940381
Bistrica ob Sotli,Bistrica ob Sotli,46.0589,15.6642,Slovenia,SI,SVN,Bistrica ob Sotli,admin,235.0,1705641346
Tomaž pri Ormožu,Tomaz pri Ormozu,46.4833,16.0794,Slovenia,SI,SVN,Sveti Tomaž,admin,254.0,1705837424
Hodoš,Hodos,46.8285,16.3239,Slovenia,SI,SVN,Hodoš,admin,280.0,1705217643
Šentilj,Sentilj,46.6817,15.6481,Slovenia,SI,SVN,Šentilj,admin,,1705840723
Solčava,Solcava,46.4201,14.6918,Slovenia,SI,SVN,Solčava,admin,208.0,1705581561
Razkrižje,Razkrizje,46.5182,16.2882,Slovenia,SI,SVN,Razkrižje,admin,141.0,1705276725
Chiesanuova,Chiesanuova,43.9061,12.4214,San Marino,SM,SMR,Chiesanuova,admin,,1674546686
Rabak,Rabak,13.185,32.744,Sudan,SD,SDN,White Nile,admin,,1729452233
Dobje,Dobje,46.1369,15.3945,Slovenia,SI,SVN,Dobje,admin,114.0,1705204927
Osilnica,Osilnica,45.5289,14.6983,Slovenia,SI,SVN,Osilnica,admin,76.0,1705839708
Žužemberk,Zuzemberk,45.8339,14.9292,Slovenia,SI,SVN,Žužemberk,admin,,1705027920
Zavrč,Zavrc,46.3917,16.0497,Slovenia,SI,SVN,Zavrč,admin,,1705477555
Boorama,Boorama,9.9361,43.1828,Somalia,SO,SOM,Awdal,admin,,1706767209
Nhlangano,Nhlangano,-27.1167,31.2,Swaziland,SZ,SWZ,Shiselweni,admin,,1748301792
Sédhiou,Sedhiou,12.7,-15.55,Senegal,SN,SEN,Sédhiou,admin,,1686107428
Žetale,Zetale,46.275,15.7939,Slovenia,SI,SVN,Žetale,admin,,1705941695
Kostel,Kostel,45.5088,14.91,Slovenia,SI,SVN,Kostel,admin,10.0,1705541759
Vransko,Vransko,46.172,14.8217,Slovenia,SI,SVN,Vransko,admin,11.0,1705616966
El Fula,El Fula,11.7175,28.34,Sudan,SD,SDN,West Kordofan,admin,,1729946051
Laascaanood,Laascaanood,8.4774,47.3597,Somalia,SO,SOM,Sool,admin,,1706106404
Georgetown,Georgetown,-7.9286,-14.4119,"Saint Helena, Ascension, and Tristan da Cunha",SH,SHN,Ascension,admin,,1654363572
Ceerigaabo,Ceerigaabo,10.6162,47.3679,Somalia,SO,SOM,Sanaag,admin,,1706173875
Edinburgh of the Seven Seas,Edinburgh of the Seven Seas,-37.0675,-12.3105,"Saint Helena, Ascension, and Tristan da Cunha",SH,SHN,Tristan da Cunha,admin,,1654661876
Sundsvall,Sundsvall,62.4,17.3167,Sweden,SE,SWE,Västernorrland,minor,99825.0,1752024232
Khamīs Mushayţ,Khamis Mushayt,18.3,42.7333,Saudi Arabia,SA,SAU,‘Asīr,,99213.0,1682497044
Oodweyne,Oodweyne,9.4,45.0667,Somalia,SO,SOM,Togdheer,,98131.0,1706384679
Colón,Colon,13.7167,-89.3667,El Salvador,SV,SLV,La Libertad,,96989.0,1222369620
Acajutla,Acajutla,13.59,-89.8336,El Salvador,SV,SLV,Sonsonate,,92000.0,1222402975
Tonacatepeque,Tonacatepeque,13.7833,-89.1167,El Salvador,SV,SLV,San Salvador,,90896.0,1222948232
Ţurayf,Turayf,31.6775,38.6531,Saudi Arabia,SA,SAU,Al Ḩudūd ash Shamālīyah,,91713.0,1682455207
Ma‘arrat an Nu‘mān,Ma`arrat an Nu`man,35.6386,36.6717,Syria,SY,SYR,Idlib,minor,90000.0,1760482977
Chalchuapa,Chalchuapa,13.9833,-89.6833,El Salvador,SV,SLV,Santa Ana,,90000.0,1222559007
Richard-Toll,Richard-Toll,16.4667,-15.6833,Senegal,SN,SEN,Saint-Louis,,90000.0,1686778591
Barwaaqo,Barwaaqo,3.4833,42.1833,Somalia,SO,SOM,Gedo,,90000.0,1706735840
Afmadow,Afmadow,0.5156,42.0733,Somalia,SO,SOM,Jubbada Hoose,,90000.0,1706654469
Caracase,Caracase,3.7533,42.5442,Somalia,SO,SOM,Gedo,,89345.0,1706846074
Koidu-Bulma,Koidu-Bulma,8.4405,-10.85,Sierra Leone,SL,SLE,Eastern,,87539.0,1694104584
Ad Diwem,Ad Diwem,14.0,32.3167,Sudan,SD,SDN,White Nile,,87068.0,1729364292
Sharūrah,Sharurah,17.4833,47.1167,Saudi Arabia,SA,SAU,Najrān,,85977.0,1682490742
Buuhoodle,Buuhoodle,8.2311,46.3267,Somalia,SO,SOM,Togdheer,,83747.0,1706850351
Ufeyn,Ufeyn,10.65,49.75,Somalia,SO,SOM,Bari,,82850.0,1706398122
Rafḩā,Rafha,29.6386,43.5014,Saudi Arabia,SA,SAU,Al Ḩudūd ash Shamālīyah,,80544.0,1682612877
Afgooye,Afgooye,2.1413,45.1169,Somalia,SO,SOM,Shabeellaha Hoose,minor,79400.0,1706930457
Manbij,Manbij,36.5275,37.9553,Syria,SY,SYR,Ḩalab,minor,78255.0,1760355581
Jablah,Jablah,35.35,35.9167,Syria,SY,SYR,Al Lādhiqīyah,minor,75505.0,1760685267
Wisil,Wisil,5.4333,48.1167,Somalia,SO,SOM,Mudug,,75000.0,1706820984
San Juan Opico,San Juan Opico,13.8833,-89.35,El Salvador,SV,SLV,La Libertad,,74280.0,1222760219
Skellefteå,Skelleftea,64.75,20.95,Sweden,SE,SWE,Västerbotten,minor,74402.0,1752233025
Södertälje,Sodertalje,59.1958,17.6281,Sweden,SE,SWE,Stockholm,minor,72704.0,1752403970
Tokār,Tokar,18.4253,37.7292,Sudan,SD,SDN,Red Sea,,73202.0,1729512860
Al Līth,Al Lith,20.15,40.2667,Saudi Arabia,SA,SAU,Makkah al Mukarramah,,72000.0,1682243537
Izalco,Izalco,13.7333,-89.6667,El Salvador,SV,SLV,Sonsonate,,70959.0,1222502574
Badhan,Badhan,10.7139,48.3347,Somalia,SO,SOM,Sanaag,,70000.0,1706819798
Ad Darb,Ad Darb,17.7167,42.25,Saudi Arabia,SA,SAU,Jāzān,,69134.0,1682370751
Renk,Renk,11.83,32.8,South Sudan,SS,SSD,Upper Nile,,69079.0,1728415189
Mbaké,Mbake,14.7917,-15.9083,Senegal,SN,SEN,Diourbel,,68054.0,1686440030
Hobyo,Hobyo,5.3514,48.5256,Somalia,SO,SOM,Mudug,minor,67249.0,1706623995
Borås,Boras,57.7211,12.9403,Sweden,SE,SWE,Västra Götaland,minor,66273.0,1752555835
Xarardheere,Xarardheere,4.6544,47.8575,Somalia,SO,SOM,Mudug,,65523.0,1706020308
Ra’s al Khafjī,Ra's al Khafji,28.4167,48.5,Saudi Arabia,SA,SAU,Ash Sharqīyah,,65000.0,1682230104
Nawá,Nawa,32.8889,36.0431,Syria,SY,SYR,Dar‘ā,minor,63676.0,1760963983
At Tall,At Tall,33.6,36.3,Syria,SY,SYR,Rīf Dimashq,minor,63554.0,1760718626
Badr Ḩunayn,Badr Hunayn,23.78,38.7906,Saudi Arabia,SA,SAU,Al Madīnah al Munawwarah,,63468.0,1682157831
Khulayş,Khulays,22.1539,39.3183,Saudi Arabia,SA,SAU,Makkah al Mukarramah,,63445.0,1682152302
Qoryooley,Qoryooley,1.7833,44.5333,Somalia,SO,SOM,Shabeellaha Hoose,minor,62700.0,1706713350
Ar Rastan,Ar Rastan,34.9167,36.7333,Syria,SY,SYR,Ḩimş,minor,61176.0,1760205423
Ilobasco,Ilobasco,13.84,-88.85,El Salvador,SV,SLV,Cabañas,,61510.0,1222256705
Trollhättan,Trollhattan,58.2828,12.2892,Sweden,SE,SWE,Västra Götaland,minor,59210.0,1752863731
Al Qurayyā,Al Qurayya,35.0025,40.5117,Syria,SY,SYR,Dayr az Zawr,,60780.0,1760541645
Buqda Caqable,Buqda Caqable,4.06,45.2575,Somalia,SO,SOM,Hiiraan,,60000.0,1706953037
Metapán,Metapan,14.3314,-89.4428,El Salvador,SV,SLV,Santa Ana,,59004.0,1222716890
Bura,Bura,3.1722,42.1411,Somalia,SO,SOM,Gedo,,57000.0,1706744119
Khān Shaykhūn,Khan Shaykhun,35.4389,36.6511,Syria,SY,SYR,Idlib,minor,55843.0,1760049407
Quezaltepeque,Quezaltepeque,13.8333,-89.2667,El Salvador,SV,SLV,La Libertad,,56181.0,1222731128
Umm Ruwaba,Umm Ruwaba,12.9046,31.2079,Sudan,SD,SDN,North Kordofan,,55742.0,1729566926
Martin,Martin,49.065,18.9219,Slovakia,SK,SVK,Žilina,minor,54978.0,1703554366
Bilis Qooqaani,Bilis Qooqaani,0.2822,41.7144,Somalia,SO,SOM,Jubbada Hoose,,55000.0,1706381746
An Nimāş,An Nimas,19.12,42.13,Saudi Arabia,SA,SAU,‘Asīr,,53908.0,1682459035
Bacaadweyn,Bacaadweyn,7.1917,47.5258,Somalia,SO,SOM,Mudug,,53890.0,1706478159
Al Majāridah,Al Majaridah,19.1167,41.9167,Saudi Arabia,SA,SAU,‘Asīr,,53629.0,1682638402
Poprad,Poprad,49.0594,20.2975,Slovakia,SK,SVK,Prešov,minor,52037.0,1703451549
Bargny,Bargny,14.6939,-17.2336,Senegal,SN,SEN,Dakar,,51188.0,1686924256
An Nabk,An Nabk,34.0167,36.7167,Syria,SY,SYR,Rīf Dimashq,minor,52502.0,1760474665
Ālbū Kamāl,Albu Kamal,34.4536,40.9367,Syria,SY,SYR,Dayr az Zawr,minor,52020.0,1760836213
Ad Dabbah,Ad Dabbah,18.0502,30.9495,Sudan,SD,SDN,Northern,,52000.0,1729074461
Tadmur,Tadmur,34.56,38.2672,Syria,SY,SYR,Ḩimş,minor,51323.0,1760484707
Nahuizalco,Nahuizalco,13.7833,-89.7333,El Salvador,SV,SLV,Sonsonate,,49081.0,1222682318
Gogrial,Gogrial,8.53,28.1,South Sudan,SS,SSD,Warrap,,50065.0,1728342889
Ceel Dheere,Ceel Dheere,5.3683,46.1911,Somalia,SO,SOM,Galguduud,,50000.0,1706349687
Godinlabe,Godinlabe,5.8794,46.6308,Somalia,SO,SOM,Galguduud,,50000.0,1706143900
Al Wajh,Al Wajh,26.2833,36.4167,Saudi Arabia,SA,SAU,Tabūk,,50000.0,1682508460
Abū Ḩamad,Abu Hamad,19.5433,33.3378,Sudan,SD,SDN,River Nile,,50000.0,1729554381
Berber,Berber,18.0306,33.9933,Sudan,SD,SDN,River Nile,,49556.0,1729960469
Farajok,Farajok,3.8724,32.4792,South Sudan,SS,SSD,Eastern Equatoria,,49000.0,1728346194
Al Mayādīn,Al Mayadin,35.0183,40.4533,Syria,SY,SYR,Dayr az Zawr,minor,48922.0,1760808069
Ash Shaykh Badr,Ash Shaykh Badr,34.9833,36.0833,Syria,SY,SYR,Ţarţūs,minor,47982.0,1760412368
Jiquilisco,Jiquilisco,13.3167,-88.5833,El Salvador,SV,SLV,Usulután,,47784.0,1222869394
‘Āmūdā,`Amuda,37.1042,40.93,Syria,SY,SYR,Al Ḩasakah,minor,47580.0,1760247135
Yabrūd,Yabrud,33.9667,36.6667,Syria,SY,SYR,Rīf Dimashq,minor,47136.0,1760885103
Prievidza,Prievidza,48.7711,18.6217,Slovakia,SK,SVK,Nitra,minor,46059.0,1703497240
Al Quşayr,Al Qusayr,34.5119,36.5764,Syria,SY,SYR,Ḩimş,minor,46772.0,1760157542
Tallbīsah,Tallbisah,34.8333,36.7333,Syria,SY,SYR,Ḩimş,minor,45853.0,1760319800
Joal-Fadiout,Joal-Fadiout,14.1667,-16.8333,Senegal,SN,SEN,Thiès,,45903.0,1686150364
Busaar,Busaar,2.6722,41.3225,Somalia,SO,SOM,Gedo,,45533.0,1706248273
San Pedro Perulapán,San Pedro Perulapan,13.7667,-89.0333,El Salvador,SV,SLV,Cuscatlán,,44730.0,1222471656
Nimule,Nimule,3.5961,32.0636,South Sudan,SS,SSD,Eastern Equatoria,,45000.0,1728476966
Kutum,Kutum,14.2056,24.65,Sudan,SD,SDN,North Darfur,,45000.0,1729748758
Borlänge,Borlange,60.4856,15.4364,Sweden,SE,SWE,Dalarna,minor,44898.0,1752944924
‘Ayn al ‘Arab,`Ayn al `Arab,36.891,38.3536,Syria,SY,SYR,Ḩalab,minor,44821.0,1760764004
Jisr ash Shughūr,Jisr ash Shughur,35.8126,36.3176,Syria,SY,SYR,Idlib,minor,44322.0,1760389710
Tongoma,Tongoma,8.65,-11.0667,Sierra Leone,SL,SLE,Eastern,,44376.0,1694227218
Al Midhnab,Al Midhnab,25.8601,44.2223,Saudi Arabia,SA,SAU,Al Qaşīm,,44043.0,1682375082
Abqaiq,Abqaiq,25.935,49.6661,Saudi Arabia,SA,SAU,Ash Sharqīyah,,44000.0,1682412526
Bāniyās,Baniyas,35.1822,35.9403,Syria,SY,SYR,Ţarţūs,minor,43151.0,1760780974
Al Kiswah,Al Kiswah,33.35,36.2333,Syria,SY,SYR,Rīf Dimashq,minor,43456.0,1760910325
Paoskoto,Paoskoto,13.7833,-15.8167,Senegal,SN,SEN,Kaolack,,43460.0,1686730236
Sawākin,Sawakin,19.1025,37.33,Sudan,SD,SDN,Red Sea,,43337.0,1729959085
Zvolen,Zvolen,48.5706,19.1175,Slovakia,SK,SVK,Banská Bystrica,minor,42476.0,1703102070
San Francisco Menéndez,San Francisco Menendez,13.8425,-90.0167,El Salvador,SV,SLV,Ahuachapán,,42607.0,1222612864
Tādif,Tadif,36.3481,37.5308,Syria,SY,SYR,Ḩalab,minor,41786.0,1760362095
Panchimalco,Panchimalco,13.6167,-89.1833,El Salvador,SV,SLV,San Salvador,,41260.0,1222019251
Lidköping,Lidkoping,58.5,13.1833,Sweden,SE,SWE,Västra Götaland,minor,40000.0,1752263259
Ciudad Barrios,Ciudad Barrios,13.7667,-88.2667,El Salvador,SV,SLV,San Miguel,,40500.0,1222390192
Magburaka,Magburaka,8.7169,-11.9433,Sierra Leone,SL,SLE,Northern,,40313.0,1694067081
Považská Bystrica,Povazska Bystrica,49.1139,18.4417,Slovakia,SK,SVK,Nitra,minor,39837.0,1703729563
Sarāqib,Saraqib,35.8636,36.8006,Syria,SY,SYR,Idlib,minor,39901.0,1760810482
Santiago Nonualco,Santiago Nonualco,13.5167,-88.95,El Salvador,SV,SLV,La Paz,,39887.0,1222183134
Kambia,Kambia,9.1167,-12.9167,Sierra Leone,SL,SLE,Northern,,40000.0,1694846063
Skövde,Skovde,58.3833,13.85,Sweden,SE,SWE,Västra Götaland,minor,39580.0,1752316649
Jayrūd,Jayrud,33.8067,36.7403,Syria,SY,SYR,Rīf Dimashq,minor,39903.0,1760101368
Tivaouane,Tivaouane,14.95,-16.8167,Senegal,SN,SEN,Thiès,,39755.0,1686949822
Michalovce,Michalovce,48.7553,21.9133,Slovakia,SK,SVK,Košice,minor,39151.0,1703150232
Al Mālikīyah,Al Malikiyah,37.1667,42.1333,Syria,SY,SYR,Al Ḩasakah,minor,39000.0,1760784945
Alingsås,Alingsas,57.93,12.5331,Sweden,SE,SWE,Västra Götaland,minor,38509.0,1752378437
Nové Zámky,Nove Zamky,47.9856,18.1578,Slovakia,SK,SVK,Nitra,minor,38172.0,1703734556
Hajīn,Hajin,34.6894,40.8308,Syria,SY,SYR,Dayr az Zawr,minor,37935.0,1760926776
Spišská Nová Ves,Spisska Nova Ves,48.9439,20.5675,Slovakia,SK,SVK,Košice,minor,37326.0,1703217196
Ma‘arratmişrīn,Ma`arratmisrin,36.0,36.6667,Syria,SY,SYR,Idlib,minor,37490.0,1760812215
Al Qaryatayn,Al Qaryatayn,34.2283,37.2406,Syria,SY,SYR,Ḩimş,minor,37820.0,1760172806
Mölndal,Molndal,57.65,12.0167,Sweden,SE,SWE,Västra Götaland,minor,37233.0,1752307790
Maşyāf,Masyaf,35.0653,36.3422,Syria,SY,SYR,Ḩamāh,minor,37109.0,1760933504
Varberg,Varberg,57.1167,12.2167,Sweden,SE,SWE,Halland,minor,35782.0,1752538180
Västervik,Vastervik,57.75,16.6333,Sweden,SE,SWE,Kalmar,minor,36747.0,1752051923
Coatepeque,Coatepeque,13.9167,-89.5,El Salvador,SV,SLV,Santa Ana,,36768.0,1222820033
Uddevalla,Uddevalla,58.35,11.9167,Sweden,SE,SWE,Västra Götaland,minor,34781.0,1752935117
‘Afrīn,`Afrin,36.5083,36.8692,Syria,SY,SYR,Ḩalab,minor,36562.0,1760410858
Lunsar,Lunsar,8.6833,-12.5333,Sierra Leone,SL,SLE,Northern,,36108.0,1694711563
La Libertad,La Libertad,13.4833,-89.3167,El Salvador,SV,SLV,La Libertad,,35997.0,1222663809
Dayr Ḩāfir,Dayr Hafir,36.1569,37.7078,Syria,SY,SYR,Ḩalab,minor,35409.0,1760046071
Tallkalakh,Tallkalakh,34.6683,36.2597,Syria,SY,SYR,Ḩimş,minor,35445.0,1760254463
Al ‘Aqīq,Al `Aqiq,20.2685,41.6493,Saudi Arabia,SA,SAU,Al Bāḩah,,35629.0,1682354121
Newton,Newton,8.3333,-13.0667,Sierra Leone,SL,SLE,Western Area,,35300.0,1694000067
Armenia,Armenia,13.75,-89.5,El Salvador,SV,SLV,Sonsonate,,34912.0,1222071319
Qadsayyā,Qadsayya,33.5333,36.2167,Syria,SY,SYR,Rīf Dimashq,minor,33571.0,1760188872
Tall Salḩab,Tall Salhab,35.2609,36.3822,Syria,SY,SYR,Ḩamāh,minor,35000.0,1760127036
Ḑulay‘ Rashīd,Dulay` Rashid,25.5067,42.8614,Saudi Arabia,SA,SAU,Al Qaşīm,,35000.0,1682000063
Shaqrā’,Shaqra',25.2483,45.2528,Saudi Arabia,SA,SAU,Ar Riyāḑ,,35000.0,1682664913
Humenné,Humenne,48.9358,21.9067,Slovakia,SK,SVK,Prešov,minor,33441.0,1703492155
Komárno,Komarno,47.7633,18.1283,Slovakia,SK,SVK,Nitra,,33927.0,1703927453
Atiquizaya,Atiquizaya,13.9667,-89.75,El Salvador,SV,SLV,Ahuachapán,,33587.0,1222716346
Landskrona,Landskrona,55.8706,12.8311,Sweden,SE,SWE,Skåne,minor,33372.0,1752529229
Al Mindak,Al Mindak,20.1833,41.2333,Saudi Arabia,SA,SAU,Al Bāḩah,,33319.0,1682913363
Liptovský Mikuláš,Liptovsky Mikulas,49.0842,19.6022,Slovakia,SK,SVK,Žilina,minor,32593.0,1703155005
Bardejov,Bardejov,49.2933,21.2761,Slovakia,SK,SVK,Prešov,minor,32587.0,1703663141
Örnsköldsvik,Ornskoldsvik,63.2908,18.7156,Sweden,SE,SWE,Västernorrland,minor,32953.0,1752250773
Dara,Dara,15.35,-15.6,Senegal,SN,SEN,Louga,,32941.0,1686515842
Ţafas,Tafas,32.7356,36.0669,Syria,SY,SYR,Dar‘ā,,32236.0,1760012771
Şāfītā,Safita,34.8167,36.1167,Syria,SY,SYR,Ţarţūs,minor,32213.0,1760592493
Baraawe,Baraawe,1.1133,44.0303,Somalia,SO,SOM,Shabeellaha Hoose,,32800.0,1706566007
Kävlinge,Kavlinge,55.7939,13.1133,Sweden,SE,SWE,Skåne,minor,32341.0,1752983535
Levice,Levice,48.2164,18.6081,Slovakia,SK,SVK,Nitra,minor,31974.0,1703699284
Dhahran,Dhahran,26.2667,50.15,Saudi Arabia,SA,SAU,Ash Sharqīyah,,32067.0,1682374155
Kristianstad,Kristianstad,56.0337,14.1333,Sweden,SE,SWE,Skåne,minor,32188.0,1752606470
Jāsim,Jasim,32.9667,36.0667,Syria,SY,SYR,Dar‘ā,minor,31683.0,1760676905
I‘zāz,I`zaz,36.5866,37.0463,Syria,SY,SYR,Ḩalab,minor,31534.0,1760669569
Al ‘Aydābī,Al `Aydabi,17.237,42.939,Saudi Arabia,SA,SAU,Jāzān,,31735.0,1682495088
Inkhil,Inkhil,33.0,36.1167,Syria,SY,SYR,Dar‘ā,,31258.0,1760570627
Qārā,Qara,29.8833,40.2167,Saudi Arabia,SA,SAU,Al Jawf,,31480.0,1682446657
Benguema,Benguema,8.3333,-13.0667,Sierra Leone,SL,SLE,Western Area,,30268.0,1694621543
Kailahun,Kailahun,8.2772,-10.5739,Sierra Leone,SL,SLE,Eastern,,30411.0,1694287163
Ar Ruḩaybah,Ar Ruhaybah,33.7436,36.7012,Syria,SY,SYR,Rīf Dimashq,minor,30450.0,1760100307
Motema,Motema,8.6167,-11.1667,Sierra Leone,SL,SLE,Eastern,,30452.0,1694972469
Ash Shinān,Ash Shinan,27.1782,42.443,Saudi Arabia,SA,SAU,Ḩā’il,,30441.0,1682426795
Sali,Sali,14.4383,-17.0125,Senegal,SN,SEN,Thiès,,30000.0,1686109073
Kafr Nubl,Kafr Nubl,35.6139,36.5611,Syria,SY,SYR,Idlib,minor,30000.0,1760535722
Ikoto,Ikoto,4.0783,33.1089,South Sudan,SS,SSD,Eastern Equatoria,,30000.0,1728694229
Motala,Motala,58.5333,15.0333,Sweden,SE,SWE,Östergötland,minor,29823.0,1752105097
Tacuba,Tacuba,13.9,-89.9333,El Salvador,SV,SLV,Ahuachapán,,29858.0,1222693059
Malème Hodar,Maleme Hodar,14.0883,-15.2944,Senegal,SN,SEN,Kaffrine,,30000.0,1686577434
Uar Esgudud,Uar Esgudud,1.2667,41.3833,Somalia,SO,SOM,Gedo,,30000.0,1706563157
Baxdo,Baxdo,5.7889,47.2267,Somalia,SO,SOM,Galguduud,,30000.0,1706255273
Olocuilta,Olocuilta,13.5667,-89.1167,El Salvador,SV,SLV,La Paz,,29529.0,1222567022
Vallentuna,Vallentuna,59.5333,18.0833,Sweden,SE,SWE,Stockholm,minor,29519.0,1752629377
Ra’s al ‘Ayn,Ra's al `Ayn,36.8503,40.0706,Syria,SY,SYR,Al Ḩasakah,minor,29347.0,1760030804
Şūrān,Suran,35.2897,36.7433,Syria,SY,SYR,Ḩamāh,minor,29100.0,1760512352
Cottica,Cottica,3.8542,-54.2281,Suriname,SR,SUR,Sipaliwini,,29210.0,1740371814
Falkenberg,Falkenberg,56.9053,12.4911,Sweden,SE,SWE,Halland,minor,27813.0,1752455040
Sébikhotane,Sebikhotane,14.7469,-17.1367,Senegal,SN,SEN,Dakar,,27402.0,1686663994
Nueva Concepción,Nueva Concepcion,14.1333,-89.3,El Salvador,SV,SLV,Chalatenango,,28625.0,1222433381
Jujutla,Jujutla,13.7833,-89.85,El Salvador,SV,SLV,Ahuachapán,,28599.0,1222833658
Lučenec,Lucenec,48.3286,19.6692,Slovakia,SK,SVK,Banská Bystrica,minor,27991.0,1703222138
Piešťany,Piest'any,48.5842,17.8336,Slovakia,SK,SVK,Trnava,minor,27681.0,1703636029
Åkersberga,Akersberga,59.4833,18.3,Sweden,SE,SWE,Stockholm,minor,28033.0,1752878685
Koewarasan,Koewarasan,5.7697,-55.2922,Suriname,SR,SUR,Wanica,,27713.0,1740587100
San Antonio del Monte,San Antonio del Monte,13.7167,-89.7333,El Salvador,SV,SLV,Sonsonate,,26902.0,1222683305
Bignona,Bignona,12.8167,-16.2333,Senegal,SN,SEN,Ziguinchor,,27826.0,1686478890
Mboro,Mboro,15.15,-16.9,Senegal,SN,SEN,Thiès,,27693.0,1686694714
Karlskoga,Karlskoga,59.3333,14.5167,Sweden,SE,SWE,Örebro,minor,27562.0,1752529628
Tall Rif‘at,Tall Rif`at,36.4733,37.0972,Syria,SY,SYR,Ḩalab,minor,27086.0,1760489101
Märsta,Marsta,59.6167,17.85,Sweden,SE,SWE,Stockholm,minor,27034.0,1752183604
Ružomberok,Ruzomberok,49.0786,19.3083,Slovakia,SK,SVK,Žilina,minor,26854.0,1703510980
Al Quţayfah,Al Qutayfah,33.7389,36.6,Syria,SY,SYR,Rīf Dimashq,minor,26671.0,1760671268
Wanlaweyn,Wanlaweyn,2.6167,44.9,Somalia,SO,SOM,Shabeellaha Hoose,,26700.0,1706708274
Kiruna,Kiruna,67.8489,20.3028,Sweden,SE,SWE,Norrbotten,minor,26703.0,1752001526
Az Zabadānī,Az Zabadani,33.725,36.0972,Syria,SY,SYR,Rīf Dimashq,minor,26285.0,1760989247
Aş Şanamayn,As Sanamayn,33.0711,36.1842,Syria,SY,SYR,Dar‘ā,minor,26268.0,1760865788
Al ‘Awwāmīyah,Al `Awwamiyah,26.5833,49.9833,Saudi Arabia,SA,SAU,Ash Sharqīyah,,25500.0,1682093940
Topoľčany,Topol'cany,48.5542,18.1769,Slovakia,SK,SVK,Nitra,minor,25492.0,1703972339
San Pedro Masahuat,San Pedro Masahuat,13.55,-89.0333,El Salvador,SV,SLV,La Paz,,25446.0,1222970423
Ḩaql,Haql,29.2833,34.9333,Saudi Arabia,SA,SAU,Al Jawf,,25649.0,1682704031
Ḑubā,Duba,27.3493,35.6962,Saudi Arabia,SA,SAU,Tabūk,,25601.0,1682927913
Boo,Boo,59.3167,18.25,Sweden,SE,SWE,Stockholm,,24052.0,1752145853
Şaydnāyā,Saydnaya,33.6967,36.3739,Syria,SY,SYR,Rīf Dimashq,minor,25194.0,1760302528
Pezinok,Pezinok,48.2919,17.2661,Slovakia,SK,SVK,Bratislava,minor,24900.0,1703456673
Trebišov,Trebisov,48.6278,21.7172,Slovakia,SK,SVK,Košice,minor,24587.0,1703917090
Kungsbacka,Kungsbacka,57.4833,12.0667,Sweden,SE,SWE,Halland,minor,23000.0,1752375831
Suchitoto,Suchitoto,13.9333,-89.0333,El Salvador,SV,SLV,Cuscatlán,,24786.0,1222451223
Kungälv,Kungalv,57.8667,11.9667,Sweden,SE,SWE,Västra Götaland,minor,22768.0,1752531521
Čadca,Cadca,49.4358,18.7922,Slovakia,SK,SVK,Žilina,minor,24315.0,1703091898
Juayúa,Juayua,13.8333,-89.7333,El Salvador,SV,SLV,Sonsonate,,24465.0,1222293042
Dubnica nad Váhom,Dubnica nad Vahom,48.9606,18.1739,Slovakia,SK,SVK,Nitra,,24068.0,1703468923
El Congo,El Congo,13.9,-89.4833,El Salvador,SV,SLV,Santa Ana,,24219.0,1222555785
Ţayyibat al Imām,Tayyibat al Imam,35.2661,36.7114,Syria,SY,SYR,Ḩamāh,,24105.0,1760649932
Katrineholm,Katrineholm,59.0,16.2,Sweden,SE,SWE,Södermanland,minor,24271.0,1752643787
Rimavská Sobota,Rimavska Sobota,48.3811,20.0144,Slovakia,SK,SVK,Banská Bystrica,minor,24010.0,1703980891
Pout,Pout,14.7739,-17.0603,Senegal,SN,SEN,Thiès,,23728.0,1686073120
Salqīn,Salqin,36.1333,36.45,Syria,SY,SYR,Idlib,minor,23700.0,1760573067
Vänersborg,Vanersborg,58.3806,12.325,Sweden,SE,SWE,Västra Götaland,minor,23882.0,1752467593
As Sulayyil,As Sulayyil,20.4597,45.5744,Saudi Arabia,SA,SAU,Ar Riyāḑ,,24097.0,1682960661
Tecoluca,Tecoluca,13.5333,-88.7833,El Salvador,SV,SLV,San Vicente,,23893.0,1222261273
Vélingara,Velingara,13.15,-14.1167,Senegal,SN,SEN,Kolda,,23775.0,1686799000
Dunajská Streda,Dunajska Streda,47.9944,17.6194,Slovakia,SK,SVK,Trnava,minor,23044.0,1703872671
Partizánske,Partizanske,48.6258,18.3728,Slovakia,SK,SVK,Nitra,minor,22653.0,1703749885
Qaţanā,Qatana,33.4333,36.0833,Syria,SY,SYR,Rīf Dimashq,minor,22831.0,1760346496
Piteå,Pitea,65.3333,21.5,Sweden,SE,SWE,Norrbotten,minor,23350.0,1752869095
Vranov nad Topľou,Vranov nad Topl'ou,48.8808,21.6733,Slovakia,SK,SVK,Prešov,minor,22589.0,1703513512
Sandviken,Sandviken,60.6167,16.7833,Sweden,SE,SWE,Gävleborg,minor,22965.0,1752810020
Mékhé,Mekhe,15.1167,-16.6333,Senegal,SN,SEN,Thiès,,22944.0,1686246700
Candelaria de La Frontera,Candelaria de La Frontera,14.1167,-89.65,El Salvador,SV,SLV,Santa Ana,,22686.0,1222926680
Moncagua,Moncagua,13.5333,-88.25,El Salvador,SV,SLV,San Miguel,,22659.0,1222775983
Šaľa,Sal'a,48.1503,17.8775,Slovakia,SK,SVK,Nitra,minor,22219.0,1703397102
Chinameca,Chinameca,13.5,-88.35,El Salvador,SV,SLV,San Miguel,,22311.0,1222091549
Dawmat al Jandal,Dawmat al Jandal,29.8153,39.8664,Saudi Arabia,SA,SAU,Al Jawf,,22583.0,1682116359
Binnish,Binnish,35.95,36.7,Syria,SY,SYR,Idlib,minor,21848.0,1760335847
Ḩārim,Harim,36.2,36.5167,Syria,SY,SYR,Idlib,minor,21934.0,1760216782
Salémata,Salemata,12.6333,-12.8167,Senegal,SN,SEN,Kédougou,,22111.0,1686886935
Hlohovec,Hlohovec,48.4333,17.8033,Slovakia,SK,SVK,Trnava,minor,21715.0,1703788561
San Luis Talpa,San Luis Talpa,13.4667,-89.0833,El Salvador,SV,SLV,La Paz,,21675.0,1222408635
‘Adrā,`Adra,33.6,36.515,Syria,SY,SYR,Rīf Dimashq,,20559.0,1760640037
Kumla,Kumla,59.1167,15.1333,Sweden,SE,SWE,Örebro,minor,21640.0,1752201206
Kobilo,Kobilo,15.9251,-13.5242,Senegal,SN,SEN,Matam,,21656.0,1686275678
Eyl,Eyl,7.9667,49.85,Somalia,SO,SOM,Nugaal,,21700.0,1706929381
Nubl,Nubl,36.3756,36.9942,Syria,SY,SYR,Ḩalab,minor,21039.0,1760030884
Enköping,Enkoping,59.6356,17.0764,Sweden,SE,SWE,Uppsala,minor,21121.0,1752230483
Brezno,Brezno,48.8039,19.6436,Slovakia,SK,SVK,Banská Bystrica,minor,21082.0,1703148175
Senica,Senica,48.6806,17.3667,Slovakia,SK,SVK,Trnava,minor,20342.0,1703713928
Pendembu,Pendembu,8.1,-10.7,Sierra Leone,SL,SLE,Eastern,,20502.0,1694288658
Nové Mesto nad Váhom,Nove Mesto nad Vahom,48.7547,17.8308,Slovakia,SK,SVK,Nitra,minor,20066.0,1703781613
Senec,Senec,48.2189,17.3997,Slovakia,SK,SVK,Bratislava,minor,20116.0,1703144516
Karlshamn,Karlshamn,56.1667,14.85,Sweden,SE,SWE,Blekinge,,19075.0,1752379401
Nguékhokh,Nguekhokh,14.5128,-17.05,Senegal,SN,SEN,Thiès,,20053.0,1686782757
Dan Gorayo,Dan Gorayo,8.7278,49.3417,Somalia,SO,SOM,Bari,,20331.0,1706372631
Pujehun,Pujehun,7.3506,-11.7181,Sierra Leone,SL,SLE,Southern,,20121.0,1694026620
Snina,Snina,48.9881,22.1567,Slovakia,SK,SVK,Prešov,minor,19855.0,1703799818
Guaymango,Guaymango,13.75,-89.8333,El Salvador,SV,SLV,Ahuachapán,,19775.0,1222351635
Kébémer,Kebemer,15.3667,-16.4333,Senegal,SN,SEN,Louga,,20000.0,1686793316
Hässleholm,Hassleholm,56.1667,13.7667,Sweden,SE,SWE,Skåne,minor,18500.0,1752526882
Haya,Haya,18.3461,36.3969,Sudan,SD,SDN,Red Sea,,20000.0,1729440799
Jubbah,Jubbah,28.02,40.94,Saudi Arabia,SA,SAU,Ḩā’il,,20000.0,1682817897
Buşrá ash Shām,Busra ash Sham,32.5167,36.4833,Syria,SY,SYR,Dar‘ā,minor,19683.0,1760158105
Ad Dir‘īyah,Ad Dir`iyah,24.7333,46.5756,Saudi Arabia,SA,SAU,Ar Riyāḑ,,19143.0,1682421969
Babanūsah,Babanusah,11.3333,27.8,Sudan,SD,SDN,West Kordofan,,19700.0,1729601692
Puerto El Triunfo,Puerto El Triunfo,13.2833,-88.55,El Salvador,SV,SLV,Usulután,,19600.0,1222465303
Žiar nad Hronom,Ziar nad Hronom,48.5842,18.8608,Slovakia,SK,SVK,Banská Bystrica,minor,19188.0,1703196559
Malacky,Malacky,48.4358,17.0178,Slovakia,SK,SVK,Bratislava,minor,18935.0,1703320479
Diinsoor,Diinsoor,2.4106,42.9767,Somalia,SO,SOM,Bay,,19600.0,1706924480
Rožňava,Roznava,48.6583,20.5308,Slovakia,SK,SVK,Košice,minor,19190.0,1703307007
Sjöbo,Sjobo,55.6333,13.7167,Sweden,SE,SWE,Skåne,minor,19497.0,1752520046
Izra,Izra,32.8454,36.2499,Syria,SY,SYR,Dar‘ā,minor,19158.0,1760987853
Qandala,Qandala,11.4711,49.8739,Somalia,SO,SOM,Bari,,19300.0,1706605271
Dolný Kubín,Dolny Kubin,49.2106,19.2975,Slovakia,SK,SVK,Žilina,minor,18905.0,1703836159
San Sebastián Salitrillo,San Sebastian Salitrillo,13.95,-89.6333,El Salvador,SV,SLV,Santa Ana,,18566.0,1222442997
Bánovce nad Bebravou,Banovce nad Bebravou,48.7186,18.2581,Slovakia,SK,SVK,Nitra,minor,18350.0,1703803804
Jucuapa,Jucuapa,13.5167,-88.3833,El Salvador,SV,SLV,Usulután,,18442.0,1222623868
Kabala,Kabala,9.5833,-11.55,Sierra Leone,SL,SLE,Northern,,18770.0,1694931423
San Julián,San Julian,13.6976,-89.5596,El Salvador,SV,SLV,Sonsonate,,18648.0,1222097757
Santiago de María,Santiago de Maria,13.4833,-88.4667,El Salvador,SV,SLV,Usulután,,18201.0,1222971304
Skara,Skara,58.3833,13.4333,Sweden,SE,SWE,Västra Götaland,minor,18580.0,1752171029
Saylac,Saylac,11.3539,43.4731,Somalia,SO,SOM,Awdal,,18600.0,1706903180
Oskarshamn,Oskarshamn,57.265,16.45,Sweden,SE,SWE,Kalmar,minor,17258.0,1752437769
Apastepeque,Apastepeque,13.6667,-88.7667,El Salvador,SV,SLV,San Vicente,,18342.0,1222195494
Concepción de Ataco,Concepcion de Ataco,13.8667,-89.85,El Salvador,SV,SLV,Ahuachapán,,18101.0,1222271937
Púchov,Puchov,49.12,18.3306,Slovakia,SK,SVK,Nitra,minor,17810.0,1703321833
Manīn,Manin,33.6422,36.2978,Syria,SY,SYR,Rīf Dimashq,,17521.0,1760640796
Muḩradah,Muhradah,35.25,36.5833,Syria,SY,SYR,Ḩamāh,minor,17578.0,1760500956
Tall ‘Aran,Tall `Aran,36.1231,37.3369,Syria,SY,SYR,Ḩalab,,17767.0,1760332493
Texistepeque,Texistepeque,14.1333,-89.5,El Salvador,SV,SLV,Santa Ana,,17923.0,1222835765
Maridi,Maridi,4.91,29.45,South Sudan,SS,SSD,Western Equatoria,,18000.0,1728685965
Kristinehamn,Kristinehamn,59.3,14.1167,Sweden,SE,SWE,Värmland,minor,17839.0,1752708772
Berlín,Berlin,13.5,-88.5333,El Salvador,SV,SLV,Usulután,,17787.0,1222050508
Eslöv,Eslov,55.8392,13.3039,Sweden,SE,SWE,Skåne,minor,17748.0,1752202546
Norrtälje,Norrtalje,59.7667,18.7,Sweden,SE,SWE,Stockholm,minor,17275.0,1752949126
Köping,Koping,59.5167,15.9833,Sweden,SE,SWE,Västmanland,minor,17743.0,1752366756
Al ‘Ashārah,Al `Asharah,34.9203,40.5594,Syria,SY,SYR,Dayr az Zawr,minor,17537.0,1760227736
San Alejo,San Alejo,13.4333,-87.9667,El Salvador,SV,SLV,La Unión,,17598.0,1222190285
San Rafael Cedros,San Rafael Cedros,13.7333,-88.8833,El Salvador,SV,SLV,Cuscatlán,,17069.0,1222366819
As Suqaylibīyah,As Suqaylibiyah,35.3697,36.38,Syria,SY,SYR,Ḩamāh,minor,17313.0,1760164203
Höganäs,Hoganas,56.2,12.5667,Sweden,SE,SWE,Skåne,minor,16001.0,1752137413
San Juan Nonualco,San Juan Nonualco,13.5072,-88.8997,El Salvador,SV,SLV,La Paz,,17256.0,1222379264
Kafr Zaytā,Kafr Zayta,35.3736,36.6017,Syria,SY,SYR,Ḩamāh,minor,17052.0,1760801679
Tonj,Tonj,7.28,28.68,South Sudan,SS,SSD,Warrap,,17340.0,1728183836
Handlová,Handlova,48.7272,18.7619,Slovakia,SK,SVK,Nitra,,17119.0,1703292608
El Rosario,El Rosario,13.5,-89.0333,El Salvador,SV,SLV,La Paz,,16784.0,1222543838
Lerum,Lerum,57.7667,12.3,Sweden,SE,SWE,Västra Götaland,minor,16855.0,1752006435
Wādī Ḩalfā’,Wadi Halfa',21.8,31.35,Sudan,SD,SDN,Northern,,17121.0,1729435342
Kežmarok,Kezmarok,49.1336,20.4264,Slovakia,SK,SVK,Prešov,minor,16481.0,1703214180
Tullinge,Tullinge,59.2,17.9,Sweden,SE,SWE,Stockholm,,16000.0,1752531824
Shahbā,Shahba,32.8542,36.6292,Syria,SY,SYR,As Suwaydā’,minor,16745.0,1760158993
Stará Ľubovňa,Stara L'ubovna,49.3094,20.6789,Slovakia,SK,SVK,Prešov,minor,16348.0,1703928081
Boden,Boden,65.8256,21.6906,Sweden,SE,SWE,Norrbotten,minor,16847.0,1752956055
Nässjö,Nassjo,57.65,14.6833,Sweden,SE,SWE,Jönköping,minor,16678.0,1752891199
Klippansbruk,Klippansbruk,56.1167,13.15,Sweden,SE,SWE,Skåne,,16715.0,1752885132
Mariestad,Mariestad,58.7,13.8167,Sweden,SE,SWE,Västra Götaland,minor,16611.0,1752879298
Anamorós,Anamoros,13.7333,-87.8667,El Salvador,SV,SLV,La Unión,,16594.0,1222875440
Khirbat Ghazālah,Khirbat Ghazalah,32.7333,36.2,Syria,SY,SYR,Dar‘ā,minor,16240.0,1760127200
Segbwema,Segbwema,8.0,-10.95,Sierra Leone,SL,SLE,Eastern,,16532.0,1694704842
Al Laţāminah,Al Lataminah,35.3208,36.6225,Syria,SY,SYR,Ḩamāh,,16267.0,1760263860
Falköping,Falkoping,58.175,13.5531,Sweden,SE,SWE,Västra Götaland,minor,16350.0,1752889623
Al Ghāţ,Al Ghat,26.0267,44.9608,Saudi Arabia,SA,SAU,Ar Riyāḑ,,16500.0,1682563733
Tasīl,Tasil,32.8353,35.9714,Syria,SY,SYR,Dar‘ā,minor,15985.0,1760040877
Sered’,Sered',48.2886,17.7314,Slovakia,SK,SVK,Trnava,,15737.0,1703574353
Bumpe,Bumpe,7.8919,-11.9025,Sierra Leone,SL,SLE,Southern,,16123.0,1694169724
As Sukhnah,As Sukhnah,34.8868,38.8721,Syria,SY,SYR,Ḩimş,minor,16173.0,1760585431
Ndioum,Ndioum,16.5167,-14.65,Senegal,SN,SEN,Saint-Louis,,16103.0,1686158908
Mölnlycke,Molnlycke,57.6667,12.1167,Sweden,SE,SWE,Västra Götaland,minor,15608.0,1752294225
Kafia Kingi,Kafia Kingi,9.2731,24.4174,South Sudan,SS,SSD,Western Bahr el Ghazal,,16000.0,1728934320
Al Mu‘abbadah,Al Mu`abbadah,37.0164,41.9544,Syria,SY,SYR,Al Ḩasakah,,15759.0,1760650060
Ash Shaddādah,Ash Shaddadah,36.0561,40.7303,Syria,SY,SYR,Al Ḩasakah,minor,15806.0,1760828558
Nioro du Rip,Nioro du Rip,13.75,-15.8,Senegal,SN,SEN,Kaolack,,15643.0,1686812399
Skalica,Skalica,48.8422,17.2267,Slovakia,SK,SVK,Trnava,minor,15573.0,1703467870
Guinguinéo,Guinguineo,14.2667,-15.95,Senegal,SN,SEN,Fatick,,15627.0,1686164172
Maskanah,Maskanah,35.9632,38.0356,Syria,SY,SYR,Ḩalab,minor,15477.0,1760994714
Kysucké Nové Mesto,Kysucke Nove Mesto,49.2983,18.7867,Slovakia,SK,SVK,Žilina,minor,15132.0,1703666551
Şaḩnāyā,Sahnaya,33.4242,36.2244,Syria,SY,SYR,Rīf Dimashq,minor,13993.0,1760192285
Kinna,Kinna,57.5167,12.6833,Sweden,SE,SWE,Västra Götaland,minor,15452.0,1752953604
Arvika,Arvika,59.6542,12.5914,Sweden,SE,SWE,Värmland,minor,14244.0,1752743749
Corinto,Corinto,13.8167,-87.9667,El Salvador,SV,SLV,Morazán,,15410.0,1222976576
Strängnäs,Strangnas,59.3667,17.0333,Sweden,SE,SWE,Södermanland,minor,15363.0,1752111370
Bunkeflostrand,Bunkeflostrand,55.55,12.9167,Sweden,SE,SWE,Skåne,,15212.0,1752685972
Linguère,Linguere,15.3944,-15.1167,Senegal,SN,SEN,Louga,,15482.0,1686531921
Galanta,Galanta,48.1889,17.7264,Slovakia,SK,SVK,Trnava,minor,15052.0,1703120770
Ljungby,Ljungby,56.8333,13.9333,Sweden,SE,SWE,Kronoberg,minor,15205.0,1752960918
Hallstahammar,Hallstahammar,59.6167,16.25,Sweden,SE,SWE,Västmanland,minor,15200.0,1752239523
Västerhaninge,Vasterhaninge,59.1167,18.0667,Sweden,SE,SWE,Stockholm,minor,15134.0,1752693403
Hudiksvall,Hudiksvall,61.7333,17.1167,Sweden,SE,SWE,Gävleborg,minor,15015.0,1752219385
Staffanstorp,Staffanstorp,55.6333,13.2,Sweden,SE,SWE,Skåne,minor,14808.0,1752021671
Şalkhad,Salkhad,32.4917,36.7111,Syria,SY,SYR,As Suwaydā’,minor,15000.0,1760200029
Lolotique,Lolotique,13.55,-88.35,El Salvador,SV,SLV,San Miguel,,14916.0,1222136023
Koungheul,Koungheul,13.9833,-14.8,Senegal,SN,SEN,Kaffrine,,15000.0,1686554670
Bakel,Bakel,14.9042,-12.4583,Senegal,SN,SEN,Tambacounda,,15000.0,1686470120
Sarmīn,Sarmin,35.9033,36.7258,Syria,SY,SYR,Idlib,minor,14530.0,1760931266
Tall Abyaḑ,Tall Abyad,36.6975,38.9567,Syria,SY,SYR,Ar Raqqah,minor,14825.0,1760694879
Detva,Detva,48.5514,19.4183,Slovakia,SK,SVK,Banská Bystrica,minor,14751.0,1703135182
Levoča,Levoca,49.0253,20.5881,Slovakia,SK,SVK,Prešov,minor,14803.0,1703381498
El Paisnal,El Paisnal,13.9667,-89.2167,El Salvador,SV,SLV,San Salvador,,14551.0,1222184186
San Sebastián,San Sebastian,13.7333,-88.8333,El Salvador,SV,SLV,San Vicente,,14411.0,1222133372
Sokone,Sokone,13.8833,-16.3667,Senegal,SN,SEN,Fatick,,14500.0,1686985910
Ludvika,Ludvika,60.1333,15.1833,Sweden,SE,SWE,Dalarna,minor,14498.0,1752311892
Mūrak,Murak,35.3753,36.6872,Syria,SY,SYR,Ḩamāh,,14307.0,1760107905
Tepecoyo,Tepecoyo,13.7003,-89.4678,El Salvador,SV,SLV,La Libertad,,14322.0,1222039134
Al Mu‘aḑḑamīyah,Al Mu`addamiyah,33.7421,36.6435,Syria,SY,SYR,Rīf Dimashq,,14228.0,1760021523
Bålsta,Balsta,59.5833,17.5,Sweden,SE,SWE,Uppsala,minor,13138.0,1752539011
Mongeri,Mongeri,8.3167,-11.7333,Sierra Leone,SL,SLE,Southern,,14273.0,1694288062
Tranås,Tranas,58.0333,14.9667,Sweden,SE,SWE,Jönköping,minor,14197.0,1752722213
Mjölby,Mjolby,58.3333,15.1167,Sweden,SE,SWE,Östergötland,minor,13959.0,1752185099
Kuraymah,Kuraymah,18.55,31.85,Sudan,SD,SDN,Northern,,13981.0,1729460308
Nynäshamn,Nynashamn,58.9,17.95,Sweden,SE,SWE,Stockholm,minor,13510.0,1752209871
Binkolo,Binkolo,8.95,-11.9833,Sierra Leone,SL,SLE,Northern,,13867.0,1694588159
Šamorín,Samorin,48.0267,17.3117,Slovakia,SK,SVK,Trnava,,13628.0,1703883370
Jindayris,Jindayris,36.3947,36.6889,Syria,SY,SYR,Ḩalab,minor,13661.0,1760063267
Dārat ‘Izzah,Darat `Izzah,36.2828,36.8519,Syria,SY,SYR,Ḩalab,minor,13525.0,1760338572
Bandarbeyla,Bandarbeyla,9.4833,50.8167,Somalia,SO,SOM,Bari,,13753.0,1706279652
Nybro,Nybro,56.7333,15.9,Sweden,SE,SWE,Kalmar,minor,13583.0,1752956963
Tejutla,Tejutla,14.1667,-89.1,El Salvador,SV,SLV,Chalatenango,,13608.0,1222169556
Ad Duraykīsh,Ad Duraykish,34.8969,36.1346,Syria,SY,SYR,Ţarţūs,minor,13244.0,1760515031
San Rafael Oriente,San Rafael Oriente,13.3833,-88.35,El Salvador,SV,SLV,San Miguel,,13290.0,1222301206
Buşrá al Ḩarīr,Busra al Harir,32.8425,36.34,Syria,SY,SYR,Dar‘ā,,13315.0,1760065014
Lislique,Lislique,13.8,-87.8833,El Salvador,SV,SLV,La Unión,,13385.0,1222181387
Goudomp,Goudomp,12.5778,-15.8722,Senegal,SN,SEN,Sédhiou,,13394.0,1686688910
Al Ḩā’ir,Al Ha'ir,25.79,45.38,Saudi Arabia,SA,SAU,Ar Riyāḑ,,13473.0,1682572501
Jucuarán,Jucuaran,13.2544,-88.2489,El Salvador,SV,SLV,Usulután,,13424.0,1222034395
Arboga,Arboga,59.3939,15.8386,Sweden,SE,SWE,Västmanland,minor,13404.0,1752494456
Bollnäs,Bollnas,61.3481,16.3947,Sweden,SE,SWE,Gävleborg,minor,13398.0,1752287863
Khombole,Khombole,14.7667,-16.6833,Senegal,SN,SEN,Thiès,,12880.0,1686305401
Yengema,Yengema,8.6167,-11.1667,Sierra Leone,SL,SLE,Eastern,,13358.0,1694224678
Qal‘at al Maḑīq,Qal`at al Madiq,35.41,36.39,Syria,SY,SYR,Ḩamāh,minor,12925.0,1760079003
Shīn,Shin,34.7833,36.4333,Syria,SY,SYR,Ḩimş,minor,13020.0,1760607600
Al Muzayrīb,Al Muzayrib,32.7109,36.0266,Syria,SY,SYR,Dar‘ā,minor,12640.0,1760935578
Mercedes Umaña,Mercedes Umana,13.5667,-88.5,El Salvador,SV,SLV,Usulután,,13092.0,1222697666
Skoghall,Skoghall,59.3333,13.4333,Sweden,SE,SWE,Värmland,minor,13265.0,1752185362
Sabinov,Sabinov,49.1061,21.0856,Slovakia,SK,SVK,Prešov,minor,12700.0,1703204865
Xaafuun,Xaafuun,10.4167,51.2667,Somalia,SO,SOM,Bari,,13200.0,1706739156
Vetlanda,Vetlanda,57.4333,15.0667,Sweden,SE,SWE,Jönköping,minor,13050.0,1752000768
Sunne,Sunne,59.8333,13.1333,Sweden,SE,SWE,Värmland,minor,13000.0,1752127912
Kanel,Kanel,15.4833,-13.1667,Senegal,SN,SEN,Matam,,12975.0,1686649291
Ḩarmah,Harmah,25.9261,45.3336,Saudi Arabia,SA,SAU,Ar Riyāḑ,,13000.0,1682617431
Kafr Buhum,Kafr Buhum,35.0611,36.6972,Syria,SY,SYR,Ḩamāh,,12194.0,1760856800
Rokupr,Rokupr,9.0167,-12.95,Sierra Leone,SL,SLE,Northern,,12744.0,1694701972
Veľký Krtíš,Vel'ky Krtis,48.215,19.3381,Slovakia,SK,SVK,Banská Bystrica,minor,12115.0,1703541479
Mora,Mora,61.0167,14.5333,Sweden,SE,SWE,Dalarna,minor,12854.0,1752665392
Cuisnahuat,Cuisnahuat,13.6333,-89.6,El Salvador,SV,SLV,Sonsonate,,12676.0,1222033035
Kafr Rūmā,Kafr Ruma,35.6342,36.6322,Syria,SY,SYR,Idlib,,12276.0,1760413960
Stupava,Stupava,48.2747,17.0317,Slovakia,SK,SVK,Bratislava,,12595.0,1703216738
Ozatlán,Ozatlan,13.3833,-88.5,El Salvador,SV,SLV,Usulután,,12443.0,1222834795
Qārah,Qarah,34.1542,36.7442,Syria,SY,SYR,Rīf Dimashq,,12508.0,1760019863
Tiadiaye,Tiadiaye,14.4167,-16.7,Senegal,SN,SEN,Thiès,,12168.0,1686233081
Revúca,Revuca,48.6831,20.1133,Slovakia,SK,SVK,Banská Bystrica,minor,12249.0,1703490352
Gandorhun,Gandorhun,7.5564,-11.6925,Sierra Leone,SL,SLE,Southern,,12288.0,1694102369
Finspång,Finspang,58.7,15.8,Sweden,SE,SWE,Östergötland,minor,12440.0,1752523151
Diamniadio,Diamniadio,14.7219,-17.1789,Senegal,SN,SEN,Dakar,,12326.0,1686338473
Al Awjām,Al Awjam,26.5583,49.9503,Saudi Arabia,SA,SAU,Ash Sharqīyah,,11460.0,1682207771
El Carmen,El Carmen,13.35,-88.0,El Salvador,SV,SLV,La Unión,,12324.0,1222743777
Teotepeque,Teotepeque,13.5853,-89.5183,El Salvador,SV,SLV,La Libertad,,12320.0,1222208271
Meerzorg,Meerzorg,5.8072,-55.1469,Suriname,SR,SUR,Commewijne,,12405.0,1740663491
Sala,Sala,59.9167,16.6,Sweden,SE,SWE,Västmanland,minor,12289.0,1752888405
‘Anadān,`Anadan,36.2936,37.0444,Syria,SY,SYR,Ḩalab,,11918.0,1760993442
La Palma,La Palma,14.3167,-89.1667,El Salvador,SV,SLV,Chalatenango,,12235.0,1222549274
Concepción Batres,Concepcion Batres,13.35,-88.3667,El Salvador,SV,SLV,Usulután,,12197.0,1222538524
Santa Cruz Michapa,Santa Cruz Michapa,13.7333,-88.9667,El Salvador,SV,SLV,Cuscatlán,,11790.0,1222002507
Hagfors,Hagfors,60.0333,13.65,Sweden,SE,SWE,Värmland,minor,12125.0,1752937511
Nová Dubnica,Nova Dubnica,48.9331,18.1439,Slovakia,SK,SVK,Nitra,,11134.0,1703517526
Söderhamn,Soderhamn,61.3,17.0833,Sweden,SE,SWE,Gävleborg,minor,11761.0,1752828589
Al Majma‘ah,Al Majma`ah,25.9039,45.3456,Saudi Arabia,SA,SAU,Ar Riyāḑ,,12065.0,1682506946
Ronneby,Ronneby,56.2,15.2833,Sweden,SE,SWE,Blekinge,minor,12029.0,1752180861
Comasagua,Comasagua,13.6333,-89.3833,El Salvador,SV,SLV,La Libertad,,11870.0,1222625314
Buqkoosaar,Buqkoosaar,4.5108,44.8164,Somalia,SO,SOM,Hiiraan,,12000.0,1706633414
Ghabāghib,Ghabaghib,33.1839,36.2264,Syria,SY,SYR,Dar‘ā,minor,11802.0,1760507267
Zlaté Moravce,Zlate Moravce,48.3783,18.3967,Slovakia,SK,SVK,Nitra,minor,11583.0,1703464744
Umm Badr,Umm Badr,14.2167,27.9333,Sudan,SD,SDN,North Kordofan,,12000.0,1729226320
Avesta,Avesta,60.1456,16.1683,Sweden,SE,SWE,Dalarna,minor,11949.0,1752442829
Alegría,Alegria,13.5,-88.4833,El Salvador,SV,SLV,Usulután,,11712.0,1222469913
Myjava,Myjava,48.7492,17.5644,Slovakia,SK,SVK,Nitra,minor,11708.0,1703306179
Ekerö,Ekero,59.2833,17.8,Sweden,SE,SWE,Stockholm,minor,11524.0,1752521808
Podor,Podor,16.6167,-15.0333,Senegal,SN,SEN,Saint-Louis,,11869.0,1686277241
Guatajiagua,Guatajiagua,13.6667,-88.2,El Salvador,SV,SLV,Morazán,,11721.0,1222986309
Al Hāmah,Al Hamah,33.5581,36.2222,Syria,SY,SYR,Rīf Dimashq,,10045.0,1760765828
Jalalaqsi,Jalalaqsi,3.4,45.5833,Somalia,SO,SOM,Hiiraan,,11800.0,1706085316
Oxelösund,Oxelosund,58.6667,17.1167,Sweden,SE,SWE,Södermanland,minor,11488.0,1752816950
Jarābulus,Jarabulus,36.8175,38.0111,Syria,SY,SYR,Ḩalab,minor,11570.0,1760404681
Moldava nad Bodvou,Moldava nad Bodvou,48.6064,21.0003,Slovakia,SK,SVK,Košice,,11260.0,1703800646
Bytča,Bytca,49.2242,18.5642,Slovakia,SK,SVK,Žilina,minor,11414.0,1703630221
Yirol,Yirol,6.56,30.51,South Sudan,SS,SSD,Lakes,,11650.0,1728880750
Rosario de Mora,Rosario de Mora,13.5833,-89.2167,El Salvador,SV,SLV,San Salvador,,11377.0,1222795595
Ross-Bétio,Ross-Betio,16.2667,-16.1333,Senegal,SN,SEN,Saint-Louis,,11588.0,1686215885
Ulricehamn,Ulricehamn,57.7833,13.4167,Sweden,SE,SWE,Västra Götaland,minor,11410.0,1752323454
Cadale,Cadale,2.75,46.3167,Somalia,SO,SOM,Shabeellaha Dhexe,,11600.0,1706665542
Svidník,Svidnik,49.3056,21.5678,Slovakia,SK,SVK,Prešov,minor,11096.0,1703982053
Gustavsberg,Gustavsberg,59.3333,18.3833,Sweden,SE,SWE,Stockholm,minor,11333.0,1752098351
Moyamba,Moyamba,8.1606,-12.4333,Sierra Leone,SL,SLE,Southern,,11485.0,1694534088
Holíč,Holic,48.8122,17.1606,Slovakia,SK,SVK,Trnava,,11214.0,1703056774
Sociedad,Sociedad,13.7,-88.0167,El Salvador,SV,SLV,Morazán,,11406.0,1222392301
Ḑurumā,Duruma,24.6,46.1333,Saudi Arabia,SA,SAU,Ar Riyāḑ,,11461.0,1682041945
Billdal,Billdal,57.5833,11.9333,Sweden,SE,SWE,Västra Götaland,,10289.0,1752902367
El Refugio,El Refugio,13.975,-89.7072,El Salvador,SV,SLV,Ahuachapán,,10348.0,1222114583
Fiľakovo,Fil'akovo,48.2683,19.8247,Slovakia,SK,SVK,Banská Bystrica,,10654.0,1703493042
Štúrovo,Sturovo,47.7992,18.7181,Slovakia,SK,SVK,Nitra,,10524.0,1703382552
Saltsjöbaden,Saltsjobaden,59.2861,18.2872,Sweden,SE,SWE,Stockholm,,9491.0,1752396058
Lindome,Lindome,57.5667,12.1,Sweden,SE,SWE,Västra Götaland,,11037.0,1752017510
Säter,Sater,60.35,15.75,Sweden,SE,SWE,Dalarna,minor,11161.0,1752106065
Fagersta,Fagersta,60.0042,15.7933,Sweden,SE,SWE,Västmanland,minor,11130.0,1752230389
Mahīn,Mahin,34.2425,37.0589,Syria,SY,SYR,Ḩimş,minor,11064.0,1760830221
Dayr ‘Aţīyah,Dayr `Atiyah,34.0833,36.7667,Syria,SY,SYR,Rīf Dimashq,minor,10984.0,1760656122
Stropkov,Stropkov,49.205,21.6514,Slovakia,SK,SVK,Prešov,minor,10654.0,1703240636
Al Atārib,Al Atarib,36.1389,36.83,Syria,SY,SYR,Ḩalab,minor,10657.0,1760645780
Cacaopera,Cacaopera,13.7667,-88.0833,El Salvador,SV,SLV,Morazán,,10943.0,1222915809
‘Utaybah,`Utaybah,33.4861,36.6011,Syria,SY,SYR,Rīf Dimashq,,10548.0,1760277356
Guéoul,Gueoul,15.4833,-16.35,Senegal,SN,SEN,Louga,,10918.0,1686714378
Höllviken,Hollviken,55.4167,12.95,Sweden,SE,SWE,Skåne,,10607.0,1752012234
Bonthe,Bonthe,7.5264,-12.505,Sierra Leone,SL,SLE,Southern,,10206.0,1694831211
Jordbro,Jordbro,59.15,18.1333,Sweden,SE,SWE,Stockholm,,10291.0,1752201774
Stenungsund,Stenungsund,58.0833,11.8167,Sweden,SE,SWE,Västra Götaland,minor,9987.0,1752961653
Chapeltique,Chapeltique,13.6333,-88.2667,El Salvador,SV,SLV,San Miguel,,10728.0,1222915994
Bārah,Barah,35.683,36.533,Syria,SY,SYR,Idlib,,10353.0,1760852702
Turmānīn,Turmanin,36.2333,36.8167,Syria,SY,SYR,Idlib,,10394.0,1760551418
Al Karak,Al Karak,32.6872,36.3508,Syria,SY,SYR,Dar‘ā,,10510.0,1760662901
Al Musayfirah,Al Musayfirah,32.6322,36.3386,Syria,SY,SYR,Dar‘ā,minor,10466.0,1760039988
Svedala,Svedala,55.5,13.2333,Sweden,SE,SWE,Skåne,minor,10627.0,1752069692
San Rafael Obrajuelo,San Rafael Obrajuelo,13.5,-88.9333,El Salvador,SV,SLV,La Paz,,9820.0,1222700653
Nahulingo,Nahulingo,13.7,-89.7167,El Salvador,SV,SLV,Sonsonate,,10417.0,1222747798
El Paraíso,El Paraiso,14.0833,-89.0833,El Salvador,SV,SLV,Chalatenango,,10483.0,1222422397
Kolárovo,Kolarovo,47.9169,17.9956,Slovakia,SK,SVK,Nitra,,10572.0,1703541383
Filipstad,Filipstad,59.7167,14.1667,Sweden,SE,SWE,Värmland,minor,10644.0,1752017138
Al Ghizlānīyah,Al Ghizlaniyah,33.3986,36.4531,Syria,SY,SYR,Rīf Dimashq,minor,10473.0,1760034578
Monte San Juan,Monte San Juan,13.7667,-88.95,El Salvador,SV,SLV,Cuscatlán,,10224.0,1222428135
Armanāz,Armanaz,36.0833,36.5,Syria,SY,SYR,Idlib,minor,10296.0,1760438666
Timrå,Timra,62.4869,17.3258,Sweden,SE,SWE,Västernorrland,minor,10443.0,1752299610
Thilogne,Thilogne,15.9239,-13.6578,Senegal,SN,SEN,Matam,,10440.0,1686563185
Santa Catarina Masahuat,Santa Catarina Masahuat,13.7833,-89.7667,El Salvador,SV,SLV,Sonsonate,,10076.0,1222501280
San Simón,San Simon,13.8333,-88.2333,El Salvador,SV,SLV,Morazán,,10102.0,1222320015
Santa Isabel Ishuatán,Santa Isabel Ishuatan,13.6167,-89.5833,El Salvador,SV,SLV,Sonsonate,,10241.0,1222753045
Gagnef,Gagnef,60.6,15.0833,Sweden,SE,SWE,Dalarna,minor,10328.0,1752571884
Örkelljunga,Orkelljunga,56.2833,13.2833,Sweden,SE,SWE,Skåne,minor,10300.0,1752548206
Gislaved,Gislaved,57.3,13.5333,Sweden,SE,SWE,Jönköping,minor,10231.0,1752639615
Kafr Takhārīm,Kafr Takharim,36.1164,36.5147,Syria,SY,SYR,Idlib,minor,10084.0,1760371396
Banská Štiavnica,Banska Stiavnica,48.4581,18.8964,Slovakia,SK,SVK,Banská Bystrica,minor,10097.0,1703575986
Arlöv,Arlov,55.6333,13.0833,Sweden,SE,SWE,Skåne,minor,10284.0,1752897909
Ghāriyah al Gharbīyah,Ghariyah al Gharbiyah,32.6828,36.2233,Syria,SY,SYR,Dar‘ā,,9784.0,1760612847
Marawī,Marawi,18.4833,31.8167,Sudan,SD,SDN,Northern,,10234.0,1729782394
Jocoro,Jocoro,13.6167,-88.0167,El Salvador,SV,SLV,Morazán,,10060.0,1222901966
Kidira,Kidira,14.4167,-12.25,Senegal,SN,SEN,Tambacounda,,10065.0,1686929871
Šurany,Surany,48.0872,18.1861,Slovakia,SK,SVK,Nitra,,9878.0,1703675308
Diabougou,Diabougou,14.5431,-12.2186,Senegal,SN,SEN,Tambacounda,,10000.0,1686174513
Koumpentoum,Koumpentoum,13.9833,-14.5667,Senegal,SN,SEN,Tambacounda,,10000.0,1686285510
Chilanga,Chilanga,13.7167,-88.1167,El Salvador,SV,SLV,Morazán,,9700.0,1222531910
Älmhult,Almhult,56.55,14.1333,Sweden,SE,SWE,Kronoberg,minor,8955.0,1752497359
Ḩās,Has,35.6169,36.5953,Syria,SY,SYR,Idlib,,9595.0,1760767618
Ngaparou,Ngaparou,14.4631,-17.0581,Senegal,SN,SEN,Thiès,,9500.0,1686694843
Åstorp,Astorp,56.1347,12.9472,Sweden,SE,SWE,Skåne,minor,9488.0,1752829425
Bjärred,Bjarred,55.7167,13.0167,Sweden,SE,SWE,Skåne,,9542.0,1752885490
Eksjö,Eksjo,57.6669,14.9703,Sweden,SE,SWE,Jönköping,minor,9701.0,1752063761
Polorós,Poloros,13.8108,-87.8164,El Salvador,SV,SLV,La Unión,,9701.0,1222036180
Nueva Esparta,Nueva Esparta,13.7833,-87.8333,El Salvador,SV,SLV,La Unión,,9637.0,1222916015
Lindesberg,Lindesberg,59.5833,15.25,Sweden,SE,SWE,Örebro,minor,9672.0,1752750854
Maḑāyā,Madaya,33.6878,36.1008,Syria,SY,SYR,Rīf Dimashq,minor,9371.0,1760921670
Kungsängen,Kungsangen,59.4833,17.75,Sweden,SE,SWE,Stockholm,minor,9382.0,1752617626
La Reina,La Reina,14.1833,-89.15,El Salvador,SV,SLV,Chalatenango,,9525.0,1222331926
San Pedro Nonualco,San Pedro Nonualco,13.6,-88.9333,El Salvador,SV,SLV,La Paz,,9252.0,1222378780
Modra,Modra,48.3317,17.3089,Slovakia,SK,SVK,Bratislava,,9346.0,1703770416
San José Guayabal,San Jose Guayabal,13.85,-89.1,El Salvador,SV,SLV,Cuscatlán,,9300.0,1222743447
Tambura,Tambura,5.59,27.47,South Sudan,SS,SSD,Western Equatoria,,9500.0,1728480135
Turín,Turin,13.9667,-89.8167,El Salvador,SV,SLV,Ahuachapán,,8997.0,1222996582
San Lorenzo,San Lorenzo,14.0333,-89.7833,El Salvador,SV,SLV,Ahuachapán,,9194.0,1222167385
Tvrdošín,Tvrdosin,49.3343,19.5548,Slovakia,SK,SVK,Žilina,minor,9195.0,1703880169
Caluco,Caluco,13.7167,-89.65,El Salvador,SV,SLV,Sonsonate,,9139.0,1222488164
San Jorge,San Jorge,13.6833,-88.3833,El Salvador,SV,SLV,San Miguel,,9115.0,1222915945
Veľké Kapušany,Vel'ke Kapusany,48.5503,22.0847,Slovakia,SK,SVK,Košice,,9004.0,1703807609
Krompachy,Krompachy,48.9139,20.8739,Slovakia,SK,SVK,Košice,,8828.0,1703996106
Ḩīsh,Hish,35.5464,36.6431,Syria,SY,SYR,Idlib,minor,8817.0,1760171241
Estanzuelas,Estanzuelas,13.65,-88.5,El Salvador,SV,SLV,Usulután,,9015.0,1222473531
Bernolákovo,Bernolakovo,48.1992,17.3003,Slovakia,SK,SVK,Bratislava,,8801.0,1703400453
Stará Turá,Stara Tura,48.7767,17.6961,Slovakia,SK,SVK,Nitra,,8932.0,1703420460
Osicala,Osicala,13.8,-88.15,El Salvador,SV,SLV,Morazán,,8909.0,1222316940
Säffle,Saffle,59.1333,12.9333,Sweden,SE,SWE,Värmland,minor,8991.0,1752987175
Åmål,Amal,59.05,12.7,Sweden,SE,SWE,Västra Götaland,minor,9065.0,1752187898
Dhībān,Dhiban,35.0025,40.5117,Syria,SY,SYR,Dayr az Zawr,minor,9000.0,1760211597
Veľký Meder,Vel'ky Meder,47.8564,17.7706,Slovakia,SK,SVK,Trnava,,8828.0,1703165181
Nueva Guadalupe,Nueva Guadalupe,13.5333,-88.35,El Salvador,SV,SLV,San Miguel,,8905.0,1222469128
Taftanāz,Taftanaz,35.9969,36.7867,Syria,SY,SYR,Idlib,minor,8540.0,1760676375
Vráble,Vrable,48.2408,18.3086,Slovakia,SK,SVK,Nitra,,8656.0,1703078244
Habo,Habo,57.9167,14.0667,Sweden,SE,SWE,Jönköping,minor,8753.0,1752321919
Smižany,Smizany,48.9556,20.5292,Slovakia,SK,SVK,Košice,,8698.0,1703195495
Tibro,Tibro,58.4167,14.1667,Sweden,SE,SWE,Västra Götaland,minor,8614.0,1752652082
Sollefteå,Solleftea,63.1667,17.2667,Sweden,SE,SWE,Västernorrland,minor,8643.0,1752942134
Ad Darbāsīyah,Ad Darbasiyah,37.0728,40.6519,Syria,SY,SYR,Al Ḩasakah,minor,8551.0,1760503745
Lycksele,Lycksele,64.6,18.6667,Sweden,SE,SWE,Västerbotten,minor,8513.0,1752497836
Moengo,Moengo,5.6167,-54.4,Suriname,SR,SUR,Marowijne,,8252.0,1740230194
Kapoeta,Kapoeta,4.775,33.59,South Sudan,SS,SSD,Eastern Equatoria,,7042.0,1728483282
Melut,Melut,10.4404,32.2015,South Sudan,SS,SSD,Upper Nile,,6407.0,1728493346
Karmah an Nuzul,Karmah an Nuzul,19.6008,30.4097,Sudan,SD,SDN,Northern,,3928.0,1729918529
Lavumisa,Lavumisa,-27.3167,31.9,Swaziland,SZ,SWZ,Shiselweni,,3695.0,1748490870
Buur Gaabo,Buur Gaabo,-1.2175,41.8378,Somalia,SO,SOM,Jubbada Hoose,,3096.0,1706122850
Hlatikulu,Hlatikulu,-26.9667,31.3167,Swaziland,SZ,SWZ,Shiselweni,,2748.0,1748564468
Zaragoza,Zaragoza,13.5833,-89.2833,El Salvador,SV,SLV,La Libertad,,22525.0,1222511136
Ciudad Arce,Ciudad Arce,13.8333,-89.4333,El Salvador,SV,SLV,La Libertad,,60314.0,1222728065
Aguilares,Aguilares,13.95,-89.1833,El Salvador,SV,SLV,San Salvador,,21267.0,1222041807
Candelaria,Candelaria,13.75,-88.95,El Salvador,SV,SLV,Cuscatlán,,10090.0,1222584902
San José Villanueva,San Jose Villanueva,13.5833,-89.2667,El Salvador,SV,SLV,La Libertad,,13576.0,1222497651
Santa María,Santa Maria,13.35,-88.4333,El Salvador,SV,SLV,Usulután,,10731.0,1222973586
San Ignacio,San Ignacio,14.3333,-89.1833,El Salvador,SV,SLV,Chalatenango,,8611.0,1222199797
Santa Elena,Santa Elena,13.3833,-88.4167,El Salvador,SV,SLV,Usulután,,17342.0,1222446102
Santa Rosa de Lima,Santa Rosa de Lima,13.6167,-87.9,El Salvador,SV,SLV,La Unión,,27693.0,1222685662
Conchagua,Conchagua,13.3,-87.8667,El Salvador,SV,SLV,La Unión,,37362.0,1222328489
El Tránsito,El Transito,13.35,-88.35,El Salvador,SV,SLV,San Miguel,,18363.0,1222690970
Chirilagua,Chirilagua,13.2167,-88.1386,El Salvador,SV,SLV,San Miguel,,19984.0,1222360893
Victoria,Victoria,13.95,-88.6333,El Salvador,SV,SLV,Cabañas,,12626.0,1222943235
Pasaquina,Pasaquina,13.5844,-87.8411,El Salvador,SV,SLV,La Unión,,16375.0,1222645421
Sesori,Sesori,13.7167,-88.3667,El Salvador,SV,SLV,San Miguel,,10705.0,1222371980
Gadoon,Gadoon,5.6897,46.6847,Somalia,SO,SOM,Galguduud,,10000.0,1706085622
Nödinge-Nol,Nodinge-Nol,57.9,12.0667,Sweden,SE,SWE,Västra Götaland,,9822.0,1752000147
Sävja,Savja,59.8167,17.7,Sweden,SE,SWE,Uppsala,,9684.0,1752516953
Åhus,Ahus,55.9167,14.2833,Sweden,SE,SWE,Skåne,,9423.0,1752365263
Dulce Nombre de María,Dulce Nombre de Maria,14.15,-89.0167,El Salvador,SV,SLV,Chalatenango,,8987.0,1222936599
Al Quway‘īyah,Al Quway`iyah,24.0464,45.2656,Saudi Arabia,SA,SAU,Ar Riyāḑ,,8712.0,1682154232
Tionk Essil,Tionk Essil,12.7856,-16.5217,Senegal,SN,SEN,Ziguinchor,,8507.0,1686842039
Piggs Peak,Piggs Peak,-25.961,31.247,Swaziland,SZ,SWZ,Hhohho,,5750.0,1748284923
Brownsweg,Brownsweg,5.0164,-55.1669,Suriname,SR,SUR,Brokopondo,,4793.0,1740310469
Nasir,Nasir,8.6,33.0667,South Sudan,SS,SSD,Upper Nile,,1741.0,1728210480
Mereeg,Mereeg,3.7667,47.3,Somalia,SO,SOM,Galguduud,,548.0,1706308443
Caluula,Caluula,11.9667,50.75,Somalia,SO,SOM,Bari,,513.0,1706796061
Hurdiyo,Hurdiyo,10.5667,51.1333,Somalia,SO,SOM,Bari,,176.0,1706025904
