city,city_ascii,lat,lng,country,iso2,iso3,admin_name,capital,population,id
Colombo,Colombo,6.9344,79.8428,Sri Lanka,LK,LKA,Western,primary,2323826.0,1144251314
Tripoli,Tripoli,32.8872,13.1914,Libya,LY,LBY,Ţarābulus,primary,1293016.0,1434201852
Monrovia,Monrovia,6.3133,-10.8014,Liberia,LR,LBR,Montserrado,primary,1021762.0,1430477826
Vientiane,Vientiane,17.9667,102.6,Laos,LA,LAO,Viangchan,primary,948487.0,1418732714
Riga,Riga,56.9489,24.1064,Latvia,LV,LVA,Rīga,primary,920643.0,1428586192
Vilnius,Vilnius,54.6872,25.28,Lithuania,LT,LTU,Vilniaus Miestas,primary,708203.0,1440887149
Maseru,Maseru,-29.31,27.48,Lesotho,LS,LSO,Maseru,primary,519186.0,1426977668
Beirut,Beirut,33.8869,35.5131,Lebanon,LB,LBN,Beyrouth,primary,361366.0,1422847713
Luxembourg,Luxembourg,49.6117,6.1319,Luxembourg,LU,LUX,Luxembourg,primary,132780.0,1442262731
Sri Jayewardenepura Kotte,Sri Jayewardenepura Kotte,6.9108,79.8878,Sri Lanka,LK,LKA,Western,primary,115826.0,1144239330
Castries,Castries,14.0167,-60.9833,Saint Lucia,LC,LCA,Castries,primary,70000.0,1662922505
Vaduz,Vaduz,47.141,9.521,Liechtenstein,LI,LIE,Vaduz,primary,5668.0,1438317747
Benghazi,Benghazi,32.1167,20.0667,Libya,LY,LBY,Banghāzī,admin,631555.0,1434915572
Tripoli,Tripoli,34.4367,35.8344,Lebanon,LB,LBN,Liban-Nord,admin,530000.0,1422886065
Ajdābiyā,Ajdabiya,30.7556,20.2253,Libya,LY,LBY,Al Wāḩāt,admin,416000.0,1434401280
Kaunas,Kaunas,54.8972,23.8861,Lithuania,LT,LTU,Kauno Miestas,admin,381007.0,1440302852
Xiangkhoang,Xiangkhoang,19.4167,103.5,Laos,LA,LAO,Xiangkhouang,,267172.0,1418829021
Mişrātah,Misratah,32.3775,15.092,Libya,LY,LBY,Mişrātah,admin,259056.0,1434518407
Mount Lavinia,Mount Lavinia,6.8731,79.8758,Sri Lanka,LK,LKA,Western,,245974.0,1144684385
Al Bayḑā’,Al Bayda',32.7664,21.7417,Libya,LY,LBY,Al Jabal al Akhḑar,admin,250000.0,1434263017
Kesbewa,Kesbewa,6.7953,79.9386,Sri Lanka,LK,LKA,Western,,243842.0,1144646065
Sidon,Sidon,33.5606,35.3758,Lebanon,LB,LBN,Liban-Sud,admin,200000.0,1422897920
Borj Hammoud,Borj Hammoud,33.8936,35.5403,Lebanon,LB,LBN,Mont-Liban,,150000.0,1422255275
Moratuwa,Moratuwa,6.7991,79.8767,Sri Lanka,LK,LKA,Western,,200000.0,1144324309
Al Khums,Al Khums,32.6497,14.2644,Libya,LY,LBY,Al Marqab,,201943.0,1434172839
Az Zāwīyah,Az Zawiyah,32.7522,12.7278,Libya,LY,LBY,Az Zāwiyah,admin,200000.0,1434421178
Maharagama,Maharagama,6.8494,79.9236,Sri Lanka,LK,LKA,Western,,195355.0,1144551969
Gharyān,Gharyan,32.1697,13.0167,Libya,LY,LBY,Al Jabal al Gharbī,admin,187854.0,1434507846
Tyre,Tyre,33.2708,35.1961,Lebanon,LB,LBN,Liban-Sud,minor,160000.0,1422316734
Ratnapura,Ratnapura,6.6806,80.4022,Sri Lanka,LK,LKA,Sabaragamuwa,admin,165998.0,1144739208
Al Marj,Al Marj,32.5005,20.83,Libya,LY,LBY,Al Marj,admin,169540.0,1434742923
Klaipėda,Klaipeda,55.75,21.1667,Lithuania,LT,LTU,Klaipėdos Miestas,admin,164310.0,1440897790
Kandy,Kandy,7.2964,80.635,Sri Lanka,LK,LKA,Central,admin,161000.0,1144308408
El Minié,El Minie,34.447,35.8178,Lebanon,LB,LBN,Liban-Nord,,150000.0,1422845769
Negombo,Negombo,7.2111,79.8386,Sri Lanka,LK,LKA,Western,,142136.0,1144271397
Tobruk,Tobruk,32.0761,23.9614,Libya,LY,LBY,Al Buţnān,admin,135832.0,1434068493
Aaley,Aaley,33.8,35.6,Lebanon,LB,LBN,Mont-Liban,minor,130000.0,1422055581
Batticaloa,Batticaloa,7.7167,81.7,Sri Lanka,LK,LKA,Eastern,,129222.0,1144464659
Darnah,Darnah,32.7667,22.6333,Libya,LY,LBY,Darnah,admin,127974.0,1434920152
Panevėžys,Panevezys,55.7333,24.35,Lithuania,LT,LTU,Panevėžio Miestas,admin,124412.0,1440120065
Pakxé,Pakxe,15.1167,105.7833,Laos,LA,LAO,Champasak,admin,119848.0,1418863956
Savannakhet,Savannakhet,16.55,104.75,Laos,LA,LAO,Savannakhét,admin,124000.0,1418179232
Joünié,Jounie,33.9697,35.6156,Lebanon,LB,LBN,Mont-Liban,minor,102221.0,1422032780
Sabhā,Sabha,27.0389,14.4264,Libya,LY,LBY,Sabhā,admin,116016.0,1434044820
Mawanella,Mawanella,7.2534,80.4466,Sri Lanka,LK,LKA,Sabaragamuwa,,111727.0,1144039144
Zahlé,Zahle,33.8333,35.9167,Lebanon,LB,LBN,Béqaa,admin,100000.0,1422031285
Trincomalee,Trincomalee,8.5667,81.2333,Sri Lanka,LK,LKA,Eastern,admin,99135.0,1144417074
Kalmunai,Kalmunai,7.4167,81.8167,Sri Lanka,LK,LKA,Eastern,,106780.0,1144059288
Šiauliai,Siauliai,55.9333,23.3167,Lithuania,LT,LTU,Šiaulių Miestas,admin,107086.0,1440593416
Kotmale,Kotmale,7.0167,80.5833,Sri Lanka,LK,LKA,Central,,107523.0,1144416345
Kilinochchi,Kilinochchi,9.4004,80.3999,Sri Lanka,LK,LKA,North Central,,103717.0,1144468936
Hikkaduwa,Hikkaduwa,6.1472,80.1103,Sri Lanka,LK,LKA,Southern,,101342.0,1144660740
Şabrātah,Sabratah,32.7922,12.4842,Libya,LY,LBY,An Nuqāţ al Khams,,102038.0,1434908655
Al Jumayl,Al Jumayl,32.8528,12.0611,Libya,LY,LBY,An Nuqāţ al Khams,,102000.0,1434494324
New Kru Town,New Kru Town,6.3733,-10.7928,Liberia,LR,LBR,Montserrado,,84399.0,1430152542
Galle,Galle,6.0536,80.2117,Sri Lanka,LK,LKA,Southern,admin,93118.0,1144191486
Jaffna,Jaffna,9.6647,80.0167,Sri Lanka,LK,LKA,North Central,admin,88138.0,1144005506
Nabatîyé,Nabatiye,33.3833,35.45,Lebanon,LB,LBN,Nabatîyé,admin,80000.0,1422269278
Athurugiriya,Athurugiriya,6.8922,79.9428,Sri Lanka,LK,LKA,Western,,84278.0,1144399714
Daugavpils,Daugavpils,55.875,26.5356,Latvia,LV,LVA,Augšdaugava,admin,80627.0,1428924928
Zuwārah,Zuwarah,32.9333,12.0833,Libya,LY,LBY,An Nuqāţ al Khams,admin,80310.0,1434206265
Weligama,Weligama,5.9739,80.4294,Sri Lanka,LK,LKA,Southern,,72511.0,1144776498
Surt,Surt,31.205,16.5886,Libya,LY,LBY,Surt,admin,76788.0,1434563640
Teyateyaneng,Teyateyaneng,-29.1511,27.7425,Lesotho,LS,LSO,Berea,admin,75115.0,1426159118
Tangalla,Tangalla,6.0167,80.7833,Sri Lanka,LK,LKA,Southern,,72500.0,1144402312
Thakhèk,Thakhek,17.4,104.8,Laos,LA,LAO,Khammouan,admin,70000.0,1418367677
Kolonnawa,Kolonnawa,6.9283,79.895,Sri Lanka,LK,LKA,Western,,64887.0,1144205591
Matara,Matara,5.95,80.5333,Sri Lanka,LK,LKA,Southern,,68244.0,1144127163
Borj el Qoblé,Borj el Qoble,33.2631,35.2389,Lebanon,LB,LBN,Liban-Sud,,61973.0,1422937881
Liepāja,Liepaja,56.5117,21.0139,Latvia,LV,LVA,Liepāja,admin,67964.0,1428511842
Nālūt,Nalut,31.8685,10.9812,Libya,LY,LBY,Nālūt,admin,66609.0,1434550258
Gampaha,Gampaha,7.0917,79.9997,Sri Lanka,LK,LKA,Western,,62797.0,1144612731
Akurana,Akurana,7.365,80.6172,Sri Lanka,LK,LKA,Central,,63397.0,1144063686
Anuradhapura,Anuradhapura,8.335,80.4108,Sri Lanka,LK,LKA,Northern,admin,63208.0,1144764835
Mafeteng,Mafeteng,-29.8167,27.25,Lesotho,LS,LSO,Mafeteng,admin,57059.0,1426506047
Jelgava,Jelgava,56.6483,23.7139,Latvia,LV,LVA,Jelgava,admin,55336.0,1428370571
Louangphabang,Louangphabang,19.8833,102.1333,Laos,LA,LAO,Louangphabang,admin,53792.0,1418530759
El Ghâzîyé,El Ghaziye,33.5186,35.3661,Lebanon,LB,LBN,Liban-Sud,,50000.0,1422216263
Alytus,Alytus,54.4014,24.0492,Lithuania,LT,LTU,Alytaus Miestas,admin,51856.0,1440273296
Puttalam,Puttalam,8.033,79.826,Sri Lanka,LK,LKA,North Western,,45661.0,1144219740
Jūrmala,Jurmala,56.9681,23.7703,Latvia,LV,LVA,Jūrmala,admin,50561.0,1428952300
Jbaïl,Jbail,34.1236,35.6511,Lebanon,LB,LBN,Mont-Liban,minor,40000.0,1422678909
Xam Nua,Xam Nua,20.415,104.048,Laos,LA,LAO,Houaphan,admin,46800.0,1418975079
Leribe,Leribe,-28.8734,28.0416,Lesotho,LS,LSO,Leribe,admin,47675.0,1426721246
Badulla,Badulla,6.9847,81.0564,Sri Lanka,LK,LKA,Uva,admin,42923.0,1144962750
Gbarnga,Gbarnga,6.998,-9.473,Liberia,LR,LBR,Bong,admin,45835.0,1430269323
Matale,Matale,7.4667,80.6167,Sri Lanka,LK,LKA,Central,,36451.0,1144554963
Murzuq,Murzuq,25.9,13.9,Libya,LY,LBY,Murzuq,admin,43732.0,1434910333
Kalutara,Kalutara,6.5869,79.9603,Sri Lanka,LK,LKA,Western,,37081.0,1144948559
Zghartā,Zgharta,34.4,35.9,Lebanon,LB,LBN,Liban-Nord,minor,30000.0,1422751344
Phônsavan,Phonsavan,19.46,103.18,Laos,LA,LAO,Xiangkhouang,admin,37507.0,1418378289
Bentota,Bentota,6.42,80.0,Sri Lanka,LK,LKA,Southern,,37000.0,1144048882
Esch-sur-Alzette,Esch-sur-Alzette,49.4969,5.9806,Luxembourg,LU,LUX,Esch-sur-Alzette,admin,36228.0,1442192663
Mannar,Mannar,8.9772,79.9138,Sri Lanka,LK,LKA,North Central,,35000.0,1144238069
Mabole,Mabole,7.0,79.9,Sri Lanka,LK,LKA,Western,,29880.0,1144304678
Marijampolė,Marijampole,54.5472,23.35,Lithuania,LT,LTU,Marijampolė,admin,36807.0,1440180524
Buchanan,Buchanan,5.8808,-10.0467,Liberia,LR,LBR,Grand Bassa,admin,34270.0,1430478203
Awbārī,Awbari,26.5833,12.7667,Libya,LY,LBY,Wādī al Ḩayāt,admin,35000.0,1434431378
Qornet Chahouâne,Qornet Chahouane,33.92,35.67,Lebanon,LB,LBN,Mont-Liban,,28000.0,1422333947
Kakata,Kakata,6.53,-10.3517,Liberia,LR,LBR,Margibi,admin,33945.0,1430656307
Ventspils,Ventspils,57.3906,21.5733,Latvia,LV,LVA,Ventspils,admin,33372.0,1428112098
Bent Jbaïl,Bent Jbail,33.1258,35.4428,Lebanon,LB,LBN,Nabatîyé,minor,30000.0,1422323141
Mažeikiai,Mazeikiai,56.3167,22.3333,Lithuania,LT,LTU,Mažeikiai,admin,33249.0,1440746512
Pothuhera,Pothuhera,7.4199,80.3274,Sri Lanka,LK,LKA,North Western,,30315.0,1144415368
Kurunegala,Kurunegala,7.4833,80.3667,Sri Lanka,LK,LKA,North Western,admin,30315.0,1144602660
Harper,Harper,4.3667,-7.7167,Liberia,LR,LBR,Maryland,admin,32661.0,1430540258
Nuwara Eliya,Nuwara Eliya,6.9667,80.7667,Sri Lanka,LK,LKA,Central,,27500.0,1144687416
Louang Namtha,Louang Namtha,20.95,101.4,Laos,LA,LAO,Louangnamtha,admin,28551.0,1418920136
Pakxan,Pakxan,18.3964,103.6558,Laos,LA,LAO,Bolikhamxai,admin,27404.0,1418088090
Rēzekne,Rezekne,56.5127,27.3427,Latvia,LV,LVA,Rēzekne,admin,26839.0,1428895373
Jonava,Jonava,55.0722,24.2806,Lithuania,LT,LTU,Jonava,admin,27134.0,1440040612
Voinjama,Voinjama,8.4167,-9.75,Liberia,LR,LBR,Lofa,admin,26594.0,1430858471
Utena,Utena,55.5,25.6,Lithuania,LT,LTU,Utena,admin,26491.0,1440298742
Zwedru,Zwedru,6.0667,-8.1333,Liberia,LR,LBR,Grand Gedeh,admin,25678.0,1430130578
Mohale’s Hoek,Mohale's Hoek,-30.15,27.4667,Lesotho,LS,LSO,Mohale’s Hoek,admin,24992.0,1426343192
Baalbek,Baalbek,34.0063,36.2073,Lebanon,LB,LBN,Baalbek-Hermel,admin,24000.0,1422694451
Baabda,Baabda,33.8333,35.5333,Lebanon,LB,LBN,Mont-Liban,admin,9000.0,1422639397
Valmiera,Valmiera,57.55,25.4,Latvia,LV,LVA,Valmiera,admin,22971.0,1428524787
Al Jawf,Al Jawf,24.2167,23.3,Libya,LY,LBY,Al Kufrah,admin,24132.0,1434996940
Al ‘Azīzīyah,Al `Aziziyah,32.5308,13.0211,Libya,LY,LBY,Al Jafārah,admin,23399.0,1434450111
Kėdainiai,Kedainiai,55.2833,23.9667,Lithuania,LT,LTU,Kėdainiai,admin,23447.0,1440351434
Hatton,Hatton,6.8897,80.5981,Sri Lanka,LK,LKA,Central,,15073.0,1144603282
Ogre,Ogre,56.8186,24.6056,Latvia,LV,LVA,Ogre,admin,22978.0,1428832851
Jēkabpils,Jekabpils,56.4994,25.8783,Latvia,LV,LVA,Jēkabpils,admin,21629.0,1428885452
Telšiai,Telsiai,55.9833,22.25,Lithuania,LT,LTU,Telšiai,admin,22261.0,1440908000
Ghāt,Ghat,24.9644,10.1781,Libya,LY,LBY,Ghāt,admin,22000.0,1434971028
Tauragė,Taurage,55.2522,22.2897,Lithuania,LT,LTU,Tauragė,admin,21516.0,1440115384
Ukmergė,Ukmerge,55.25,24.75,Lithuania,LT,LTU,Ukmergė,admin,21226.0,1440784663
Galhinna,Galhinna,7.4161,80.5688,Sri Lanka,LK,LKA,Central,,18507.0,1144327642
Attapu,Attapu,14.8,106.8333,Laos,LA,LAO,Attapu,admin,19200.0,1418894454
Visaginas,Visaginas,55.598,26.438,Lithuania,LT,LTU,Visaginas,admin,19586.0,1440984232
Kfar Aabîda,Kfar Aabida,34.2264,35.66,Lebanon,LB,LBN,Liban-Nord,,9613.0,1422225745
Kahhalé,Kahhale,33.8219,35.5875,Lebanon,LB,LBN,Mont-Liban,,13000.0,1422675912
Ban Houayxay,Ban Houayxay,20.2631,100.4336,Laos,LA,LAO,Bokèo,admin,17687.0,1418944950
Hūn,Hun,29.1268,15.9477,Libya,LY,LBY,Al Jufrah,admin,18878.0,1434396501
Palanga,Palanga,55.9167,21.0667,Lithuania,LT,LTU,Palangos Miestas,admin,18132.0,1440868798
Xaignabouli,Xaignabouli,19.25,101.75,Laos,LA,LAO,Xaignabouli,admin,16200.0,1418760593
Salaspils,Salaspils,56.8667,24.35,Latvia,LV,LVA,Salaspils,admin,17905.0,1428270898
Mārupe,Marupe,56.9069,24.0583,Latvia,LV,LVA,Mārupe,admin,17796.0,1428162714
Plungė,Plunge,55.9167,21.85,Lithuania,LT,LTU,Plungė,admin,17385.0,1440542185
Kretinga,Kretinga,55.89,21.2422,Lithuania,LT,LTU,Kretinga,admin,17207.0,1440720895
Tukums,Tukums,56.9667,23.15,Latvia,LV,LVA,Tukums,admin,16691.0,1428304262
Greenville,Greenville,5.0167,-9.0333,Liberia,LR,LBR,Sinoe,admin,16434.0,1430362799
Šilutė,Silute,55.35,21.4833,Lithuania,LT,LTU,Šilutė,admin,16200.0,1440568024
Radviliškis,Radviliskis,55.8,23.55,Lithuania,LT,LTU,Radviliškis,admin,15275.0,1440712589
Phôngsali,Phongsali,21.6833,102.1,Laos,LA,LAO,Phôngsali,admin,15083.0,1418524729
Quthing,Quthing,-30.4001,27.7002,Lesotho,LS,LSO,Quthing,admin,15000.0,1426618526
Cēsis,Cesis,57.3167,25.2667,Latvia,LV,LVA,Cēsis,admin,14815.0,1428840269
Hambantota,Hambantota,6.1244,81.1225,Sri Lanka,LK,LKA,Southern,,11213.0,1144358863
Sigulda,Sigulda,57.15,24.8667,Latvia,LV,LVA,Sigulda,admin,14539.0,1428703594
Sarafand,Sarafand,33.4517,35.2908,Lebanon,LB,LBN,Liban-Sud,,10965.0,1422620086
Druskininkai,Druskininkai,54.0167,23.9667,Lithuania,LT,LTU,Druskininkai,admin,13170.0,1440489111
Tubmanburg,Tubmanburg,6.8667,-10.8167,Liberia,LR,LBR,Bomi,admin,13114.0,1430503114
Abasingammedda,Abasingammedda,7.3167,80.6667,Sri Lanka,LK,LKA,Central,,11000.0,1144237899
Srîfa,Srifa,33.2814,35.3964,Lebanon,LB,LBN,Liban-Sud,,10000.0,1422782357
Rokiškis,Rokiskis,55.9667,25.5833,Lithuania,LT,LTU,Rokiškis,admin,12738.0,1440918695
Robertsport,Robertsport,6.75,-11.3667,Liberia,LR,LBR,Grand Cape Mount,admin,11969.0,1430885010
Elektrėnai,Elektrenai,54.7861,24.6611,Lithuania,LT,LTU,Elektrénai,admin,11753.0,1440272776
Sanniquellie,Sanniquellie,7.3622,-8.7061,Liberia,LR,LBR,Nimba,admin,11415.0,1430949102
Jurbarkas,Jurbarkas,55.0833,22.7667,Lithuania,LT,LTU,Jurbarkas,admin,10571.0,1440845969
Biržai,Birzai,56.2,24.75,Lithuania,LT,LTU,Biržai,admin,10444.0,1440132489
Olaine,Olaine,56.7833,23.9333,Latvia,LV,LVA,Olaine,admin,10324.0,1428220700
Butha-Buthe,Butha-Buthe,-28.7833,28.2333,Lesotho,LS,LSO,Butha-Buthe,admin,10000.0,1426574356
Vilkaviškis,Vilkaviskis,54.65,23.0333,Lithuania,LT,LTU,Vilkaviškis,admin,10291.0,1440557692
Kuldīga,Kuldiga,56.9667,21.9667,Latvia,LV,LVA,Kuldīga,admin,10109.0,1428739306
Bauska,Bauska,56.4083,24.1931,Latvia,LV,LVA,Bauska,admin,9840.0,1428015452
Raseiniai,Raseiniai,55.3667,23.1167,Lithuania,LT,LTU,Raseiniai,admin,9686.0,1440481520
Saldus,Saldus,56.6667,22.5,Latvia,LV,LVA,Saldus,admin,9679.0,1428774997
Prienai,Prienai,54.6333,23.9417,Lithuania,LT,LTU,Prienai,admin,8894.0,1440412268
Talsi,Talsi,57.2444,22.5867,Latvia,LV,LVA,Talsi,admin,8816.0,1428411666
Mokhotlong,Mokhotlong,-29.2885,29.0656,Lesotho,LS,LSO,Mokhotlong,admin,8809.0,1426785819
Joniškis,Joniskis,56.2333,23.6,Lithuania,LT,LTU,Joniškis,admin,8757.0,1440592411
Dobele,Dobele,56.6167,23.2667,Latvia,LV,LVA,Dobele,admin,8731.0,1428641580
Anykščiai,Anyksciai,55.5333,25.1,Lithuania,LT,LTU,Anykščiai,admin,8638.0,1440174702
Varėna,Varena,54.2111,24.5722,Lithuania,LT,LTU,Varėna,admin,8477.0,1440933251
Kaišiadorys,Kaisiadorys,54.8667,24.45,Lithuania,LT,LTU,Kaišiadorys,admin,8334.0,1440257941
Naujoji Akmenė,Naujoji Akmene,56.3167,22.9,Lithuania,LT,LTU,Akmenė,admin,8170.0,1440899932
Diekirch,Diekirch,49.8681,6.1567,Luxembourg,LU,LUX,Diekirch,admin,7047.0,1442382721
Ādaži,Adazi,57.0667,24.3333,Latvia,LV,LVA,Ādaži,admin,7482.0,1428843734
Kelmė,Kelme,55.6333,22.9333,Lithuania,LT,LTU,Kelmė,admin,7512.0,1440476751
Ludza,Ludza,56.55,27.7167,Latvia,LV,LVA,Ludza,admin,7473.0,1428976928
Krāslava,Kraslava,55.8833,27.1667,Latvia,LV,LVA,Krāslava,admin,7289.0,1428739484
Aizkraukle,Aizkraukle,56.6042,25.2539,Latvia,LV,LVA,Aizkraukle,admin,7044.0,1428407271
Līvāni,Livani,56.3667,26.1833,Latvia,LV,LVA,Līvāni,admin,7035.0,1428769984
Gulbene,Gulbene,57.1667,26.75,Latvia,LV,LVA,Gulbene,admin,6982.0,1428888445
Limbaži,Limbazi,57.5167,24.7167,Latvia,LV,LVA,Limbaži,admin,6888.0,1428920312
Salavan,Salavan,15.7167,106.4167,Laos,LA,LAO,Salavan,admin,5521.0,1418448631
Šalčininkai,Salcininkai,54.3167,25.3833,Lithuania,LT,LTU,Šalčininkai,admin,6841.0,1440401402
Madona,Madona,56.85,26.2167,Latvia,LV,LVA,Madona,admin,6792.0,1428548117
Alūksne,Aluksne,57.4167,27.05,Latvia,LV,LVA,Alūksne,admin,6535.0,1428873095
Pasvalys,Pasvalys,56.0594,24.4036,Lithuania,LT,LTU,Pasvalys,admin,6411.0,1440957197
Schaan,Schaan,47.1667,9.5097,Liechtenstein,LI,LIE,Schaan,admin,5998.0,1438982330
Preiļi,Preili,56.3,26.7167,Latvia,LV,LVA,Preiļi,admin,6161.0,1428460035
Kupiškis,Kupiskis,55.8333,24.9667,Lithuania,LT,LTU,Kupiškis,admin,6178.0,1440122297
Zarasai,Zarasai,55.7333,26.25,Lithuania,LT,LTU,Zarasai,admin,6051.0,1440450872
Echternach,Echternach,49.8117,6.4217,Luxembourg,LU,LUX,Echternach,admin,5705.0,1442794725
Trakai,Trakai,54.6333,24.9333,Lithuania,LT,LTU,Trakai,admin,5912.0,1440324561
Balvi,Balvi,57.1333,27.25,Latvia,LV,LVA,Balvi,admin,5840.0,1428606162
Molėtai,Moletai,55.2333,25.4167,Lithuania,LT,LTU,Molėtai,admin,5783.0,1440110307
Halba,Halba,34.5506,36.0781,Lebanon,LB,LBN,Aakkâr,admin,4730.0,1422962727
Wiltz,Wiltz,49.9667,5.9333,Luxembourg,LU,LUX,Wiltz,admin,5427.0,1442345477
Kazlų Rūda,Kazlu Ruda,54.75,23.5,Lithuania,LT,LTU,Kazlų Rūdos,admin,5539.0,1440371651
Šakiai,Sakiai,54.95,23.05,Lithuania,LT,LTU,Šakiai,admin,5440.0,1440362808
Thaba-Tseka,Thaba-Tseka,-29.5333,28.6,Lesotho,LS,LSO,Thaba-Tseka,admin,5423.0,1426611266
Triesen,Triesen,47.1,9.5333,Liechtenstein,LI,LIE,Triesen,admin,5230.0,1438826448
Skuodas,Skuodas,56.2667,21.5333,Lithuania,LT,LTU,Skuodas,admin,5346.0,1440264405
Ķekava,Kekava,56.8333,24.2333,Latvia,LV,LVA,Ķekava,admin,5160.0,1428331173
Grevenmacher,Grevenmacher,49.6806,6.4417,Luxembourg,LU,LUX,Grevenmacher,admin,4981.0,1442392954
Smiltene,Smiltene,57.4333,25.9,Latvia,LV,LVA,Smiltene,admin,5151.0,1428035157
Ignalina,Ignalina,55.35,26.1667,Lithuania,LT,LTU,Ignalina,admin,5106.0,1440789779
Mauren,Mauren,47.2167,9.5333,Liechtenstein,LI,LIE,Mauren,admin,4404.0,1438767966
Eschen,Eschen,47.2167,9.5167,Liechtenstein,LI,LIE,Eschen,admin,4459.0,1438692471
Balzers,Balzers,47.0667,9.5,Liechtenstein,LI,LIE,Balzers,admin,4628.0,1438263000
Šilalė,Silale,55.4833,22.1833,Lithuania,LT,LTU,Šilalė,admin,4699.0,1440106904
Remich,Remich,49.5444,6.3667,Luxembourg,LU,LUX,Remich,admin,3825.0,1442971283
Valka,Valka,57.7667,26.0,Latvia,LV,LVA,Valka,admin,4522.0,1428763918
Pakruojis,Pakruojis,55.9667,23.8667,Lithuania,LT,LTU,Pakruojis,admin,4490.0,1440570493
Švenčionys,Svencionys,55.1333,26.1556,Lithuania,LT,LTU,Švenčionys,admin,4480.0,1440170338
Bensonville,Bensonville,6.4456,-10.6097,Liberia,LR,LBR,Montserrado,admin,4089.0,1430964557
Kalvarija,Kalvarija,54.4167,23.2167,Lithuania,LT,LTU,Kalvarija,admin,4025.0,1440799248
Lazdijai,Lazdijai,54.2333,23.5167,Lithuania,LT,LTU,Lazdijai,admin,3895.0,1440584882
Xai,Xai,20.6914,101.9861,Laos,LA,LAO,Oudômxai,admin,,1418805827
Fish Town,Fish Town,5.1964,-7.8756,Liberia,LR,LBR,River Gee,admin,3328.0,1430204172
Ulbroka,Ulbroka,56.9333,24.2833,Latvia,LV,LVA,Ropaži,admin,3102.0,1428511061
Saulkrasti,Saulkrasti,57.25,24.4167,Latvia,LV,LVA,Saulkrasti,admin,3120.0,1428934591
Rietavas,Rietavas,55.7167,21.9333,Lithuania,LT,LTU,Rietavas,admin,3253.0,1440780088
Birštonas,Birstonas,54.6028,24.0206,Lithuania,LT,LTU,Birštonas,admin,3094.0,1440134144
Bopolu,Bopolu,7.0667,-10.4875,Liberia,LR,LBR,Gbarpolu,admin,2908.0,1430414456
Barclayville,Barclayville,4.6797,-8.2339,Liberia,LR,LBR,Grand Kru,admin,2733.0,1430129873
Triesenberg,Triesenberg,47.1181,9.5433,Liechtenstein,LI,LIE,Triesenberg,admin,2643.0,1438813592
Cestos City,Cestos City,5.4667,-9.5833,Liberia,LR,LBR,River Cess,admin,2578.0,1430708587
Ruggell,Ruggell,47.245,9.5332,Liechtenstein,LI,LIE,Ruggell,admin,2295.0,1438787609
Nida,Nida,55.3033,21.0056,Lithuania,LT,LTU,Neringa,admin,2385.0,1440271703
Vianden,Vianden,49.9336,6.2075,Luxembourg,LU,LUX,Vianden,admin,2161.0,1442979391
Capellen,Capellen,49.6444,5.9897,Luxembourg,LU,LUX,Capellen,admin,1986.0,1442533571
Gamprin,Gamprin,47.2167,9.5,Liechtenstein,LI,LIE,Gamprin,admin,1663.0,1438568521
Varakļāni,Varaklani,56.6,26.75,Latvia,LV,LVA,Varakļāni,admin,1730.0,1428435689
Ropaži,Ropazi,56.9718,24.6318,Latvia,LV,LVA,Ropaži,admin,1681.0,1428220999
Clervaux,Clervaux,50.05,6.0333,Luxembourg,LU,LUX,Clervaux,admin,1468.0,1442118762
Xékong,Xekong,15.3503,106.7286,Laos,LA,LAO,Xékong,admin,,1418000082
Schellenberg,Schellenberg,47.2336,9.5481,Liechtenstein,LI,LIE,Schellenberg,admin,1091.0,1438649917
Širvintos,Sirvintos,55.0361,24.9694,Lithuania,LT,LTU,Širvintos,admin,744.0,1440054141
Planken,Planken,47.1833,9.5333,Liechtenstein,LI,LIE,Planken,admin,478.0,1438419168
Mersch,Mersch,49.75,6.1,Luxembourg,LU,LUX,Mersch,admin,,1442283324
Redange-sur-Attert,Redange-sur-Attert,49.7652,5.8894,Luxembourg,LU,LUX,Redange,admin,,1442099691
Pagėgiai,Pagegiai,55.1333,21.9167,Lithuania,LT,LTU,Pagégiai,admin,57.0,1440724133
Qacha’s Nek,Qacha's Nek,-30.1167,28.6833,Lesotho,LS,LSO,Qacha’s Nek,admin,,1426361264
Anouvông,Anouvong,18.8989,103.0919,Laos,LA,LAO,Xaisômboun,admin,,1418294155
Phôn-Hông,Phon-Hong,18.4953,102.4153,Laos,LA,LAO,Viangchan,admin,,1418592644
Idrī,Idri,27.4471,13.0517,Libya,LY,LBY,Wādī ash Shāţi’,admin,,1434443323
Janzūr,Janzur,32.8172,13.0111,Libya,LY,LBY,Al Jafārah,,88073.0,1434528890
Kalpitiya,Kalpitiya,8.1667,79.7167,Sri Lanka,LK,LKA,North Western,,86405.0,1144067438
Masallātah,Masallatah,32.5822,14.04,Libya,LY,LBY,Al Marqab,,80000.0,1434116845
Tissamaharama,Tissamaharama,6.2833,81.2833,Sri Lanka,LK,LKA,Southern,,79618.0,1144672530
Yafran,Yafran,32.0629,12.5267,Libya,LY,LBY,Al Jabal al Gharbī,,72662.0,1434967497
Dambulla,Dambulla,7.8578,80.6525,Sri Lanka,LK,LKA,Central,,72306.0,1144340825
Galgamuwa,Galgamuwa,8.0,80.2831,Sri Lanka,LK,LKA,North Western,,63273.0,1144102254
Dikwella South,Dikwella South,5.9667,80.6833,Sri Lanka,LK,LKA,Southern,,54370.0,1144562731
Qabb Eliâs,Qabb Elias,33.7986,35.825,Lebanon,LB,LBN,Béqaa,,50000.0,1422087652
Kalawana,Kalawana,6.5315,80.3967,Sri Lanka,LK,LKA,Sabaragamuwa,,51307.0,1144289812
Banī Walīd,Bani Walid,31.7619,14.0139,Libya,LY,LBY,Mişrātah,,50824.0,1434398590
Tājūrā’,Tajura',32.8818,13.3399,Libya,LY,LBY,Ţarābulus,,48836.0,1434120461
Aarsâl,Aarsal,34.1794,36.4208,Lebanon,LB,LBN,Baalbek-Hermel,,50000.0,1422612862
Upper Buchanan,Upper Buchanan,5.9161,-10.0525,Liberia,LR,LBR,Grand Bassa,,48315.0,1430177860
Nikaweratiya,Nikaweratiya,7.7475,80.1156,Sri Lanka,LK,LKA,North Western,,48770.0,1144142030
Batroûn,Batroun,34.25,35.65,Lebanon,LB,LBN,Liban-Nord,minor,45000.0,1422217431
Birāk,Birak,27.5333,14.2834,Libya,LY,LBY,Wādī ash Shāţi’,,45421.0,1434095842
Shaḩḩāt,Shahhat,32.825,21.8581,Libya,LY,LBY,Al Jabal al Akhḑar,,45000.0,1434402597
Bakamune,Bakamune,7.7831,80.8183,Sri Lanka,LK,LKA,Northern,,43915.0,1144645119
Sevanagala,Sevanagala,6.3867,80.9092,Sri Lanka,LK,LKA,Uva,,42894.0,1144828840
Ganta,Ganta,7.2375,-8.9814,Liberia,LR,LBR,Nimba,,41106.0,1430766691
Barr Eliâs,Barr Elias,33.775,35.9,Lebanon,LB,LBN,Béqaa,,40000.0,1422386644
Vavuniya,Vavuniya,8.75,80.4833,Sri Lanka,LK,LKA,North Central,,38101.0,1144186197
Gampola,Gampola,7.1647,80.5767,Sri Lanka,LK,LKA,Central,,37871.0,1144422771
Mullaittivu,Mullaittivu,9.2833,80.8,Sri Lanka,LK,LKA,North Central,,37339.0,1144339427
Qaşr al Qarabūllī,Qasr al Qarabulli,32.75,13.7167,Libya,LY,LBY,Ţarābulus,,34584.0,1434342806
Maputsoe,Maputsoe,-28.895,27.907,Lesotho,LS,LSO,Leribe,,32117.0,1426999579
Point Pedro,Point Pedro,9.8167,80.2333,Sri Lanka,LK,LKA,North Central,,31351.0,1144518773
Chmistâr,Chmistar,33.9667,36.0167,Lebanon,LB,LBN,Baalbek-Hermel,,30000.0,1422851411
El Fanar,El Fanar,33.8667,35.5667,Lebanon,LB,LBN,Mont-Liban,,30000.0,1422818939
Hakmana,Hakmana,6.0796,80.6577,Sri Lanka,LK,LKA,Southern,,28941.0,1144021831
Mazenod,Mazenod,-29.4642,27.4969,Lesotho,LS,LSO,Maseru,,27553.0,1426996323
Waddān,Waddan,29.1611,16.1436,Libya,LY,LBY,Al Jufrah,,27590.0,1434593649
Ratau,Ratau,-29.3828,27.7892,Lesotho,LS,LSO,Maseru,,26582.0,1426355442
Mizdah,Mizdah,31.445,12.9831,Libya,LY,LBY,Al Jabal al Gharbī,,26107.0,1434622990
Harbel,Harbel,6.2833,-10.35,Liberia,LR,LBR,Margibi,,25309.0,1430289576
Vangviang,Vangviang,18.9333,102.45,Laos,LA,LAO,Viangchan,,25000.0,1418562192
Ehden,Ehden,34.2919,35.9546,Lebanon,LB,LBN,Liban-Nord,,25000.0,1422592801
Al Qubbah,Al Qubbah,32.7667,22.25,Libya,LY,LBY,Darnah,,24631.0,1434167769
Qiloane,Qiloane,-29.3625,27.6319,Lesotho,LS,LSO,Maseru,,24093.0,1426291915
Mapoteng,Mapoteng,-29.1097,27.9739,Lesotho,LS,LSO,Berea,,23926.0,1426371012
Bcharré,Bcharre,34.2511,36.0111,Lebanon,LB,LBN,Liban-Nord,minor,24000.0,1422518205
Majdel Aanjar,Majdel Aanjar,33.7075,35.9039,Lebanon,LB,LBN,Béqaa,,23000.0,1422228495
Muang Sing,Muang Sing,21.2,101.15,Laos,LA,LAO,Louangnamtha,minor,23500.0,1418291138
Tūkrah,Tukrah,32.5322,20.5722,Libya,LY,LBY,Banghāzī,,23164.0,1434350017
El Hermel,El Hermel,34.3914,36.3958,Lebanon,LB,LBN,Baalbek-Hermel,minor,22250.0,1422119929
Dudelange,Dudelange,49.4833,6.0833,Luxembourg,LU,LUX,Esch-sur-Alzette,minor,21513.0,1442627138
Senekane,Senekane,-29.2525,27.7433,Lesotho,LS,LSO,Berea,,22262.0,1426773784
Kueneng,Kueneng,-29.0161,27.9981,Lesotho,LS,LSO,Berea,,21887.0,1426216569
Gros Islet,Gros Islet,14.081,-60.953,Saint Lucia,LC,LCA,Gros-Islet,,21660.0,1662587230
Maghalleen,Maghalleen,-30.0942,27.4189,Lesotho,LS,LSO,Mohale’s Hoek,,21869.0,1426440371
El Bâzoûrîyé,El Bazouriye,33.2539,35.2717,Lebanon,LB,LBN,Liban-Sud,,20000.0,1422000794
Az Zuwaytīnah,Az Zuwaytinah,30.9522,20.1203,Libya,LY,LBY,Banghāzī,,21015.0,1434562634
Foya Tangia,Foya Tangia,8.2713,-10.2283,Liberia,LR,LBR,Lofa,,20569.0,1430908591
Kfar Kiddé,Kfar Kidde,34.2028,35.6544,Lebanon,LB,LBN,Mont-Liban,,20000.0,1422121365
Pitseng,Pitseng,-29.0097,28.2575,Lesotho,LS,LSO,Leribe,,18948.0,1426276649
Kegalle,Kegalle,7.2531,80.3453,Sri Lanka,LK,LKA,Sabaragamuwa,,17962.0,1144224835
Qaryat al Qī‘ān,Qaryat al Qi`an,32.0167,11.5,Libya,LY,LBY,Nālūt,,18693.0,1434845164
Siloe,Siloe,-29.9836,27.2792,Lesotho,LS,LSO,Mohale’s Hoek,,18261.0,1426116869
Baaqlîne,Baaqline,33.6797,35.5583,Lebanon,LB,LBN,Mont-Liban,,17000.0,1422382914
Zalţan,Zaltan,32.95,11.8658,Libya,LY,LBY,An Nuqāţ al Khams,,17700.0,1434839248
Peka,Peka,-28.9667,27.7667,Lesotho,LS,LSO,Leribe,,17161.0,1426883047
Micoud,Micoud,13.819,-60.9,Saint Lucia,LC,LCA,Micoud,,16620.0,1662284739
Differdange,Differdange,49.5222,5.8917,Luxembourg,LU,LUX,Esch-sur-Alzette,minor,15455.0,1442264411
Vieux Fort,Vieux Fort,13.728,-60.954,Saint Lucia,LC,LCA,Vieux-Fort,,15750.0,1662173284
Az Zintān,Az Zintan,31.9306,12.2483,Libya,LY,LBY,Al Jabal al Gharbī,,16024.0,1434009562
Gargždai,Gargzdai,55.7128,21.4033,Lithuania,LT,LTU,Klaipėda,,15932.0,1440368270
Qaryat Sulūq,Qaryat Suluq,31.6686,20.2503,Libya,LY,LBY,Banghāzī,,15543.0,1434000178
Râs Baalbek,Ras Baalbek,34.2597,36.4236,Lebanon,LB,LBN,Baalbek-Hermel,,15000.0,1422859198
Joubb Jannîne,Joubb Jannine,33.6333,35.7833,Lebanon,LB,LBN,Béqaa,minor,14728.0,1422617067
Barja,Barja,33.6497,35.4433,Lebanon,LB,LBN,Mont-Liban,,12888.0,1422958830
Champasak,Champasak,14.8833,105.8667,Laos,LA,LAO,Champasak,,13400.0,1418902447
Bisee,Bisee,14.0243,-60.9744,Saint Lucia,LC,LCA,Castries,,12980.0,1662015000
Bteghrîne,Bteghrine,33.93,35.745,Lebanon,LB,LBN,Mont-Liban,,12000.0,1422572821
Tarhūnah,Tarhunah,32.4339,13.6344,Libya,LY,LBY,Ţarābulus,,13264.0,1434109178
Nako,Nako,-29.6481,27.7336,Lesotho,LS,LSO,Maseru,,13146.0,1426816465
El Qâa,El Qaa,34.3436,36.4756,Lebanon,LB,LBN,Baalbek-Hermel,,12000.0,1422667021
Hasroûn,Hasroun,34.2419,35.9794,Lebanon,LB,LBN,Liban-Nord,,12000.0,1422559333
Gandara West,Gandara West,5.95,80.55,Sri Lanka,LK,LKA,Southern,,12254.0,1144177995
Ramabitsa,Ramabitsa,-29.7625,27.6139,Lesotho,LS,LSO,Maseru,,12234.0,1426883500
Saclepea,Saclepea,7.1167,-8.8333,Liberia,LR,LBR,Nimba,,12117.0,1430824666
Qoubaiyat,Qoubaiyat,34.5683,36.2764,Lebanon,LB,LBN,Aakkâr,,12000.0,1422198461
Umm ar Rizam,Umm ar Rizam,32.5325,23.0053,Libya,LY,LBY,Darnah,,12098.0,1434030412
Qâna,Qana,33.2092,35.2992,Lebanon,LB,LBN,Liban-Sud,,10000.0,1422539070
Aukštieji Paneriai,Aukstieji Paneriai,54.6,25.2,Lithuania,LT,LTU,Vilniaus Miestas,,11149.0,1440349529
Monaragala,Monaragala,6.8726,81.3373,Sri Lanka,LK,LKA,Uva,,10123.0,1144735194
Ed Dâmoûr,Ed Damour,33.7333,35.45,Lebanon,LB,LBN,Mont-Liban,,10000.0,1422987773
Nyakosoba,Nyakosoba,-29.5047,27.8692,Lesotho,LS,LSO,Maseru,,10893.0,1426143192
Amioûn,Amioun,34.3,35.8,Lebanon,LB,LBN,Liban-Nord,minor,10000.0,1422143071
Grigiškės,Grigiskes,54.6667,25.1,Lithuania,LT,LTU,Vilniaus Miestas,,10815.0,1440322258
Kuršėnai,Kursenai,55.9833,22.9167,Lithuania,LT,LTU,Šiauliai,,10829.0,1440741018
Qamīnis,Qaminis,31.6572,20.0144,Libya,LY,LBY,Banghāzī,,10713.0,1434752325
Râs el Metn,Ras el Metn,33.85,35.6667,Lebanon,LB,LBN,Mont-Liban,,10000.0,1422014908
Rasebetsane,Rasebetsane,-29.8992,27.6628,Lesotho,LS,LSO,Mafeteng,,10519.0,1426189375
Likiškiai,Likiskiai,54.395,23.997,Lithuania,LT,LTU,Alytus,,10489.0,1440824158
Kiklah,Kiklah,32.0683,12.6944,Libya,LY,LBY,Al Jabal al Gharbī,,10350.0,1434206473
Garliava,Garliava,54.8167,23.8667,Lithuania,LT,LTU,Kaunas,,10110.0,1440296799
Lentvaris,Lentvaris,54.65,25.0667,Lithuania,LT,LTU,Trakai,,10000.0,1440638790
Ghadāmis,Ghadamis,30.1333,9.5,Libya,LY,LBY,Nālūt,,10000.0,1434013321
Al Bardīyah,Al Bardiyah,31.76,25.075,Libya,LY,LBY,Al Buţnān,,9149.0,1434335416
Awjilah,Awjilah,29.1081,21.2869,Libya,LY,LBY,Al Wāḩāt,,6610.0,1434938770
Tajarhī,Tajarhi,24.2622,14.5603,Libya,LY,LBY,Murzuq,,1500.0,1434443909
Al ‘Uqaylah,Al `Uqaylah,30.2558,19.1994,Libya,LY,LBY,Al Wāḩāt,,100.0,1434822941
Chartoûn,Chartoun,33.7711,35.6858,Lebanon,LB,LBN,Mont-Liban,,10000.0,1422935329
Mohlanapeng,Mohlanapeng,-29.6975,28.6947,Lesotho,LS,LSO,Thaba-Tseka,,9882.0,1426075936
Sūknah,Suknah,29.0669,15.7847,Libya,LY,LBY,Al Jufrah,,9887.0,1434785614
Seforong,Seforong,-30.1028,28.1864,Lesotho,LS,LSO,Quthing,,9720.0,1426821523
As Sidrah,As Sidrah,30.6294,18.3503,Libya,LY,LBY,Surt,,9186.0,1434673703
Al Abraq,Al Abraq,32.7867,21.9978,Libya,LY,LBY,Al Jabal al Akhḑar,,8861.0,1434086011
Al Jaghbūb,Al Jaghbub,29.7425,24.5169,Libya,LY,LBY,Al Buţnān,,2768.0,1434128425
Marādah,Maradah,29.2333,19.2167,Libya,LY,LBY,Al Wāḩāt,,2500.0,1434000794
Daraj,Daraj,30.15,10.45,Libya,LY,LBY,Nālūt,,931.0,1434822177
Tmassah,Tmassah,26.3667,15.8,Libya,LY,LBY,Murzuq,,500.0,1434333715
Umm al ‘Abīd,Umm al `Abid,27.517,15.0333,Libya,LY,LBY,Wādī ash Shāţi’,,300.0,1434373121
Zillah,Zillah,28.5489,17.5511,Libya,LY,LBY,Al Jufrah,,10.0,1434245699
