city,city_ascii,lat,lng,country,iso2,iso3,admin_name,capital,population,id
Hong Kong,Hong Kong,22.3,114.2,Hong Kong,HK,HKG,,primary,7450000.0,1344982653
Budapest,Budapest,47.4925,19.0514,Hungary,HU,HUN,Budapest,primary,2997958.0,1348611435
Kowloon,Kowloon,22.3167,114.1833,Hong Kong,HK,HKG,,,2108419.0,1344538284
Tegucigalpa,Tegucigalpa,14.1,-87.2167,Honduras,HN,HND,Francisco Morazán,primary,1682725.0,1340344059
Comayagüela,Comayaguela,14.0981,-87.2097,Honduras,HN,HND,Francisco Morazán,,1250000.0,1340762485
Port-au-Prince,Port-au-Prince,18.5333,-72.3333,Haiti,HT,HTI,Ouest,primary,987310.0,1332401940
Zagreb,Zagreb,45.8167,15.9833,Croatia,HR,HRV,"Zagreb, Grad",primary,809268.0,1191233290
San Pedro Sula,San Pedro Sula,15.5,-88.0333,Honduras,HN,HND,Cortés,admin,760182.0,1340568412
Sha Tin,Sha Tin,22.3802,114.1898,Hong Kong,HK,HKG,,,640000.0,1344745541
Carrefour,Carrefour,18.5344,-72.4094,Haiti,HT,HTI,Ouest,,511345.0,1332000098
Kowloon City,Kowloon City,22.3282,114.1916,Hong Kong,HK,HKG,,,418732.0,1344000061
Sham Shui Po,Sham Shui Po,22.3307,114.1622,Hong Kong,HK,HKG,,,405869.0,1344000058
Pétion-Ville,Petion-Ville,18.5128,-72.2864,Haiti,HT,HTI,Ouest,,359615.0,1332051873
Tin Shui Wai,Tin Shui Wai,22.4608,114.0012,Hong Kong,HK,HKG,,,286232.0,1344389641
Debrecen,Debrecen,47.53,21.6392,Hungary,HU,HUN,Hajdú-Bihar,admin,328642.0,1348460698
Gonaïves,Gonaives,19.4456,-72.6883,Haiti,HT,HTI,Artibonite,admin,324043.0,1332384588
Delmas,Delmas,18.55,-72.3,Haiti,HT,HTI,Ouest,,284079.0,1332257532
Croix-des-Bouquets,Croix-des-Bouquets,18.5761,-72.2269,Haiti,HT,HTI,Ouest,,284812.0,1332000065
Székesfehérvár,Szekesfehervar,47.1956,18.4089,Hungary,HU,HUN,Fejér,admin,272474.0,1348968301
Central District,Central District,22.2867,114.155,Hong Kong,HK,HKG,,,235953.0,1344000057
Tsing Yi Town,Tsing Yi Town,22.3456,114.1,Hong Kong,HK,HKG,,,191500.0,1344057832
Győr,Gyor,47.6842,17.6344,Hungary,HU,HUN,Győr-Moson-Sopron,admin,246159.0,1348507878
Szeged,Szeged,46.255,20.145,Hungary,HU,HUN,Csongrád-Csanád,admin,239025.0,1348655615
Nyíregyháza,Nyiregyhaza,47.9531,21.7271,Hungary,HU,HUN,Szabolcs-Szatmár-Bereg,admin,238020.0,1348653343
Choloma,Choloma,15.6136,-87.9511,Honduras,HN,HND,Cortés,,227535.0,1340125981
La Ceiba,La Ceiba,15.7792,-86.7931,Honduras,HN,HND,Atlántida,admin,205775.0,1340870189
Rijeka,Rijeka,45.3272,14.4411,Croatia,HR,HRV,Primorsko-Goranska Županija,admin,191293.0,1191949063
Cap-Haïtien,Cap-Haitien,19.76,-72.2,Haiti,HT,HTI,Nord,admin,190289.0,1332333795
Lam Tin,Lam Tin,22.3094,114.2361,Hong Kong,HK,HKG,,,131000.0,1344141583
El Progreso,El Progreso,15.4,-87.8,Honduras,HN,HND,Yoro,,188366.0,1340231948
Kecskemét,Kecskemet,46.9061,19.6897,Hungary,HU,HUN,Bács-Kiskun,admin,187835.0,1348900171
Split,Split,43.51,16.44,Croatia,HR,HRV,Splitsko-Dalmatinska Županija,admin,178102.0,1191440208
Les Cayes,Les Cayes,18.2,-73.75,Haiti,HT,HTI,Sud,admin,175457.0,1332587854
Petite Rivière de l’Artibonite,Petite Riviere de l'Artibonite,19.1333,-72.4833,Haiti,HT,HTI,Artibonite,,170740.0,1332451568
Saint-Marc,Saint-Marc,19.1167,-72.7,Haiti,HT,HTI,Artibonite,,160181.0,1332084366
Villanueva,Villanueva,15.3167,-88.0167,Honduras,HN,HND,Cortés,,153733.0,1340079427
Ciudad Choluteca,Ciudad Choluteca,13.3011,-87.1842,Honduras,HN,HND,Choluteca,admin,152519.0,1340256619
Miskolc,Miskolc,48.0833,20.6667,Hungary,HU,HUN,Borsod-Abaúj-Zemplén,admin,150695.0,1348668815
Szombathely,Szombathely,47.2351,16.6219,Hungary,HU,HUN,Vas,admin,147920.0,1348565183
Jean-Rabel,Jean-Rabel,19.85,-73.2,Haiti,HT,HTI,Nord-Ouest,,148416.0,1332096865
Comayagua,Comayagua,14.4522,-87.6383,Honduras,HN,HND,Comayagua,admin,144785.0,1340015594
Pécs,Pecs,46.0708,18.2331,Hungary,HU,HUN,Baranya,admin,140237.0,1348611992
Jacmel,Jacmel,18.2353,-72.5367,Haiti,HT,HTI,Sud-Est,admin,137966.0,1332314393
Tabarre,Tabarre,18.5833,-72.2667,Haiti,HT,HTI,Ouest,,130283.0,1332354236
Veszprém,Veszprem,47.093,17.9138,Hungary,HU,HUN,Veszprém,admin,133880.0,1348279762
Dessalines,Dessalines,19.2833,-72.5,Haiti,HT,HTI,Artibonite,,127529.0,1332184774
Sai Wan Ho,Sai Wan Ho,22.2877,114.1365,Hong Kong,HK,HKG,,,12985.0,1344000086
Juticalpa,Juticalpa,14.6664,-86.2186,Honduras,HN,HND,Olancho,admin,124828.0,1340411203
Puerto Cortés,Puerto Cortes,15.8833,-87.95,Honduras,HN,HND,Cortés,,122426.0,1340000062
Port-de-Paix,Port-de-Paix,19.95,-72.8333,Haiti,HT,HTI,Nord-Ouest,admin,121220.0,1332536650
Catacamas,Catacamas,14.8486,-85.8942,Honduras,HN,HND,Olancho,,117493.0,1340898308
Kaposvár,Kaposvar,46.3638,17.7823,Hungary,HU,HUN,Somogy,admin,112253.0,1348114190
Olanchito,Olanchito,15.4833,-86.5833,Honduras,HN,HND,Yoro,,104609.0,1340362964
Aquin,Aquin,18.2833,-73.4,Haiti,HT,HTI,Sud,,104216.0,1332922439
Kwai Chung,Kwai Chung,22.3674,114.1273,Hong Kong,HK,HKG,,,38674.0,1344773013
Hinche,Hinche,19.15,-72.0167,Haiti,HT,HTI,Centre,admin,102745.0,1332748356
Sopron,Sopron,47.6849,16.5831,Hungary,HU,HUN,Sopron,admin,98479.0,1348988570
Léogâne,Leogane,18.5108,-72.6339,Haiti,HT,HTI,Ouest,,90000.0,1332045113
Kennedy Town,Kennedy Town,22.28,114.125,Hong Kong,HK,HKG,,,54000.0,1344000050
Yoro,Yoro,15.1333,-87.1333,Honduras,HN,HND,Yoro,admin,86665.0,1340638121
Osijek,Osijek,45.5556,18.6944,Croatia,HR,HRV,Osječko-Baranjska Županija,admin,84104.0,1191917921
Shek Tong Tsui,Shek Tong Tsui,22.2871,114.1357,Hong Kong,HK,HKG,,,17170.0,1344000053
Wang Tau Hom,Wang Tau Hom,22.3408,114.1871,Hong Kong,HK,HKG,,,17116.0,1344000105
Limbé,Limbe,19.7056,-72.4147,Haiti,HT,HTI,Nord,,69256.0,1332168406
Zadar,Zadar,44.1194,15.2319,Croatia,HR,HRV,Zadarska Županija,admin,75082.0,1191160875
Saint-Louis du Nord,Saint-Louis du Nord,19.9333,-72.7167,Haiti,HT,HTI,Nord-Ouest,,69592.0,1332427646
Szolnok,Szolnok,47.1747,20.1965,Hungary,HU,HUN,Jász-Nagykun-Szolnok,admin,69725.0,1348287339
Tatabánya,Tatabanya,47.5862,18.3949,Hungary,HU,HUN,Komárom-Esztergom,admin,65145.0,1348450358
Choi Hung,Choi Hung,22.335,114.2067,Hong Kong,HK,HKG,,,18435.0,1344000072
Santa Rosa de Copán,Santa Rosa de Copan,14.7667,-88.7833,Honduras,HN,HND,Copán,admin,61083.0,1340050563
Trujillo,Trujillo,15.9186,-85.9533,Honduras,HN,HND,Colón,admin,60558.0,1340756106
Békéscsaba,Bekescsaba,46.679,21.091,Hungary,HU,HUN,Békés,admin,58002.0,1348329493
Slavonski Brod,Slavonski Brod,45.1667,18.0167,Croatia,HR,HRV,Brodsko-Posavska Županija,admin,56769.0,1191097030
Nacaome,Nacaome,13.5333,-87.4833,Honduras,HN,HND,Valle,admin,57345.0,1340964186
Miragoâne,Miragoane,18.4458,-73.09,Haiti,HT,HTI,Nippes,admin,56864.0,1332665283
Zalaegerszeg,Zalaegerszeg,46.8392,16.8511,Hungary,HU,HUN,Zala,admin,55470.0,1348293073
Eger,Eger,47.899,20.3747,Hungary,HU,HUN,Heves,admin,51168.0,1348559499
Gracias,Gracias,14.5833,-88.5833,Honduras,HN,HND,Lempira,admin,50256.0,1340141391
Puerto Lempira,Puerto Lempira,15.2653,-83.7744,Honduras,HN,HND,Gracias a Dios,admin,47528.0,1340110055
Nagykanizsa,Nagykanizsa,46.455,16.9925,Hungary,HU,HUN,Nagykanizsa,admin,46866.0,1348509592
Šibenik,Sibenik,43.735,15.8906,Croatia,HR,HRV,Šibensko-Kninska Županija,admin,46332.0,1191444936
Dunaújváros,Dunaujvaros,46.9806,18.9127,Hungary,HU,HUN,Dunaújváros,admin,44200.0,1348928583
Wan Tau Tong,Wan Tau Tong,22.4423,114.167,Hong Kong,HK,HKG,,,10860.0,1344475815
La Paz,La Paz,14.3169,-87.6831,Honduras,HN,HND,La Paz,admin,43980.0,1340290947
Hódmezővásárhely,Hodmezovasarhely,46.4304,20.3188,Hungary,HU,HUN,Hódmezővásárhely,admin,43311.0,1348676241
Dubrovnik,Dubrovnik,42.6403,18.1083,Croatia,HR,HRV,Dubrovačko-Neretvanska Županija,admin,42615.0,1191004286
Santa Bárbara,Santa Barbara,14.9167,-88.2333,Honduras,HN,HND,Santa Bárbara,admin,41736.0,1340312026
Bjelovar,Bjelovar,45.9,16.8333,Croatia,HR,HRV,Bjelovarsko-Bilogorska Županija,admin,40276.0,1191340640
Port-Margot,Port-Margot,19.75,-72.4333,Haiti,HT,HTI,Nord,,36937.0,1332999568
Cabaret,Cabaret,18.7343,-72.4159,Haiti,HT,HTI,Ouest,,36120.0,1332584199
Varaždin,Varazdin,46.3081,16.3378,Croatia,HR,HRV,Varaždinska Županija,admin,38839.0,1191291148
Pak Tin Pa,Pak Tin Pa,22.3364,114.1667,Hong Kong,HK,HKG,,,21902.0,1344000101
Saintard,Saintard,18.824,-72.55,Haiti,HT,HTI,Ouest,,32906.0,1332903429
Fort Liberté,Fort Liberte,19.6678,-71.8397,Haiti,HT,HTI,Nord-Est,admin,34434.0,1332603160
Sisak,Sisak,45.4872,16.3761,Croatia,HR,HRV,Sisačko-Moslavačka Županija,admin,33322.0,1191526652
Salgótarján,Salgotarjan,48.104,19.8075,Hungary,HU,HUN,Nógrád,admin,32304.0,1348290189
Jérémie,Jeremie,18.65,-74.1167,Haiti,HT,HTI,Grand’Anse,admin,30917.0,1332612037
Shek Wai Kok,Shek Wai Kok,22.3753,114.1237,Hong Kong,HK,HKG,,,16605.0,1344833550
Szekszárd,Szekszard,46.356,18.7038,Hungary,HU,HUN,Tolna,admin,30963.0,1348026284
Cheung Chau,Cheung Chau,22.2106,114.0289,Hong Kong,HK,HKG,,,22740.0,1344565945
Koprivnica,Koprivnica,46.15,16.8167,Croatia,HR,HRV,Koprivničko-Križevačka Županija,admin,30854.0,1191924250
Tung Tau Tsuen,Tung Tau Tsuen,22.3334,114.1924,Hong Kong,HK,HKG,,,15562.0,1344000062
Čakovec,Cakovec,46.3858,16.4333,Croatia,HR,HRV,Međimurska Županija,admin,30455.0,1191424625
Arcahaie,Arcahaie,18.7718,-72.5123,Haiti,HT,HTI,Ouest,,24600.0,1332347269
Vukovar,Vukovar,45.3444,19.0025,Croatia,HR,HRV,Vukovarsko-Srijemska Županija,admin,24938.0,1191345427
Požega,Pozega,45.3331,17.6736,Croatia,HR,HRV,Požeško-Slavonska Županija,admin,22364.0,1191353181
Virovitica,Virovitica,45.8333,17.3833,Croatia,HR,HRV,Virovitičko-Podravska Županija,admin,21291.0,1191128636
La Esperanza,La Esperanza,14.3,-88.1833,Honduras,HN,HND,Intibucá,admin,21000.0,1340614286
Szigethalom,Szigethalom,47.3154,19.0078,Hungary,HU,HUN,Pest,,18352.0,1348568337
Petit-Goâve,Petit-Goave,18.4314,-72.8669,Haiti,HT,HTI,Ouest,,12000.0,1332487207
Sha Kok Mei,Sha Kok Mei,22.3784,114.1941,Hong Kong,HK,HKG,,,14522.0,1344631625
La Pointe,La Pointe,19.95,-72.7833,Haiti,HT,HTI,Nord-Ouest,,9930.0,1332411349
Sai Kung Tuk,Sai Kung Tuk,22.3814,114.2733,Hong Kong,HK,HKG,,,11927.0,1344932135
Yuscarán,Yuscaran,13.9417,-86.8519,Honduras,HN,HND,El Paraíso,admin,14144.0,1340315181
Krapina,Krapina,46.16,15.87,Croatia,HR,HRV,Krapinsko-Zagorska Županija,admin,12479.0,1191389404
Roatán,Roatan,16.323,-86.537,Honduras,HN,HND,Islas de la Bahía,admin,7514.0,1340163370
Nueva Ocotepeque,Nueva Ocotepeque,14.4333,-89.1833,Honduras,HN,HND,Ocotepeque,admin,8780.0,1340380637
Pazin,Pazin,45.2403,13.9367,Croatia,HR,HRV,Istarska Županija,admin,8638.0,1191654566
Gospić,Gospic,44.546,15.375,Croatia,HR,HRV,Ličko-Senjska Županija,admin,5695.0,1191887616
Tela,Tela,15.7833,-87.4667,Honduras,HN,HND,Atlántida,,96758.0,1340789148
Saint-Michel de l’Atalaye,Saint-Michel de l'Atalaye,19.3667,-72.3333,Haiti,HT,HTI,Artibonite,,95216.0,1332572826
Siguatepeque,Siguatepeque,14.6,-87.8333,Honduras,HN,HND,Comayagua,,95121.0,1340354793
Danlí,Danli,14.0328,-86.5669,Honduras,HN,HND,El Paraíso,,88722.0,1340108771
Tocoa,Tocoa,15.6833,-86.0,Honduras,HN,HND,Colón,,72847.0,1340024758
La Lima,La Lima,15.433,-87.917,Honduras,HN,HND,Cortés,,71910.0,1340766612
Ganthier,Ganthier,18.5333,-72.0667,Haiti,HT,HTI,Ouest,,71261.0,1332549888
Érd,Erd,47.3784,18.922,Hungary,HU,HUN,Pest,minor,70063.0,1348575496
Sesvete,Sesvete,45.8269,16.1111,Croatia,HR,HRV,"Zagreb, Grad",,70009.0,1191537414
Limonade,Limonade,19.6667,-72.1167,Haiti,HT,HTI,Nord,,69256.0,1332450528
Velika Gorica,Velika Gorica,45.7,16.0667,Croatia,HR,HRV,Zagrebačka Županija,minor,63517.0,1191113594
Anse à Galets,Anse a Galets,18.8333,-72.8667,Haiti,HT,HTI,Ouest,,62559.0,1332098898
Bainet,Bainet,18.1833,-72.75,Haiti,HT,HTI,Sud-Est,,62300.0,1332091731
Belladère,Belladere,18.8667,-71.7667,Haiti,HT,HTI,Centre,,60239.0,1332473025
Saint-Louis du Sud,Saint-Louis du Sud,18.2667,-73.55,Haiti,HT,HTI,Sud,,59042.0,1332867263
Pula,Pula,44.8703,13.8456,Croatia,HR,HRV,Istarska Županija,minor,57053.0,1191143009
Acul du Nord,Acul du Nord,19.6833,-72.3167,Haiti,HT,HTI,Nord,,55908.0,1332452359
Intibucá,Intibuca,14.3167,-88.1667,Honduras,HN,HND,Intibucá,,56017.0,1340620843
Cornillon,Cornillon,18.6667,-71.95,Haiti,HT,HTI,Ouest,,54254.0,1332866584
San Manuel,San Manuel,15.3333,-87.9167,Honduras,HN,HND,Cortés,,53083.0,1340778630
Karlovac,Karlovac,45.4833,15.55,Croatia,HR,HRV,Karlovačka Županija,,53134.0,1191000040
Plaisance,Plaisance,19.6,-72.4667,Haiti,HT,HTI,Nord,,50367.0,1332601700
Thomazeau,Thomazeau,18.65,-72.1,Haiti,HT,HTI,Ouest,,52017.0,1332648470
Belle-Anse,Belle-Anse,18.2333,-72.0667,Haiti,HT,HTI,Sud-Est,,51707.0,1332150277
Marigot,Marigot,18.2333,-72.3167,Haiti,HT,HTI,Sud-Est,,50734.0,1332275185
Cerca la Source,Cerca la Source,19.1667,-71.7833,Haiti,HT,HTI,Centre,,51410.0,1332542335
Bas Limbé,Bas Limbe,19.8,-72.3833,Haiti,HT,HTI,Nord,,50456.0,1332588396
Verrettes,Verrettes,19.05,-72.4667,Haiti,HT,HTI,Artibonite,,48724.0,1332111444
Boucan Carré,Boucan Carre,18.9667,-72.2,Haiti,HT,HTI,Centre,,48700.0,1332163231
Borgne,Borgne,19.85,-72.5333,Haiti,HT,HTI,Nord,,46886.0,1332215529
Camp Perrin,Camp Perrin,18.3167,-73.8667,Haiti,HT,HTI,Sud,,46000.0,1332737224
Cavaillon,Cavaillon,18.3,-73.65,Haiti,HT,HTI,Sud,,46037.0,1332637613
Dunakeszi,Dunakeszi,47.6303,19.1412,Hungary,HU,HUN,Pest,minor,43990.0,1348178190
Kaštel Stari,Kastel Stari,43.55,16.35,Croatia,HR,HRV,Splitsko-Dalmatinska Županija,,43349.0,1191355987
Casale,Casale,18.8014,-72.3836,Haiti,HT,HTI,Ouest,,43943.0,1332190060
Maïssade,Maissade,19.1667,-72.1333,Haiti,HT,HTI,Centre,,43138.0,1332767571
Anse Rouge,Anse Rouge,19.6333,-73.05,Haiti,HT,HTI,Artibonite,,43395.0,1332665513
San Lorenzo,San Lorenzo,13.4217,-87.4469,Honduras,HN,HND,Valle,,43042.0,1340596273
Thomassique,Thomassique,19.0833,-71.8333,Haiti,HT,HTI,Centre,,42557.0,1332374782
Copán,Copan,14.8375,-89.1425,Honduras,HN,HND,Copán,,41542.0,1340766034
Pilate,Pilate,19.6667,-72.55,Haiti,HT,HTI,Nord,,40445.0,1332272986
Szigetszentmiklós,Szigetszentmiklos,47.3456,19.0483,Hungary,HU,HUN,Pest,minor,40519.0,1348768623
Fonds Verrettes,Fonds Verrettes,18.3833,-71.85,Haiti,HT,HTI,Ouest,,40224.0,1332183174
L’Asile,L'Asile,18.3833,-73.4167,Haiti,HT,HTI,Nippes,,40000.0,1332348189
Les Abricots,Les Abricots,18.6333,-74.3,Haiti,HT,HTI,Grand’Anse,,37675.0,1332706374
Trou du Nord,Trou du Nord,19.6333,-72.0167,Haiti,HT,HTI,Nord-Est,,37405.0,1332162005
Petit-Trou de Nippes,Petit-Trou de Nippes,18.5333,-73.5167,Haiti,HT,HTI,Nippes,,36143.0,1332845900
La Vallée de Jacmel,La Vallee de Jacmel,18.2667,-72.6667,Haiti,HT,HTI,Sud-Est,,36188.0,1332561469
Bombardopolis,Bombardopolis,19.7,-73.3333,Haiti,HT,HTI,Nord-Ouest,,36028.0,1332445868
Cegléd,Cegled,47.1743,19.802,Hungary,HU,HUN,Pest,minor,35334.0,1348930347
Ville Bonheur,Ville Bonheur,18.8167,-72.2,Haiti,HT,HTI,Centre,,34885.0,1332904368
Talanga,Talanga,14.4047,-87.0817,Honduras,HN,HND,Francisco Morazán,,34997.0,1340622146
Baja,Baja,46.1833,18.9536,Hungary,HU,HUN,Bács-Kiskun,minor,34788.0,1348727226
Anse-à-Veau,Anse-a-Veau,18.5167,-73.35,Haiti,HT,HTI,Nippes,,34613.0,1332029379
Mosonmagyaróvár,Mosonmagyarovar,47.8737,17.2687,Hungary,HU,HUN,Győr-Moson-Sopron,minor,34439.0,1348666755
Bassin Bleu,Bassin Bleu,19.7833,-72.8,Haiti,HT,HTI,Nord-Ouest,,33926.0,1332244969
Côtes de Fer,Cotes de Fer,18.1833,-73.0,Haiti,HT,HTI,Sud-Est,,33577.0,1332390901
Vác,Vac,47.7752,19.131,Hungary,HU,HUN,Pest,minor,32927.0,1348810997
Milot,Milot,19.6047,-72.2186,Haiti,HT,HTI,Nord,,31992.0,1332342808
Gödöllő,Godollo,47.6,19.3667,Hungary,HU,HUN,Pest,minor,31779.0,1348039473
Baradères,Baraderes,18.4825,-73.6386,Haiti,HT,HTI,Nippes,,31689.0,1332944244
Ennery,Ennery,19.4833,-72.4833,Haiti,HT,HTI,Artibonite,,31285.0,1332338598
Ózd,Ozd,48.2192,20.2869,Hungary,HU,HUN,Borsod-Abaúj-Zemplén,minor,31234.0,1348082095
Chantal,Chantal,18.2,-73.8833,Haiti,HT,HTI,Sud,,31030.0,1332205204
Vinkovci,Vinkovci,45.2911,18.8011,Croatia,HR,HRV,Vukovarsko-Srijemska Županija,minor,31057.0,1191241036
Hajdúböszörmény,Hajduboszormeny,47.6667,21.5167,Hungary,HU,HUN,Hajdú-Bihar,minor,30704.0,1348357188
Pápa,Papa,47.3237,17.468,Hungary,HU,HUN,Veszprém,minor,30382.0,1348169908
Anse-à-Foleur,Anse-a-Foleur,19.9,-72.6167,Haiti,HT,HTI,Nord-Ouest,,30217.0,1332252871
Anse à Pitre,Anse a Pitre,18.05,-71.75,Haiti,HT,HTI,Sud-Est,,30146.0,1332458305
Budaörs,Budaors,47.4607,18.958,Hungary,HU,HUN,Pest,,29018.0,1348705618
Petite Rivière de Nippes,Petite Riviere de Nippes,18.4833,-73.25,Haiti,HT,HTI,Nippes,,29815.0,1332459442
Les Palmes,Les Palmes,18.3333,-72.85,Haiti,HT,HTI,Sud-Est,,30000.0,1332456322
Santa Rita,Santa Rita,14.8667,-89.1,Honduras,HN,HND,Copán,,29927.0,1340516072
Pignon,Pignon,19.3333,-72.1167,Haiti,HT,HTI,Nord,,29327.0,1332052953
Savanette,Savanette,18.6833,-72.05,Haiti,HT,HTI,Ouest,,29717.0,1332721450
Arniquet,Arniquet,18.15,-73.8833,Haiti,HT,HTI,Sud,,29180.0,1332082768
Gyula,Gyula,46.65,21.2833,Hungary,HU,HUN,Békés,minor,29308.0,1348624339
Kiskunfélegyháza,Kiskunfelegyhaza,46.7052,19.85,Hungary,HU,HUN,Bács-Kiskun,minor,29306.0,1348638728
Plaine du Nord,Plaine du Nord,19.6833,-72.2667,Haiti,HT,HTI,Nord,,28544.0,1332818460
Roseaux,Roseaux,18.6,-74.0167,Haiti,HT,HTI,Grand’Anse,,28811.0,1332874884
Gyöngyös,Gyongyos,47.7833,19.9333,Hungary,HU,HUN,Heves,minor,28179.0,1348619810
Bonito Oriental,Bonito Oriental,15.7333,-85.7333,Honduras,HN,HND,Colón,,28427.0,1340343332
Esztergom,Esztergom,47.7856,18.7403,Hungary,HU,HUN,Komárom-Esztergom,minor,28026.0,1348527410
Ajka,Ajka,47.1006,17.5522,Hungary,HU,HUN,Veszprém,minor,27995.0,1348671384
Szentendre,Szentendre,47.7044,19.0686,Hungary,HU,HUN,Pest,minor,27534.0,1348281649
Guaimaca,Guaimaca,14.5333,-86.8167,Honduras,HN,HND,Francisco Morazán,,28076.0,1340628932
Dame-Marie,Dame-Marie,18.5667,-74.4167,Haiti,HT,HTI,Grand’Anse,,27127.0,1332046251
Ðakovo,Dakovo,45.31,18.41,Croatia,HR,HRV,Osječko-Baranjska Županija,minor,27745.0,1191845338
Orosháza,Oroshaza,46.5667,20.6667,Hungary,HU,HUN,Békés,minor,27492.0,1348070535
Szentes,Szentes,46.651,20.258,Hungary,HU,HUN,Csongrád-Csanád,minor,27080.0,1348319560
Kiskunhalas,Kiskunhalas,46.4319,19.4883,Hungary,HU,HUN,Bács-Kiskun,minor,26584.0,1348184980
Dondon,Dondon,19.5333,-72.2333,Haiti,HT,HTI,Nord,,25846.0,1332640840
Siófok,Siofok,46.9239,18.0901,Hungary,HU,HUN,Somogy,minor,26451.0,1348589938
Jászberény,Jaszbereny,47.5,19.9167,Hungary,HU,HUN,Jász-Nagykun-Szolnok,minor,26540.0,1348347095
Gressier,Gressier,18.55,-72.5167,Haiti,HT,HTI,Ouest,,25947.0,1332282683
Potrerillos,Potrerillos,15.2167,-87.95,Honduras,HN,HND,Cortés,,25960.0,1340725749
Zaprešić,Zapresic,45.8572,15.805,Croatia,HR,HRV,Zagrebačka Županija,minor,25223.0,1191023090
Kazincbarcika,Kazincbarcika,48.2531,20.6456,Hungary,HU,HUN,Borsod-Abaúj-Zemplén,minor,24905.0,1348628122
Mombin Crochu,Mombin Crochu,19.3667,-71.9833,Haiti,HT,HTI,Nord-Est,,25113.0,1332692300
Moron,Moron,18.56,-74.2579,Haiti,HT,HTI,Grand’Anse,,24713.0,1332216244
Solin,Solin,43.5317,16.4947,Croatia,HR,HRV,Splitsko-Dalmatinska Županija,minor,23926.0,1191452143
Gyál,Gyal,47.3861,19.2192,Hungary,HU,HUN,Pest,minor,24193.0,1348670361
Sinj,Sinj,43.7,16.6333,Croatia,HR,HRV,Splitsko-Dalmatinska Županija,minor,24826.0,1191337250
Petrinja,Petrinja,45.4406,16.2783,Croatia,HR,HRV,Sisačko-Moslavačka Županija,minor,24671.0,1191586902
Les Irois,Les Irois,18.4,-74.45,Haiti,HT,HTI,Grand’Anse,,24374.0,1332919321
Dunaharaszti,Dunaharaszti,47.3539,19.0948,Hungary,HU,HUN,Pest,,23536.0,1348702931
Cedros,Cedros,14.6,-87.1167,Honduras,HN,HND,Francisco Morazán,,24305.0,1340514859
Hajdúszoboszló,Hajduszoboszlo,47.4333,21.3833,Hungary,HU,HUN,Hajdú-Bihar,minor,24175.0,1348837635
Tata,Tata,47.6526,18.3238,Hungary,HU,HUN,Komárom-Esztergom,minor,23479.0,1348967161
Thiotte,Thiotte,18.25,-71.85,Haiti,HT,HTI,Sud-Est,,23041.0,1332831508
Nagykőrös,Nagykoros,47.0332,19.784,Hungary,HU,HUN,Pest,minor,23424.0,1348967171
Komló,Komlo,46.1912,18.2613,Hungary,HU,HUN,Baranya,minor,22635.0,1348836400
Pointe à Raquettes,Pointe a Raquettes,18.7833,-73.0667,Haiti,HT,HTI,Ouest,,22886.0,1332151637
Kutina,Kutina,45.4667,16.7833,Croatia,HR,HRV,Sisačko-Moslavačka Županija,minor,22760.0,1191337296
Makó,Mako,46.217,20.483,Hungary,HU,HUN,Csongrád-Csanád,minor,22514.0,1348716786
Corail,Corail,18.5667,-73.8833,Haiti,HT,HTI,Grand’Anse,,22021.0,1332320384
Vecsés,Vecses,47.4057,19.2648,Hungary,HU,HUN,Pest,minor,21529.0,1348714695
Sainte-Suzanne,Sainte-Suzanne,19.5833,-72.0833,Haiti,HT,HTI,Nord-Est,,21617.0,1332623138
Göd,God,47.6906,19.1344,Hungary,HU,HUN,Pest,,20799.0,1348600580
Terrier Rouge,Terrier Rouge,19.6333,-71.95,Haiti,HT,HTI,Nord-Est,,21328.0,1332922844
Fót,Fot,47.6181,19.1903,Hungary,HU,HUN,Pest,,20568.0,1348547694
Arnaud,Arnaud,18.45,-73.3833,Haiti,HT,HTI,Nippes,,20718.0,1332859176
Veresegyház,Veresegyhaz,47.6505,19.283,Hungary,HU,HUN,Pest,,20236.0,1348362703
Gyömrő,Gyomro,47.425,19.3977,Hungary,HU,HUN,Pest,,20010.0,1348769818
Iriona,Iriona,15.9694,-85.0933,Honduras,HN,HND,Colón,,20730.0,1340981910
Santa Rita,Santa Rita,15.2,-87.8833,Honduras,HN,HND,Yoro,,20301.0,1340894551
Hatvan,Hatvan,47.6681,19.6697,Hungary,HU,HUN,Heves,minor,20079.0,1348933364
Azacualpa,Azacualpa,15.3667,-88.55,Honduras,HN,HND,Santa Bárbara,,20210.0,1340612681
San Marcos,San Marcos,14.4,-88.95,Honduras,HN,HND,Ocotepeque,,19978.0,1340516781
Liancourt,Liancourt,19.1356,-72.5333,Haiti,HT,HTI,Artibonite,,18574.0,1332300804
Törökszentmiklós,Torokszentmiklos,47.1833,20.4167,Hungary,HU,HUN,Jász-Nagykun-Szolnok,minor,19890.0,1348803732
El Paraíso,El Paraiso,15.0167,-88.9833,Honduras,HN,HND,Copán,,19882.0,1340000059
Komárom,Komarom,47.7403,18.1244,Hungary,HU,HUN,Komárom-Esztergom,minor,19656.0,1348857421
Campamento,Campamento,14.55,-86.65,Honduras,HN,HND,Olancho,,19832.0,1340615985
Quartier Morin,Quartier Morin,19.7,-72.15,Haiti,HT,HTI,Nord,,19241.0,1332258724
Karcag,Karcag,47.3111,20.9161,Hungary,HU,HUN,Jász-Nagykun-Szolnok,minor,19732.0,1348514059
Várpalota,Varpalota,47.1989,18.1376,Hungary,HU,HUN,Veszprém,minor,19484.0,1348052599
Keszthely,Keszthely,46.7696,17.2481,Hungary,HU,HUN,Zala,minor,19387.0,1348430852
Fond des Blancs,Fond des Blancs,18.2833,-73.1333,Haiti,HT,HTI,Sud,,19010.0,1332189993
Cofradía,Cofradia,15.4168,-88.1603,Honduras,HN,HND,Cortés,,18100.0,1340899741
Paks,Paks,46.622,18.8559,Hungary,HU,HUN,Tolna,minor,18788.0,1348932688
Százhalombatta,Szazhalombatta,47.3004,18.9136,Hungary,HU,HUN,Pest,,18241.0,1348329361
Monor,Monor,47.3475,19.4489,Hungary,HU,HUN,Pest,minor,18476.0,1348049694
Montrouis,Montrouis,18.9506,-72.7044,Haiti,HT,HTI,Ouest,,18419.0,1332947082
Ranquitte,Ranquitte,19.4167,-72.0833,Haiti,HT,HTI,Nord,,18197.0,1332218380
Békés,Bekes,46.7667,21.1333,Hungary,HU,HUN,Békés,minor,18322.0,1348964497
Chapelle,Chapelle,19.4167,-72.55,Haiti,HT,HTI,Artibonite,,18092.0,1332599769
Dombóvár,Dombovar,46.382,18.1422,Hungary,HU,HUN,Tolna,minor,17995.0,1348286136
Oroszlány,Oroszlany,47.4833,18.3167,Hungary,HU,HUN,Komárom-Esztergom,minor,17802.0,1348109196
Pomáz,Pomaz,47.6431,19.0196,Hungary,HU,HUN,Pest,,17660.0,1348490155
Bahon,Bahon,19.4694,-72.1147,Haiti,HT,HTI,Nord,,17417.0,1332943637
Cerca Carvajal,Cerca Carvajal,19.2667,-71.95,Haiti,HT,HTI,Centre,,17571.0,1332505200
Dugo Selo,Dugo Selo,45.8058,16.2331,Croatia,HR,HRV,Zagrebačka Županija,minor,17466.0,1191082189
Dabas,Dabas,47.189,19.3126,Hungary,HU,HUN,Pest,minor,17546.0,1348671815
Vallières,Vallieres,19.4333,-71.9167,Haiti,HT,HTI,Nord-Est,,17470.0,1332923713
Sulaco,Sulaco,14.9167,-87.2667,Honduras,HN,HND,Yoro,,17509.0,1340801499
Chambellan,Chambellan,18.5667,-74.3167,Haiti,HT,HTI,Grand’Anse,,16883.0,1332814208
Baie de Henne,Baie de Henne,19.6667,-73.2,Haiti,HT,HTI,Nord-Ouest,,17277.0,1332831627
Pécel,Pecel,47.4893,19.3354,Hungary,HU,HUN,Pest,,16952.0,1348260007
Mont-Organisé,Mont-Organise,19.4,-71.7833,Haiti,HT,HTI,Nord-Est,,17189.0,1332250944
Mohács,Mohacs,45.9959,18.6798,Hungary,HU,HUN,Baranya,minor,17089.0,1348907014
Terre Neuve,Terre Neuve,19.6,-72.7833,Haiti,HT,HTI,Artibonite,,17045.0,1332504723
Balmazújváros,Balmazujvaros,47.6167,21.35,Hungary,HU,HUN,Hajdú-Bihar,minor,17109.0,1348090687
Mátészalka,Mateszalka,47.95,22.3167,Hungary,HU,HUN,Szabolcs-Szatmár-Bereg,minor,16576.0,1348758097
Hajdúnánás,Hajdunanas,47.85,21.4333,Hungary,HU,HUN,Hajdú-Bihar,minor,16828.0,1348235609
Kisvárda,Kisvarda,48.2167,22.0833,Hungary,HU,HUN,Szabolcs-Szatmár-Bereg,minor,16084.0,1348590811
Mezőkövesd,Mezokovesd,47.8167,20.5833,Hungary,HU,HUN,Borsod-Abaúj-Zemplén,minor,16098.0,1348265393
Santa Ana,Santa Ana,13.9333,-87.2667,Honduras,HN,HND,Francisco Morazán,,16009.0,1340709645
Mezőtúr,Mezotur,47.0,20.6333,Hungary,HU,HUN,Jász-Nagykun-Szolnok,minor,16086.0,1348445088
Csongrád,Csongrad,46.7113,20.1403,Hungary,HU,HUN,Csongrád-Csanád,minor,16027.0,1348885069
Sveti Ivan Zelina,Sveti Ivan Zelina,45.9596,16.2431,Croatia,HR,HRV,Zagrebačka Županija,minor,15959.0,1191628730
Yorito,Yorito,15.06,-87.29,Honduras,HN,HND,Yoro,,15774.0,1340550354
Jastrebarsko,Jastrebarsko,45.6719,15.6511,Croatia,HR,HRV,Zagrebačka Županija,minor,15866.0,1191489216
Budakeszi,Budakeszi,47.5123,18.9281,Hungary,HU,HUN,Pest,minor,15466.0,1348195369
Kalocsa,Kalocsa,46.5335,18.9858,Hungary,HU,HUN,Bács-Kiskun,minor,15490.0,1348222203
Szarvas,Szarvas,46.8667,20.55,Hungary,HU,HUN,Békés,minor,15565.0,1348371438
Metković,Metkovic,43.05,17.65,Croatia,HR,HRV,Dubrovačko-Neretvanska Županija,minor,15349.0,1191697358
Viškovo,Viskovo,45.3778,14.3861,Croatia,HR,HRV,Primorsko-Goranska Županija,minor,14445.0,1191502082
Capotille,Capotille,19.45,-71.7,Haiti,HT,HTI,Nord-Est,,15086.0,1332991129
Grande Saline,Grande Saline,19.25,-72.7833,Haiti,HT,HTI,Artibonite,,14940.0,1332897755
Sárvár,Sarvar,47.25,16.9333,Hungary,HU,HUN,Vas,minor,15072.0,1348516359
Tapolca,Tapolca,46.8828,17.4081,Hungary,HU,HUN,Veszprém,minor,15072.0,1348079279
Samobor,Samobor,45.8,15.7167,Croatia,HR,HRV,Zagrebačka Županija,minor,15147.0,1191807327
Pilisvörösvár,Pilisvorosvar,47.6211,18.9108,Hungary,HU,HUN,Pest,minor,14500.0,1348911831
Biatorbágy,Biatorbagy,47.4712,18.8252,Hungary,HU,HUN,Pest,,14749.0,1348104935
Omiš,Omis,43.4333,16.6833,Croatia,HR,HRV,Splitsko-Dalmatinska Županija,minor,14936.0,1191146852
Tiszaújváros,Tiszaujvaros,47.9333,21.0833,Hungary,HU,HUN,Borsod-Abaúj-Zemplén,minor,14649.0,1348143264
Vrbovec,Vrbovec,45.8833,16.4333,Croatia,HR,HRV,Zagrebačka Županija,minor,14797.0,1191484288
Balassagyarmat,Balassagyarmat,48.0786,19.2942,Hungary,HU,HUN,Nógrád,minor,14262.0,1348612236
Ferrier,Ferrier,19.6167,-71.7833,Haiti,HT,HTI,Nord-Est,,14642.0,1332033044
Ivanić-Grad,Ivanic-Grad,45.7081,16.3947,Croatia,HR,HRV,Zagrebačka Županija,minor,14723.0,1191909415
Berettyóújfalu,Berettyoujfalu,47.2167,21.55,Hungary,HU,HUN,Hajdú-Bihar,minor,14690.0,1348328817
Törökbálint,Torokbalint,47.4367,18.9122,Hungary,HU,HUN,Pest,,14264.0,1348719921
Kerepestarcsa,Kerepestarcsa,47.5478,19.2634,Hungary,HU,HUN,Pest,,13490.0,1348751669
Guajiquiro,Guajiquiro,14.1,-87.8333,Honduras,HN,HND,La Paz,,14616.0,1340570749
San Francisco,San Francisco,15.6667,-87.0333,Honduras,HN,HND,Atlántida,,14559.0,1340403835
Abony,Abony,47.1894,20.0097,Hungary,HU,HUN,Pest,,14392.0,1348748527
Rovinj,Rovinj,45.0833,13.6333,Croatia,HR,HRV,Istarska Županija,minor,14294.0,1191599469
Makarska,Makarska,43.3,17.0333,Croatia,HR,HRV,Splitsko-Dalmatinska Županija,minor,13834.0,1191012753
Püspökladány,Puspokladany,47.3167,21.1167,Hungary,HU,HUN,Hajdú-Bihar,minor,14154.0,1348038932
Mór,Mor,47.3717,18.2086,Hungary,HU,HUN,Fejér,minor,13936.0,1348505276
La Entrada,La Entrada,15.05,-88.7333,Honduras,HN,HND,Copán,,13949.0,1340911070
Kiskőrös,Kiskoros,46.6204,19.2838,Hungary,HU,HUN,Bács-Kiskun,minor,13833.0,1348641106
Ivanec,Ivanec,46.2264,16.1253,Croatia,HR,HRV,Varaždinska Županija,minor,13758.0,1191135840
Sátoraljaújhely,Satoraljaujhely,48.4,21.6667,Hungary,HU,HUN,Borsod-Abaúj-Zemplén,minor,13554.0,1348874769
Hajdúsámson,Hajdusamson,47.6,21.7667,Hungary,HU,HUN,Hajdú-Bihar,,13407.0,1348454380
San Rafael,San Rafael,14.7333,-88.4167,Honduras,HN,HND,Lempira,,13410.0,1340725432
Trogir,Trogir,43.5169,16.2514,Croatia,HR,HRV,Splitsko-Dalmatinska Županija,minor,13260.0,1191315860
San Juan,San Juan,14.4167,-88.4333,Honduras,HN,HND,Intibucá,,13405.0,1340811694
Albertirsa,Albertirsa,47.24,19.6067,Hungary,HU,HUN,Pest,,13286.0,1348408587
Diósd,Diosd,47.4042,18.9458,Hungary,HU,HUN,Pest,,11393.0,1348180472
Novi Marof,Novi Marof,46.1667,16.3333,Croatia,HR,HRV,Varaždinska Županija,minor,13246.0,1191054242
Balatonfüred,Balatonfured,46.95,17.8833,Hungary,HU,HUN,Veszprém,minor,12966.0,1348517997
Maglód,Maglod,47.4439,19.3526,Hungary,HU,HUN,Pest,,12635.0,1348383412
Bonyhád,Bonyhad,46.3006,18.5309,Hungary,HU,HUN,Tolna,minor,12982.0,1348576105
Halásztelek,Halasztelek,47.3608,18.9878,Hungary,HU,HUN,Pest,,11694.0,1348284345
Gárdony,Gardony,47.1973,18.6091,Hungary,HU,HUN,Fejér,minor,12832.0,1348505408
Hajdúhadház,Hajduhadhaz,47.6833,21.6667,Hungary,HU,HUN,Hajdú-Bihar,minor,12811.0,1348644629
Üllő,Ullo,47.3854,19.3439,Hungary,HU,HUN,Pest,,12692.0,1348501834
Dorog,Dorog,47.7194,18.7292,Hungary,HU,HUN,Komárom-Esztergom,,11883.0,1348677837
Umag,Umag,45.4333,13.5167,Croatia,HR,HRV,Istarska Županija,minor,12767.0,1191619826
Gyomaendrőd,Gyomaendrod,46.9361,20.8236,Hungary,HU,HUN,Békés,minor,12784.0,1348198279
Újfehértó,Ujfeherto,47.7989,21.6833,Hungary,HU,HUN,Szabolcs-Szatmár-Bereg,,12736.0,1348703777
Brus Laguna,Brus Laguna,15.75,-84.4833,Honduras,HN,HND,Gracias a Dios,,12720.0,1340003428
Beaumont,Beaumont,18.4833,-73.9667,Haiti,HT,HTI,Grand’Anse,,12486.0,1332335707
Tiszavasvári,Tiszavasvari,47.9511,21.3689,Hungary,HU,HUN,Szabolcs-Szatmár-Bereg,minor,12508.0,1348419818
Nagykáta,Nagykata,47.412,19.7396,Hungary,HU,HUN,Pest,minor,12280.0,1348906968
Budakalász,Budakalasz,47.6215,19.046,Hungary,HU,HUN,Pest,,11640.0,1348378695
Županja,Zupanja,45.07,18.7,Croatia,HR,HRV,Vukovarsko-Srijemska Županija,minor,12090.0,1191054836
Santa Elena,Santa Elena,14.0833,-88.1167,Honduras,HN,HND,La Paz,,12162.0,1340947975
Tiszakécske,Tiszakecske,46.9312,20.0951,Hungary,HU,HUN,Bács-Kiskun,minor,12096.0,1348645870
Pilis,Pilis,47.2844,19.5435,Hungary,HU,HUN,Pest,,11921.0,1348981551
Nova Gradiška,Nova Gradiska,45.25,17.3833,Croatia,HR,HRV,Brodsko-Posavska Županija,minor,11821.0,1191025176
Kőszeg,Koszeg,47.3819,16.5522,Hungary,HU,HUN,Vas,minor,11927.0,1348854812
Bicske,Bicske,47.4907,18.6363,Hungary,HU,HUN,Fejér,minor,11969.0,1348286686
Nedelišće,Nedelisce,46.3833,16.3833,Croatia,HR,HRV,Međimurska Županija,minor,11975.0,1191055882
Nyírbátor,Nyirbator,47.8333,22.1333,Hungary,HU,HUN,Szabolcs-Szatmár-Bereg,minor,11831.0,1348699897
Sárbogárd,Sarbogard,46.8878,18.6193,Hungary,HU,HUN,Fejér,minor,11937.0,1348805330
Sajószentpéter,Sajoszentpeter,48.2169,20.7183,Hungary,HU,HUN,Borsod-Abaúj-Zemplén,,11679.0,1348595790
Popovača,Popovaca,45.5697,16.625,Croatia,HR,HRV,Sisačko-Moslavačka Županija,minor,11905.0,1191042353
Perches,Perches,19.5167,-71.9167,Haiti,HT,HTI,Nord-Est,,11556.0,1332584583
Santa Ana,Santa Ana,14.0667,-87.95,Honduras,HN,HND,La Paz,,11777.0,1340290490
Opatija,Opatija,45.3333,14.3,Croatia,HR,HRV,Primorsko-Goranska Županija,minor,11659.0,1191982660
Labin,Labin,45.0833,14.1167,Croatia,HR,HRV,Istarska Županija,minor,11642.0,1191000718
Isaszeg,Isaszeg,47.5333,19.4,Hungary,HU,HUN,Pest,,11526.0,1348502220
Valpovo,Valpovo,45.6667,18.4167,Croatia,HR,HRV,Osječko-Baranjska Županija,minor,11563.0,1191247784
Matulji,Matulji,45.3667,14.3167,Croatia,HR,HRV,Primorsko-Goranska Županija,minor,11246.0,1191059723
Crikvenica,Crikvenica,45.1833,14.7,Croatia,HR,HRV,Primorsko-Goranska Županija,minor,11122.0,1191344167
Bátonyterenye,Batonyterenye,47.9906,19.8309,Hungary,HU,HUN,Nógrád,minor,11345.0,1348134134
Lajosmizse,Lajosmizse,47.0264,19.5578,Hungary,HU,HUN,Bács-Kiskun,,11408.0,1348320390
Körmend,Kormend,47.011,16.6058,Hungary,HU,HUN,Vas,minor,11236.0,1348688701
Solymár,Solymar,47.591,18.929,Hungary,HU,HUN,Pest,,10823.0,1348009573
Kastav,Kastav,45.375,14.349,Croatia,HR,HRV,Primorsko-Goranska Županija,minor,10472.0,1191243923
Sárospatak,Sarospatak,48.319,21.5664,Hungary,HU,HUN,Borsod-Abaúj-Zemplén,minor,11291.0,1348369624
Gualcince,Gualcince,14.1167,-88.55,Honduras,HN,HND,Lempira,,11295.0,1340233884
Marcali,Marcali,46.5858,17.4128,Hungary,HU,HUN,Somogy,minor,11169.0,1348924700
Križevci,Krizevci,46.0258,16.5425,Croatia,HR,HRV,Koprivničko-Križevačka Županija,minor,11231.0,1191282973
Tolna,Tolna,46.4236,18.7903,Hungary,HU,HUN,Tolna,minor,10987.0,1348510202
Ráckeve,Rackeve,47.1608,18.9456,Hungary,HU,HUN,Pest,minor,10956.0,1348331289
Grand Gosier,Grand Gosier,18.1833,-71.9167,Haiti,HT,HTI,Sud-Est,,10852.0,1332068080
Kiskunmajsa,Kiskunmajsa,46.4923,19.7368,Hungary,HU,HUN,Bács-Kiskun,minor,10968.0,1348210119
Kisújszállás,Kisujszallas,47.2169,20.7669,Hungary,HU,HUN,Jász-Nagykun-Szolnok,,10870.0,1348563920
Celldömölk,Celldomolk,47.2557,17.1491,Hungary,HU,HUN,Vas,minor,10646.0,1348592916
Tököl,Tokol,47.3203,18.9671,Hungary,HU,HUN,Pest,,10537.0,1348214866
Tiszaföldvár,Tiszafoldvar,46.9739,20.2539,Hungary,HU,HUN,Jász-Nagykun-Szolnok,,10672.0,1348506959
Tiszafüred,Tiszafured,47.6167,20.7667,Hungary,HU,HUN,Jász-Nagykun-Szolnok,minor,10745.0,1348745006
Tárnok,Tarnok,47.3597,18.8586,Hungary,HU,HUN,Pest,,10267.0,1348320388
Duga Resa,Duga Resa,45.4472,15.4958,Croatia,HR,HRV,Karlovačka Županija,minor,10583.0,1191462805
Szigetvár,Szigetvar,46.0475,17.7994,Hungary,HU,HUN,Baranya,minor,10421.0,1348527343
Knin,Knin,44.0414,16.1986,Croatia,HR,HRV,Šibensko-Kninska Županija,minor,10633.0,1191313799
Csömör,Csomor,47.55,19.2333,Hungary,HU,HUN,Pest,,10200.0,1348004899
Barcs,Barcs,45.9601,17.4601,Hungary,HU,HUN,Somogy,minor,10501.0,1348676786
Garešnica,Garesnica,45.5667,16.9333,Croatia,HR,HRV,Bjelovarsko-Bilogorska Županija,minor,10472.0,1191726833
Pont Sondé,Pont Sonde,19.1493,-72.6147,Haiti,HT,HTI,Artibonite,,10000.0,1332034051
Nagyatád,Nagyatad,46.2227,17.3643,Hungary,HU,HUN,Somogy,minor,10212.0,1348804654
Erdőkertes,Erdokertes,47.6667,19.3167,Hungary,HU,HUN,Pest,,8771.0,1348236024
Slatina,Slatina,45.7022,17.7011,Croatia,HR,HRV,Virovitičko-Podravska Županija,minor,10208.0,1191732993
Carice,Carice,19.3833,-71.8333,Haiti,HT,HTI,Nord-Est,,10180.0,1332044879
Kapuvár,Kapuvar,47.6,17.0333,Hungary,HU,HUN,Győr-Moson-Sopron,minor,10161.0,1348249118
Beli Manastir,Beli Manastir,45.7667,18.6,Croatia,HR,HRV,Osječko-Baranjska Županija,minor,10068.0,1191568298
Chansolme,Chansolme,19.8833,-72.8333,Haiti,HT,HTI,Nord-Ouest,,9561.0,1332378565
Heves,Heves,47.6,20.2833,Hungary,HU,HUN,Heves,minor,9999.0,1348843058
Daruvar,Daruvar,45.5929,17.2237,Croatia,HR,HRV,Bjelovarsko-Bilogorska Županija,minor,9815.0,1191459511
Csorna,Csorna,47.6167,17.25,Hungary,HU,HUN,Győr-Moson-Sopron,minor,9799.0,1348687588
Balatonalmádi,Balatonalmadi,47.0333,18.0167,Hungary,HU,HUN,Veszprém,minor,9710.0,1348907128
Mezőberény,Mezobereny,46.8167,21.0167,Hungary,HU,HUN,Békés,,9809.0,1348124079
Otočac,Otocac,44.8667,15.2333,Croatia,HR,HRV,Ličko-Senjska Županija,minor,9778.0,1191233258
Ócsa,Ocsa,47.2934,19.226,Hungary,HU,HUN,Pest,,9642.0,1348733489
Sarkad,Sarkad,46.75,21.3833,Hungary,HU,HUN,Békés,minor,9677.0,1348531339
Čepin,Cepin,45.5167,18.5667,Croatia,HR,HRV,Osječko-Baranjska Županija,minor,9500.0,1191719855
Edelény,Edeleny,48.2967,20.7442,Hungary,HU,HUN,Borsod-Abaúj-Zemplén,minor,9209.0,1348035547
La Jigua,La Jigua,15.0333,-88.8,Honduras,HN,HND,Copán,,9288.0,1340297828
Nagykálló,Nagykallo,47.8833,21.85,Hungary,HU,HUN,Szabolcs-Szatmár-Bereg,minor,9214.0,1348262569
Kiskunlacháza,Kiskunlachaza,47.2,19.0167,Hungary,HU,HUN,Pest,,9201.0,1348557191
Piliscsaba,Piliscsaba,47.6167,18.8333,Hungary,HU,HUN,Pest,,8772.0,1348996792
Zabok,Zabok,46.0333,15.9167,Croatia,HR,HRV,Krapinsko-Zagorska Županija,minor,8994.0,1191500303
Pásztó,Paszto,47.9202,19.7144,Hungary,HU,HUN,Nógrád,minor,9099.0,1348953784
Trilj,Trilj,43.6167,16.7167,Croatia,HR,HRV,Splitsko-Dalmatinska Županija,minor,9109.0,1191317779
Siklós,Siklos,45.8519,18.2986,Hungary,HU,HUN,Baranya,minor,8912.0,1348986521
San Francisco,San Francisco,14.1167,-88.3667,Honduras,HN,HND,Lempira,,9017.0,1340590673
Dunavarsány,Dunavarsany,47.2781,19.0672,Hungary,HU,HUN,Pest,,8657.0,1348821728
Szentgotthárd,Szentgotthard,46.9488,16.2791,Hungary,HU,HUN,Vas,minor,8864.0,1348047105
Nagykovácsi,Nagykovacsi,47.58,18.88,Hungary,HU,HUN,Pest,,8536.0,1348566007
San Ignacio,San Ignacio,14.65,-87.0333,Honduras,HN,HND,Francisco Morazán,,8796.0,1340809113
Hajdúdorog,Hajdudorog,47.8167,21.5,Hungary,HU,HUN,Hajdú-Bihar,,8677.0,1348352479
Vásárosnamény,Vasarosnameny,48.1267,22.3183,Hungary,HU,HUN,Szabolcs-Szatmár-Bereg,minor,8618.0,1348707721
Ogulin,Ogulin,45.2669,15.2248,Croatia,HR,HRV,Karlovačka Županija,minor,8712.0,1191210263
Szeghalom,Szeghalom,47.0272,21.1661,Hungary,HU,HUN,Békés,minor,8680.0,1348071592
Nádudvar,Nadudvar,47.4167,21.1667,Hungary,HU,HUN,Hajdú-Bihar,,8636.0,1348692293
Dunaföldvár,Dunafoldvar,46.8089,18.918,Hungary,HU,HUN,Tolna,,8593.0,1348165944
Marale,Marale,14.9167,-87.035,Honduras,HN,HND,Francisco Morazán,,9170.0,1340172200
