city,city_ascii,lat,lng,country,iso2,iso3,admin_name,capital,population,id
Ho Chi Minh City,Ho Chi Minh City,10.7756,106.7019,Vietnam,VN,VNM,Hồ Chí Minh,admin,15136000.0,1704774326
Hanoi,Hanoi,21.0283,105.8542,Vietnam,VN,VNM,Hà Nội,primary,8246600.0,1704413791
Maracaibo,Maracaibo,10.6333,-71.6333,Venezuela,VE,VEN,Zulia,admin,2658355.0,1862072711
Caracas,Caracas,10.4806,-66.9036,Venezuela,VE,VEN,Distrito Capital,primary,2245744.0,1862748204
Haiphong,Haiphong,20.8651,106.6838,Vietnam,VN,VNM,Hải Phòng,admin,2103500.0,1704000623
Valencia,Valencia,10.1667,-68.0,Venezuela,VE,VEN,Carabobo,admin,1484430.0,1862309871
Cần Thơ,Can Tho,10.0333,105.7833,Vietnam,VN,VNM,Cần Thơ,admin,1237300.0,1704783472
Biên Hòa,Bien Hoa,10.95,106.8167,Vietnam,VN,VNM,Đồng Nai,admin,1104000.0,1704863046
Barquisimeto,Barquisimeto,10.0678,-69.3467,Venezuela,VE,VEN,Lara,admin,1059092.0,1862860739
Thủ Đức,Thu Duc,10.8266,106.7609,Vietnam,VN,VNM,Hồ Chí Minh,minor,1013795.0,1704361621
Port-Vila,Port-Vila,-17.7333,168.3167,Vanuatu,VU,VUT,Shefa,primary,51437.0,1548805075
Kingstown,Kingstown,13.1578,-61.225,Saint Vincent and the Grenadines,VC,VCT,Saint George,primary,25000.0,1670376659
Road Town,Road Town,18.4167,-64.6167,British Virgin Islands,VG,VGB,,primary,12603.0,1092732412
Vatican City,Vatican City,41.904,12.453,Vatican City,VA,VAT,,primary,825.0,1336000000
Quảng Hà,Quang Ha,15.9333,108.2667,Vietnam,VN,VNM,Quảng Nam,,1000000.0,1704966442
Barinas,Barinas,8.6333,-70.2,Venezuela,VE,VEN,Barinas,admin,816264.0,1862647790
Ciudad Guayana,Ciudad Guayana,8.3667,-62.65,Venezuela,VE,VEN,Bolívar,minor,751331.0,1862889027
Catia La Mar,Catia La Mar,10.6,-67.0333,Venezuela,VE,VEN,La Guaira,minor,661897.0,1862657837
Huế,Hue,16.4667,107.5792,Vietnam,VN,VNM,Thừa Thiên-Huế,admin,652572.0,1704016023
Tân An,Tan An,10.905,106.6994,Vietnam,VN,VNM,Hồ Chí Minh,,618984.0,1704599287
Ciudad Bolívar,Ciudad Bolivar,8.1219,-63.55,Venezuela,VE,VEN,Bolívar,admin,567953.0,1862318264
Bắc Ninh,Bac Ninh,21.1833,106.05,Vietnam,VN,VNM,Bắc Ninh,admin,520000.0,1704025181
Santa Teresa del Tuy,Santa Teresa del Tuy,10.2333,-66.65,Venezuela,VE,VEN,Miranda,minor,525321.0,1862528581
Hải Dương,Hai Duong,20.9397,106.3306,Vietnam,VN,VNM,Hải Dương,admin,507469.0,1704909566
Maturín,Maturin,9.7423,-63.1889,Venezuela,VE,VEN,Monagas,admin,514046.0,1862546949
Vinh,Vinh,18.6667,105.6667,Vietnam,VN,VNM,Nghệ An,admin,490000.0,1704960059
Tân Uyên,Tan Uyen,11.0508,106.7636,Vietnam,VN,VNM,Bình Dương,minor,466053.0,1704985934
Barcelona,Barcelona,10.1333,-64.6833,Venezuela,VE,VEN,Anzoátegui,admin,448016.0,1862418619
Thủ Dầu Một,Thu Dau Mot,10.9667,106.65,Vietnam,VN,VNM,Bình Dương,admin,417000.0,1704890399
Maracay,Maracay,10.2469,-67.5958,Venezuela,VE,VEN,Aragua,admin,407109.0,1862284350
Thanh Hóa,Thanh Hoa,19.8075,105.7764,Vietnam,VN,VNM,Thanh Hóa,admin,393294.0,1704016079
Nha Trang,Nha Trang,12.245,109.1917,Vietnam,VN,VNM,Khánh Hòa,admin,392279.0,1704497901
Cumaná,Cumana,10.45,-64.1667,Venezuela,VE,VEN,Sucre,admin,374706.0,1862583279
Petare,Petare,10.4833,-66.8167,Venezuela,VE,VEN,Miranda,minor,369000.0,1862595613
Nam Định,Nam Dinh,20.42,106.1683,Vietnam,VN,VNM,Nam Định,admin,352108.0,1704906277
Cabimas,Cabimas,10.4,-71.4333,Venezuela,VE,VEN,Zulia,minor,351735.0,1862398719
Vũng Tàu,Vung Tau,10.3833,107.1167,Vietnam,VN,VNM,Bà Rịa-Vũng Tàu,admin,341552.0,1704581438
Buôn Ma Thuột,Buon Ma Thuot,12.6667,108.05,Vietnam,VN,VNM,Đắk Lắk,admin,340000.0,1704542086
Thái Nguyên,Thai Nguyen,21.6,105.85,Vietnam,VN,VNM,Thái Nguyên,admin,330000.0,1704613715
An Nhơn,An Nhon,13.917,109.083,Vietnam,VN,VNM,Bình Định,minor,317620.0,1704548208
Cà Mau,Ca Mau,9.1833,105.15,Vietnam,VN,VNM,Cà Mau,admin,315270.0,1704320474
Quy Nhơn,Quy Nhon,13.7667,109.2333,Vietnam,VN,VNM,Bình Định,admin,311000.0,1704056461
Nghi Sơn,Nghi Son,19.417,105.75,Vietnam,VN,VNM,Thanh Hóa,,307304.0,1704908796
Puerto La Cruz,Puerto La Cruz,10.2,-64.6333,Venezuela,VE,VEN,Anzoátegui,minor,306261.0,1862856141
Sóc Trăng,Soc Trang,9.6028,105.9736,Vietnam,VN,VNM,Sóc Trăng,admin,300000.0,1704758756
Phan Thiết,Phan Thiet,10.9333,108.1,Vietnam,VN,VNM,Bình Thuận,admin,299680.0,1704221456
Mérida,Merida,8.48,-71.19,Venezuela,VE,VEN,Mérida,admin,300000.0,1862668122
Punto Fijo,Punto Fijo,11.7167,-70.1833,Venezuela,VE,VEN,Falcón,minor,287558.0,1862535644
San Cristóbal,San Cristobal,7.7682,-72.2322,Venezuela,VE,VEN,Táchira,admin,285872.0,1862252264
Coro,Coro,11.395,-69.6816,Venezuela,VE,VEN,Falcón,admin,284266.0,1862429150
Long Xuyên,Long Xuyen,10.3736,105.4458,Vietnam,VN,VNM,An Giang,admin,278658.0,1704453892
Việt Trì,Viet Tri,21.3,105.4333,Vietnam,VN,VNM,Phú Thọ,admin,277539.0,1704332956
Mỹ Tho,My Tho,10.35,106.35,Vietnam,VN,VNM,Tiền Giang,admin,270700.0,1704000376
Thái Bình,Thai Binh,20.4461,106.3422,Vietnam,VN,VNM,Thái Bình,admin,268167.0,1704716027
Quảng Ngãi,Quang Ngai,15.1167,108.8,Vietnam,VN,VNM,Quảng Ngãi,admin,260252.0,1704029499
Ấp Đa Lợi,Ap Da Loi,11.9333,108.4667,Vietnam,VN,VNM,Lâm Đồng,,256019.0,1704613422
Turmero,Turmero,10.2283,-67.4753,Venezuela,VE,VEN,Aragua,minor,254880.0,1862335549
Rạch Giá,Rach Gia,10.0167,105.0833,Vietnam,VN,VNM,Kiến Giang,admin,250660.0,1704872008
Los Teques,Los Teques,10.3411,-67.0406,Venezuela,VE,VEN,Miranda,admin,251200.0,1862066931
Long Khánh,Long Khanh,10.917,107.167,Vietnam,VN,VNM,Đồng Nai,minor,245040.0,1704475292
Tuy Hòa,Tuy Hoa,13.0819,109.295,Vietnam,VN,VNM,Phú Yên,admin,242840.0,1704697424
Baruta,Baruta,10.4322,-66.8739,Venezuela,VE,VEN,Miranda,minor,240755.0,1862630716
Bạc Liêu,Bac Lieu,9.2833,105.7167,Vietnam,VN,VNM,Bạc Liêu,admin,240045.0,1704298745
Sơn Tây,Son Tay,21.1333,105.5,Vietnam,VN,VNM,Hà Nội,minor,230577.0,1704714941
Phú Yên,Phu Yen,21.4156,105.8739,Vietnam,VN,VNM,Thái Nguyên,,231363.0,1704357396
Ninh Hòa,Ninh Hoa,12.4917,109.1258,Vietnam,VN,VNM,Khánh Hòa,minor,227630.0,1704108515
Chí Linh,Chi Linh,21.133,106.383,Vietnam,VN,VNM,Hải Dương,,220421.0,1704328235
San Felipe,San Felipe,10.3353,-68.7458,Venezuela,VE,VEN,Yaracuy,admin,220786.0,1862716082
Pleiku,Pleiku,13.9833,108.0,Vietnam,VN,VNM,Gia Lai,admin,218765.0,1704220080
Tân An,Tan An,10.5333,106.4167,Vietnam,VN,VNM,Long An,admin,215250.0,1704199290
Sa Đéc,Sa Dec,10.3,105.7667,Vietnam,VN,VNM,Đồng Tháp,minor,213610.0,1704983576
Cúa,Cua,10.1667,-66.8833,Venezuela,VE,VEN,Miranda,minor,214823.0,1862770169
La Victoria,La Victoria,10.2278,-67.3336,Venezuela,VE,VEN,Aragua,minor,214492.0,1862054455
Cao Lãnh,Cao Lanh,10.4672,105.6303,Vietnam,VN,VNM,Đồng Tháp,admin,211912.0,1704276832
El Tigre,El Tigre,8.8858,-64.2611,Venezuela,VE,VEN,Anzoátegui,minor,213524.0,1862428934
Guarenas,Guarenas,10.4739,-66.5383,Venezuela,VE,VEN,Miranda,minor,208663.0,1862083525
Puerto Cabello,Puerto Cabello,10.4667,-68.0167,Venezuela,VE,VEN,Carabobo,minor,209080.0,1862031193
Bà Rịa,Ba Ria,10.4992,107.1675,Vietnam,VN,VNM,Bà Rịa-Vũng Tàu,,205192.0,1704455087
Phủ Từ Sơn,Phu Tu Son,21.1189,105.9611,Vietnam,VN,VNM,Bắc Ninh,,202874.0,1704080874
Kinh Môn,Kinh Mon,21.033,106.5,Vietnam,VN,VNM,Hải Dương,minor,203638.0,1704502553
Bắc Giang,Bac Giang,21.2667,106.2,Vietnam,VN,VNM,Bắc Giang,admin,201595.0,1704256754
Vĩnh Long,Vinh Long,10.25,105.9667,Vietnam,VN,VNM,Vĩnh Long,admin,200120.0,1704262419
La Guaira,La Guaira,10.6,-66.9331,Venezuela,VE,VEN,La Guaira,admin,203520.0,1862282663
Lạng Sơn,Lang Son,21.8478,106.7578,Vietnam,VN,VNM,Lạng Sơn,admin,200108.0,1704004349
Hà Tĩnh,Ha Tinh,18.3333,105.9,Vietnam,VN,VNM,Hà Tĩnh,admin,202062.0,1704544061
Guacara,Guacara,10.2333,-67.8833,Venezuela,VE,VEN,Carabobo,minor,200212.0,1862573240
Tocuyito,Tocuyito,10.0889,-68.0922,Venezuela,VE,VEN,Carabobo,minor,197446.0,1862659974
Acarigua,Acarigua,9.5597,-69.2019,Venezuela,VE,VEN,Portuguesa,minor,195637.0,1862134462
San Fernando,San Fernando,7.894,-67.473,Venezuela,VE,VEN,Apure,admin,194274.0,1862404343
Guanare,Guanare,9.0436,-69.7489,Venezuela,VE,VEN,Portuguesa,admin,192644.0,1862645590
Valera,Valera,9.3206,-70.6078,Venezuela,VE,VEN,Trujillo,minor,191167.0,1862735261
Araure,Araure,9.5667,-69.2167,Venezuela,VE,VEN,Portuguesa,minor,188800.0,1862226710
Guatire,Guatire,10.4717,-66.5406,Venezuela,VE,VEN,Miranda,minor,187262.0,1862199442
San Diego,San Diego,10.2558,-67.9539,Venezuela,VE,VEN,Carabobo,minor,187215.0,1862530883
Tân Châu,Tan Chau,10.7739,105.2369,Vietnam,VN,VNM,An Giang,minor,184129.0,1704250945
Vĩnh Châu,Vinh Chau,9.333,106.0,Vietnam,VN,VNM,Sóc Trăng,minor,183918.0,1704458161
Trảng Bàng,Trang Bang,11.033,106.367,Vietnam,VN,VNM,Tây Ninh,minor,183385.0,1704911723
Phan Rang-Tháp Chàm,Phan Rang-Thap Cham,11.5667,108.9833,Vietnam,VN,VNM,Ninh Thuận,admin,179773.0,1704094609
Sầm Sơn,Sam Son,19.7333,105.9,Vietnam,VN,VNM,Thanh Hóa,,172350.0,1704851701
Thành Phố Uông Bí,Thanh Pho Uong Bi,21.0356,106.7644,Vietnam,VN,VNM,Quảng Ninh,,174678.0,1704196737
Carúpano,Carupano,10.6722,-63.2403,Venezuela,VE,VEN,Sucre,minor,173877.0,1862777685
Hạ Long,Ha Long,20.95,107.0667,Vietnam,VN,VNM,Quảng Ninh,admin,172915.0,1704379547
Mang La,Mang La,14.3833,107.9833,Vietnam,VN,VNM,Kon Tum,,172712.0,1704178922
Bảo Lộc,Bao Loc,11.5481,107.8075,Vietnam,VN,VNM,Lâm Đồng,minor,170920.0,1704551621
Santa Rita,Santa Rita,10.2003,-67.5514,Venezuela,VE,VEN,Aragua,minor,169158.0,1862408122
Calabozo,Calabozo,8.9219,-67.4283,Venezuela,VE,VEN,Guárico,minor,168605.0,1862623441
Tam Kỳ,Tam Ky,15.5667,108.4833,Vietnam,VN,VNM,Quảng Nam,admin,165240.0,1704410655
Ninh Bình,Ninh Binh,20.2539,105.975,Vietnam,VN,VNM,Ninh Bình,admin,160166.0,1704442748
Anaco,Anaco,9.4333,-64.4667,Venezuela,VE,VEN,Anzoátegui,minor,162704.0,1862074247
Trà Vinh,Tra Vinh,9.9333,106.35,Vietnam,VN,VNM,Trà Vinh,admin,160310.0,1704929966
Đồng Hới,Dong Hoi,17.4831,106.5997,Vietnam,VN,VNM,Quảng Bình,admin,160325.0,1704323043
Tân Phú,Tan Phu,11.272,107.4367,Vietnam,VN,VNM,Đồng Nai,minor,161000.0,1704582407
Châu Đốc,Chau Doc,10.7,105.1167,Vietnam,VN,VNM,An Giang,,157298.0,1704020910
Cẩm Phả,Cam Pha,21.0167,107.3167,Vietnam,VN,VNM,Quảng Ninh,minor,156000.0,1704985016
Vĩnh Yên,Vinh Yen,21.31,105.5967,Vietnam,VN,VNM,Vĩnh Phúc,admin,152801.0,1704905946
Palo Negro,Palo Negro,10.16,-67.5582,Venezuela,VE,VEN,Aragua,minor,153706.0,1862061949
Hòa Thành,Hoa Thanh,11.2831,106.1297,Vietnam,VN,VNM,Tây Ninh,minor,152339.0,1704970547
Đức Phổ,Duc Pho,14.81,108.96,Vietnam,VN,VNM,Quảng Ngãi,minor,150927.0,1704354008
Đồng Xoài,Dong Xoai,11.5169,106.8392,Vietnam,VN,VNM,Bình Phước,admin,150052.0,1704845487
Ocumare del Tuy,Ocumare del Tuy,10.1136,-66.7814,Venezuela,VE,VEN,Miranda,minor,150000.0,1862015576
Hưng Yên,Hung Yen,20.65,106.0667,Vietnam,VN,VNM,Hưng Yên,admin,147275.0,1704000203
Cam Ranh,Cam Ranh,11.902,109.2207,Vietnam,VN,VNM,Khánh Hòa,,146771.0,1704104189
Villa de Cura,Villa de Cura,10.0383,-67.4892,Venezuela,VE,VEN,Aragua,minor,145098.0,1862979204
Yaritagua,Yaritagua,10.0753,-69.1283,Venezuela,VE,VEN,Yaracuy,minor,140256.0,1862905123
Giá Rai,Gia Rai,9.25,105.417,Vietnam,VN,VNM,Bạc Liêu,,139748.0,1704175422
Quảng Yên,Quang Yen,20.917,106.833,Vietnam,VN,VNM,Quảng Ninh,minor,139596.0,1704642598
Phủ Lý,Phu Ly,20.5411,105.9139,Vietnam,VN,VNM,Hà Nam,admin,136654.0,1704841896
Long Bình,Long Binh,10.9458,106.8775,Vietnam,VN,VNM,Đồng Nai,,133206.0,1704097559
Tây Ninh,Tay Ninh,11.3678,106.1189,Vietnam,VN,VNM,Tây Ninh,admin,135254.0,1704250951
Ba Đồn,Ba Don,17.7547,106.4231,Vietnam,VN,VNM,Quảng Bình,minor,134000.0,1704105160
Los Guayos,Los Guayos,10.1833,-67.9333,Venezuela,VE,VEN,Carabobo,minor,130345.0,1862264170
Lào Cai,Lao Cai,22.4806,103.975,Vietnam,VN,VNM,Lào Cai,admin,130671.0,1704290986
Táriba,Tariba,7.8167,-72.2167,Venezuela,VE,VEN,Táchira,minor,128590.0,1862780259
Buôn Hồ,Buon Ho,12.8544,108.2703,Vietnam,VN,VNM,Đắk Lắk,,127920.0,1704467576
Guasdualito,Guasdualito,7.2467,-70.7292,Venezuela,VE,VEN,Apure,minor,128025.0,1862834503
Bến Tre,Ben Tre,10.2333,106.3833,Vietnam,VN,VNM,Bến Tre,admin,124449.0,1704108909
Cam Ranh,Cam Ranh,11.9136,109.1369,Vietnam,VN,VNM,Khánh Hòa,minor,125311.0,1704516746
Cagua,Cagua,10.1875,-67.4611,Venezuela,VE,VEN,Aragua,minor,122571.0,1862805374
Porlamar,Porlamar,10.9556,-63.8478,Venezuela,VE,VEN,Nueva Esparta,minor,120924.0,1862693736
Móng Cái,Mong Cai,21.5333,107.9667,Vietnam,VN,VNM,Quảng Ninh,minor,125000.0,1704988589
Cai Lậy,Cai Lay,10.417,106.083,Vietnam,VN,VNM,Tiền Giang,,123775.0,1704031131
Hội An,Hoi An,15.8833,108.3333,Vietnam,VN,VNM,Quảng Nam,,121716.0,1704897050
Machiques,Machiques,10.0667,-72.5667,Venezuela,VE,VEN,Zulia,minor,122734.0,1862003182
Ciudad Ojeda,Ciudad Ojeda,10.2,-71.3,Venezuela,VE,VEN,Zulia,minor,122124.0,1862967909
Hòa Bình,Hoa Binh,20.8133,105.3383,Vietnam,VN,VNM,Hòa Bình,admin,121309.0,1704237072
Chơn Thành,Chon Thanh,11.4292,106.6572,Vietnam,VN,VNM,Bình Phước,minor,121083.0,1704230089
Kỳ Anh,Ky Anh,18.0678,106.2967,Vietnam,VN,VNM,Hà Tĩnh,minor,120518.0,1704418258
Đông Hòa,Dong Hoa,12.9931,109.3314,Vietnam,VN,VNM,Phú Yên,,119991.0,1704439726
San Carlos,San Carlos,9.65,-68.5833,Venezuela,VE,VEN,Cojedes,admin,120000.0,1862109303
Charallave,Charallave,10.2431,-66.8622,Venezuela,VE,VEN,Miranda,minor,117707.0,1862753487
La Asunción,La Asuncion,11.0333,-63.8628,Venezuela,VE,VEN,Nueva Esparta,admin,117513.0,1862490314
Valle de La Pascua,Valle de La Pascua,9.2033,-66.0103,Venezuela,VE,VEN,Guárico,minor,115902.0,1862904072
La Gi,La Gi,10.66,107.7719,Vietnam,VN,VNM,Bình Thuận,,112558.0,1704637606
Santa Lucía,Santa Lucia,10.2606,-66.6639,Venezuela,VE,VEN,Miranda,minor,112357.0,1862614387
Carora,Carora,10.1692,-70.0783,Venezuela,VE,VEN,Lara,minor,112600.0,1862485109
Quíbor,Quibor,9.9281,-69.5778,Venezuela,VE,VEN,Lara,minor,110536.0,1862178539
Socopó,Socopo,8.2322,-70.8206,Venezuela,VE,VEN,Barinas,minor,110512.0,1862619610
Tinaquillo,Tinaquillo,9.9167,-68.3,Venezuela,VE,VEN,Cojedes,minor,110000.0,1862118872
Gò Công,Go Cong,10.3667,106.6667,Vietnam,VN,VNM,Tiền Giang,,107600.0,1704078032
El Limón,El Limon,10.3003,-67.6336,Venezuela,VE,VEN,Aragua,minor,106206.0,1862210475
Ejido,Ejido,8.5466,-71.2409,Venezuela,VE,VEN,Mérida,minor,107056.0,1862153927
Sơn La,Son La,21.327,103.9141,Vietnam,VN,VNM,Sơn La,admin,106052.0,1704957010
Bình Long,Binh Long,11.6527,106.6093,Vietnam,VN,VNM,Bình Phước,,105520.0,1704953411
Tam Điệp,Tam Diep,20.1556,105.9181,Vietnam,VN,VNM,Ninh Bình,minor,104175.0,1704023759
Ngã Bảy,Nga Bay,9.8164,105.8197,Vietnam,VN,VNM,Hậu Giang,minor,101192.0,1704893699
Hồng Ngự,Hong Ngu,10.833,105.283,Vietnam,VN,VNM,Đồng Tháp,,101155.0,1704773710
Bỉm Sơn,Bim Son,20.0781,105.8603,Vietnam,VN,VNM,Thanh Hóa,,100820.0,1704331479
Yên Bái,Yen Bai,21.7,104.8667,Vietnam,VN,VNM,Yên Bái,admin,100631.0,1704249231
Vị Thanh,Vi Thanh,9.7833,105.4708,Vietnam,VN,VNM,Hậu Giang,admin,97200.0,1704210026
Đông Hà,Dong Ha,16.8303,107.0972,Vietnam,VN,VNM,Quảng Trị,admin,93800.0,1704264596
Bình Hòa,Binh Hoa,10.9061,106.7308,Vietnam,VN,VNM,Bình Dương,,88500.0,1704063856
San Juan de los Morros,San Juan de los Morros,9.901,-67.354,Venezuela,VE,VEN,Guárico,admin,87739.0,1862865294
Tucupita,Tucupita,9.0575,-62.0452,Venezuela,VE,VEN,Delta Amacuro,admin,86487.0,1862849758
Puerto Ayacucho,Puerto Ayacucho,5.6631,-67.6264,Venezuela,VE,VEN,Amazonas,admin,80000.0,1862027409
Cửa Lô,Cua Lo,18.8167,105.7167,Vietnam,VN,VNM,Nghệ An,,75260.0,1704860158
Cao Bằng,Cao Bang,22.6667,106.2583,Vietnam,VN,VNM,Cao Bằng,admin,73549.0,1704552735
Điện Biên Phủ,Dien Bien Phu,21.3833,103.0167,Vietnam,VN,VNM,Điện Biên,admin,70000.0,1704081536
Gia Nghĩa,Gia Nghia,11.9833,107.7,Vietnam,VN,VNM,Đắk Nông,admin,61413.0,1704361005
Hà Giang,Ha Giang,22.8333,104.9833,Vietnam,VN,VNM,Hà Giang,admin,55559.0,1704495953
Tam Hiệp,Tam Hiep,10.9497,106.8575,Vietnam,VN,VNM,Đồng Nai,,35747.0,1704536698
Lecherías,Lecherias,10.1889,-64.6951,Venezuela,VE,VEN,Anzoátegui,minor,36450.0,1862961933
Bắc Kạn,Bac Kan,22.1333,105.8333,Vietnam,VN,VNM,Bắc Kạn,admin,45036.0,1704000217
Lai Châu,Lai Chau,22.3992,103.4392,Vietnam,VN,VNM,Lai Châu,admin,42973.0,1704983526
Tuyên Quang,Tuyen Quang,21.8167,105.2167,Vietnam,VN,VNM,Tuyên Quang,admin,36430.0,1704662313
Trujillo,Trujillo,9.417,-70.5,Venezuela,VE,VEN,Trujillo,admin,38110.0,1862212549
Bửu Long,Buu Long,10.96,106.7967,Vietnam,VN,VNM,Đồng Nai,,31861.0,1704059272
Mỹ Hòa,My Hoa,10.3655,105.4011,Vietnam,VN,VNM,An Giang,,33413.0,1704017086
Luganville,Luganville,-15.5333,167.1667,Vanuatu,VU,VUT,Sanma,admin,18062.0,1548569362
Hiệp Hòa,Hiep Hoa,10.9289,106.8378,Vietnam,VN,VNM,Đồng Nai,,15468.0,1704506831
Tân Vạn,Tan Van,10.9119,106.8261,Vietnam,VN,VNM,Bình Dương,,14086.0,1704433068
Đà Nẵng,Da Nang,16.0748,108.224,Vietnam,VN,VNM,Đà Nẵng,admin,,1704949870
Isangel,Isangel,-19.53,169.28,Vanuatu,VU,VUT,Tafea,admin,1200.0,1548941443
Lakatoro,Lakatoro,-16.1069,167.4208,Vanuatu,VU,VUT,Malampa,admin,705.0,1548761183
Đà Lạt,Da Lat,11.9359,108.4429,Vietnam,VN,VNM,Lâm Đồng,admin,,1704933464
Kon Tum,Kon Tum,14.3544,108.0075,Vietnam,VN,VNM,Kon Tum,admin,,1704988146
Saratamata,Saratamata,-15.2875,167.9903,Vanuatu,VU,VUT,Penama,admin,,1548907051
Sola,Sola,-13.875,167.55,Vanuatu,VU,VUT,Torba,admin,,1548600754
Hương Thủy,Huong Thuy,16.4,107.6889,Vietnam,VN,VNM,Thừa Thiên-Huế,,95299.0,1704272342
Rubio,Rubio,7.7,-72.35,Venezuela,VE,VEN,Táchira,minor,95041.0,1862078206
Phú Thọ,Phu Tho,21.4003,105.2225,Vietnam,VN,VNM,Phú Thọ,minor,91650.0,1704657729
Cantaura,Cantaura,9.3005,-64.3564,Venezuela,VE,VEN,Anzoátegui,minor,89552.0,1862715472
La Grita,La Grita,8.1333,-71.9833,Venezuela,VE,VEN,Táchira,minor,88450.0,1862682610
Maiquetía,Maiquetia,10.5958,-66.9772,Venezuela,VE,VEN,La Guaira,minor,87909.0,1862822831
Phúc Yên,Phuc Yen,21.2333,105.7,Vietnam,VN,VNM,Vĩnh Phúc,minor,83352.0,1704818055
San Carlos del Zulia,San Carlos del Zulia,9.0,-71.9333,Venezuela,VE,VEN,Zulia,minor,80000.0,1862219492
Dĩ An,Di An,10.9039,106.7678,Vietnam,VN,VNM,Bình Dương,minor,73859.0,1704040724
Hương Trà,Huong Tra,16.4675,107.5181,Vietnam,VN,VNM,Thừa Thiên-Huế,minor,72677.0,1704200603
Long Mỹ,Long My,9.6814,105.5708,Vietnam,VN,VNM,Hậu Giang,minor,71963.0,1704531917
Cabudare,Cabudare,10.0331,-69.2633,Venezuela,VE,VEN,Lara,minor,70578.0,1862114226
Phú Quốc,Phu Quoc,10.2289,103.9669,Vietnam,VN,VNM,Kiến Giang,minor,70000.0,1704992616
Nghĩa Lộ,Nghia Lo,21.5758,104.5192,Vietnam,VN,VNM,Yên Bái,,68206.0,1704571558
Cedeño,Cedeno,6.71,-66.1127,Venezuela,VE,VEN,Bolívar,,67000.0,1862036246
Caripito,Caripito,10.1124,-63.1034,Venezuela,VE,VEN,Monagas,minor,64955.0,1862107520
Zaraza,Zaraza,9.3394,-65.3167,Venezuela,VE,VEN,Guárico,minor,62027.0,1862643668
San Antonio del Táchira,San Antonio del Tachira,7.8145,-72.4431,Venezuela,VE,VEN,Táchira,minor,61630.0,1862415614
A Yun Pa,A Yun Pa,13.3939,108.4408,Vietnam,VN,VNM,Gia Lai,minor,53720.0,1704945771
Upata,Upata,8.0204,-62.41,Venezuela,VE,VEN,Bolívar,minor,53685.0,1862794619
Sông Đốc,Song Doc,9.0333,104.8167,Vietnam,VN,VNM,Cà Mau,,49000.0,1704045343
Caraballeda,Caraballeda,10.6167,-66.85,Venezuela,VE,VEN,La Guaira,minor,48622.0,1862680237
Sanare,Sanare,9.7822,-69.7931,Venezuela,VE,VEN,Lara,minor,48764.0,1862592324
Duyên Hải,Duyen Hai,9.6331,106.4975,Vietnam,VN,VNM,Trà Vinh,minor,48210.0,1704264895
Hà Tiên,Ha Tien,10.3833,104.4833,Vietnam,VN,VNM,Kiến Giang,minor,47039.0,1704031961
El Valle del Espíritu Santo,El Valle del Espiritu Santo,10.9833,-63.8833,Venezuela,VE,VEN,Nueva Esparta,minor,45606.0,1862517439
Phan Rí Cửa,Phan Ri Cua,11.1739,108.5661,Vietnam,VN,VNM,Bình Thuận,,45805.0,1704182533
Hố Nai,Ho Nai,10.9725,106.8789,Vietnam,VN,VNM,Đồng Nai,,41922.0,1704997098
Santa Cruz de Los Taques,Santa Cruz de Los Taques,11.8231,-70.2535,Venezuela,VE,VEN,Falcón,minor,41579.0,1862415425
El Tocuyo,El Tocuyo,9.7822,-69.7931,Venezuela,VE,VEN,Lara,minor,41327.0,1862715800
Ciudad Piar,Ciudad Piar,7.4522,-63.32,Venezuela,VE,VEN,Bolívar,minor,40918.0,1862507661
Altagracia de Orituco,Altagracia de Orituco,9.8504,-66.38,Venezuela,VE,VEN,Guárico,minor,40052.0,1862533029
Ospino,Ospino,9.3,-69.45,Venezuela,VE,VEN,Portuguesa,minor,39215.0,1862899775
Colón,Colon,8.0378,-72.2519,Venezuela,VE,VEN,Táchira,minor,36925.0,1862928589
Santa Ana,Santa Ana,7.6453,-72.2758,Venezuela,VE,VEN,Táchira,minor,36925.0,1862776224
Caucagua,Caucagua,10.2822,-66.3772,Venezuela,VE,VEN,Miranda,minor,35000.0,1862601608
Santa Ana,Santa Ana,11.068,-63.9221,Venezuela,VE,VEN,Nueva Esparta,minor,33435.0,1862533518
Macuro,Macuro,10.65,-61.9333,Venezuela,VE,VEN,Sucre,,33621.0,1862222020
Puerto Cumarebo,Puerto Cumarebo,11.4861,-69.3503,Venezuela,VE,VEN,Falcón,minor,33166.0,1862046151
Las Mercedes,Las Mercedes,8.5104,-66.503,Venezuela,VE,VEN,Guárico,minor,33025.0,1862558629
Santa Rita,Santa Rita,10.5367,-71.5108,Venezuela,VE,VEN,Zulia,minor,31810.0,1862676200
Santa Cruz,Santa Cruz,10.1819,-67.5025,Venezuela,VE,VEN,Aragua,minor,29773.0,1862293225
Guanta,Guanta,10.2383,-64.5917,Venezuela,VE,VEN,Anzoátegui,minor,30891.0,1862441134
Phú Mỹ,Phu My,10.5906,107.0481,Vietnam,VN,VNM,Bà Rịa-Vũng Tàu,,29738.0,1704062444
Thuận Tiến,Thuan Tien,10.0894,105.8281,Vietnam,VN,VNM,Vĩnh Long,,29806.0,1704059515
Punceres,Punceres,9.9661,-63.1391,Venezuela,VE,VEN,Monagas,,27954.0,1862883655
Sabaneta,Sabaneta,8.7522,-69.9325,Venezuela,VE,VEN,Barinas,minor,27850.0,1862775956
Long Thành,Long Thanh,10.8667,106.9167,Vietnam,VN,VNM,Đồng Nai,minor,27084.0,1704003595
Di Linh,Di Linh,11.5778,108.0751,Vietnam,VN,VNM,Lâm Đồng,minor,27645.0,1704189593
Aragua de Barcelona,Aragua de Barcelona,9.4575,-64.8261,Venezuela,VE,VEN,Anzoátegui,minor,27000.0,1862505778
Puerto Píritu,Puerto Piritu,10.0667,-65.05,Venezuela,VE,VEN,Anzoátegui,minor,25981.0,1862843143
Ấp Khánh Hòa,Ap Khanh Hoa,10.6333,105.2167,Vietnam,VN,VNM,An Giang,,24486.0,1704618066
Araira,Araira,10.4525,-66.485,Venezuela,VE,VEN,Miranda,,25000.0,1862607333
Montalbán,Montalban,10.2522,-68.3019,Venezuela,VE,VEN,Carabobo,minor,24908.0,1862131171
Calliaqua,Calliaqua,13.1308,-61.1928,Saint Vincent and the Grenadines,VC,VCT,Saint George,,24205.0,1670040822
Buôn Trấp,Buon Trap,12.4833,108.0167,Vietnam,VN,VNM,Đắk Lắk,minor,23863.0,1704599387
Kiên Lương,Kien Luong,10.2856,104.6444,Vietnam,VN,VNM,Kiến Giang,minor,24287.0,1704518749
Bình Hòa,Binh Hoa,10.9353,106.8614,Vietnam,VN,VNM,Bình Dương,,23398.0,1704275105
Quảng Trị,Quang Tri,16.7469,107.194,Vietnam,VN,VNM,Quảng Trị,,23356.0,1704089491
Píritu,Piritu,9.9178,-65.0646,Venezuela,VE,VEN,Anzoátegui,minor,23248.0,1862835516
Ấp Phú Mỹ,Ap Phu My,9.75,106.0,Vietnam,VN,VNM,Sóc Trăng,,21931.0,1704694419
Thuân An,Thuan An,16.5489,107.6436,Vietnam,VN,VNM,Thừa Thiên-Huế,,20972.0,1704000352
Tân Phong,Tan Phong,19.7322,105.7817,Vietnam,VN,VNM,Thanh Hóa,,20603.0,1704432456
El Callao,El Callao,7.3463,-61.8271,Venezuela,VE,VEN,Bolívar,minor,21769.0,1862703627
La Colonia Tovar,La Colonia Tovar,10.4056,-67.2894,Venezuela,VE,VEN,Aragua,minor,21000.0,1862004978
Chợ Phước Hải,Cho Phuoc Hai,10.4283,107.2953,Vietnam,VN,VNM,Bà Rịa-Vũng Tàu,,20923.0,1704395205
Mường Lay,Muong Lay,22.0678,103.1506,Vietnam,VN,VNM,Điện Biên,,20450.0,1704853058
La Esmeralda,La Esmeralda,3.1739,-65.5467,Venezuela,VE,VEN,Amazonas,minor,20030.0,1862255876
Ấp Khánh Hưng,Ap Khanh Hung,10.2,105.85,Vietnam,VN,VNM,Cần Thơ,,18874.0,1704912903
Bình Minh,Binh Minh,10.0961,105.7894,Vietnam,VN,VNM,Vĩnh Long,minor,18105.0,1704182594
Chichiriviche,Chichiriviche,10.9343,-68.2771,Venezuela,VE,VEN,Falcón,minor,18960.0,1862197989
Hương Canh,Huong Canh,21.2833,105.65,Vietnam,VN,VNM,Vĩnh Phúc,minor,16341.0,1704639991
Thị Trấn Ngải Giao,Thi Tran Ngai Giao,10.6406,107.2478,Vietnam,VN,VNM,Bà Rịa-Vũng Tàu,minor,16522.0,1704244459
Mỹ Lương,My Luong,20.8667,105.6667,Vietnam,VN,VNM,Hà Nội,,15540.0,1704740855
El Socorro,El Socorro,8.9936,-65.7456,Venezuela,VE,VEN,Guárico,minor,17097.0,1862016030
Barbacoas,Barbacoas,9.4833,-66.9761,Venezuela,VE,VEN,Aragua,minor,16469.0,1862577336
El Palmar,El Palmar,8.0244,-61.8819,Venezuela,VE,VEN,Bolívar,minor,15521.0,1862731321
Clarines,Clarines,9.9433,-65.1661,Venezuela,VE,VEN,Anzoátegui,minor,15000.0,1862292462
Chaguaramas,Chaguaramas,9.3333,-66.2667,Venezuela,VE,VEN,Guárico,minor,15000.0,1862406127
Bo,Bo,20.6736,105.5311,Vietnam,VN,VNM,Hòa Bình,minor,14401.0,1704407394
Cojedes,Cojedes,9.6167,-68.9167,Venezuela,VE,VEN,Cojedes,minor,14044.0,1862336998
Hòa Thượng,Hoa Thuong,21.6472,105.8278,Vietnam,VN,VNM,Thái Nguyên,,13871.0,1704496519
Khe Sanh,Khe Sanh,16.6193,106.7305,Vietnam,VN,VNM,Quảng Trị,minor,13927.0,1704133278
Tucacas,Tucacas,10.7978,-68.3175,Venezuela,VE,VEN,Falcón,minor,13901.0,1862663213
Chợ Mới,Cho Moi,10.55,105.4,Vietnam,VN,VNM,An Giang,minor,12898.0,1704969130
Ba Chúc,Ba Chuc,10.5,104.9,Vietnam,VN,VNM,An Giang,,13122.0,1704637528
Río Caribe,Rio Caribe,10.7008,-63.1086,Venezuela,VE,VEN,Sucre,minor,13667.0,1862329516
An Thành B,An Thanh B,10.1958,106.3314,Vietnam,VN,VNM,Bến Tre,,12968.0,1704953278
Chợ Lách,Cho Lach,10.2647,106.13,Vietnam,VN,VNM,Bến Tre,minor,11836.0,1704967577
Santa María de Ipire,Santa Maria de Ipire,8.6638,-65.3563,Venezuela,VE,VEN,Guárico,minor,13161.0,1862961193
San Mateo,San Mateo,9.74,-64.5531,Venezuela,VE,VEN,Anzoátegui,minor,12905.0,1862621121
Ấp Phú Hải,Ap Phu Hai,11.1667,108.5667,Vietnam,VN,VNM,Bình Thuận,,12624.0,1704618914
Isla Ratón,Isla Raton,5.1311,-67.8106,Venezuela,VE,VEN,Amazonas,minor,12612.0,1862486831
Sarare,Sarare,9.7839,-69.1611,Venezuela,VE,VEN,Lara,minor,12535.0,1862461339
An Phú,An Phu,10.85,105.0833,Vietnam,VN,VNM,An Giang,minor,11108.0,1704682983
Phước Long,Phuoc Long,9.4194,105.3842,Vietnam,VN,VNM,Bạc Liêu,,11957.0,1704723610
Hàng Trạm,Hang Tram,20.3944,105.6222,Vietnam,VN,VNM,Hòa Bình,minor,11503.0,1704292651
Aguasay,Aguasay,9.3203,-63.6411,Venezuela,VE,VEN,Monagas,minor,11856.0,1862003602
Mương Theng,Muong Theng,21.3869,103.0156,Vietnam,VN,VNM,Điện Biên,,11740.0,1704017022
Xuân Trùng,Xuan Trung,21.05,105.2833,Vietnam,VN,VNM,Phú Thọ,,11506.0,1704809056
Thanh Xuân,Thanh Xuan,10.2308,106.3253,Vietnam,VN,VNM,Bến Tre,,11051.0,1704171355
San José de Guaribe,San Jose de Guaribe,9.793,-65.8418,Venezuela,VE,VEN,Guárico,minor,11426.0,1862268251
Onoto,Onoto,9.5958,-65.1897,Venezuela,VE,VEN,Anzoátegui,minor,11378.0,1862162566
Thạnh Phú,Thanh Phu,9.9539,106.5069,Vietnam,VN,VNM,Bến Tre,minor,10331.0,1704975971
San José de Aerocuar,San Jose de Aerocuar,10.6027,-63.3273,Venezuela,VE,VEN,Sucre,minor,11162.0,1862054804
Tân Sơn,Tan Son,21.26,106.2681,Vietnam,VN,VNM,Bắc Giang,,9966.0,1704224355
Kiến Giang,Kien Giang,17.225,106.7917,Vietnam,VN,VNM,Quảng Bình,minor,10558.0,1704732074
Ngọc Sơn,Ngoc Son,21.35,106.0,Vietnam,VN,VNM,Bắc Giang,,9412.0,1704988443
Santa Bárbara,Santa Barbara,9.6,-63.6,Venezuela,VE,VEN,Monagas,minor,9809.0,1862125040
Nhân Trạch,Nhan Trach,19.05,105.55,Vietnam,VN,VNM,Nghệ An,,9028.0,1704211423
Ấp Tân Ngãi,Ap Tan Ngai,10.2369,106.2878,Vietnam,VN,VNM,Bến Tre,,8887.0,1704372907
Santa Ana,Santa Ana,9.2444,-64.6353,Venezuela,VE,VEN,Anzoátegui,minor,9636.0,1862862698
Uracoa,Uracoa,8.9129,-62.3508,Venezuela,VE,VEN,Monagas,minor,9625.0,1862113376
An Châu,An Chau,21.3333,106.85,Vietnam,VN,VNM,Bắc Giang,minor,9416.0,1704328955
Sa Pa,Sa Pa,22.3356,103.8419,Vietnam,VN,VNM,Lào Cai,minor,9412.0,1704426002
El Dorado,El Dorado,6.7167,-61.6167,Venezuela,VE,VEN,Bolívar,,2383.0,1862242782
Charlotte Amalie,Charlotte Amalie,18.342,-64.9331,U.S. Virgin Islands,VI,VIR,Virgin Islands,primary,,1850037473
Thị Trấn Mậu A,Thi Tran Mau A,21.8781,104.6956,Vietnam,VN,VNM,Yên Bái,,9942.0,1704902932
Luân Châu,Luan Chau,21.74,103.343,Vietnam,VN,VNM,Điện Biên,,7335.0,1704201464
El Manteco,El Manteco,7.3483,-62.5395,Venezuela,VE,VEN,Bolívar,,2215.0,1862113510
