city,city_ascii,lat,lng,country,iso2,iso3,admin_name,capital,population,id
Lagos,Lagos,6.455,3.3841,Nigeria,NG,NGA,Lagos,minor,16637000.0,1566593751
Kano,Kano,12.0,8.5167,Nigeria,NG,NGA,Kano,admin,3848885.0,1566422868
Abuja,Abuja,9.0667,7.4833,Nigeria,NG,NGA,Federal Capital Territory,primary,3770000.0,1566342270
Ibadan,Ibadan,7.3964,3.9167,Nigeria,NG,NGA,Oyo,admin,3552000.0,1566366407
Port Harcourt,Port Harcourt,4.8242,7.0336,Nigeria,NG,NGA,Rivers,admin,1865000.0,1566070649
Aba,Aba,5.1167,7.3667,Nigeria,NG,NGA,Abia,minor,1530000.0,1566262000
Onitsha,Onitsha,6.1667,6.7833,Nigeria,NG,NGA,Anambra,minor,1483000.0,1566593483
Amsterdam,Amsterdam,52.3728,4.8936,Netherlands,NL,NLD,Noord-Holland,primary,1459402.0,1528355309
Auckland,Auckland,-36.8406,174.74,New Zealand,NZ,NZL,Auckland,admin,1346091.0,1554435911
Maiduguri,Maiduguri,11.8333,13.15,Nigeria,NG,NGA,Borno,admin,1197497.0,1566540296
Benin City,Benin City,6.3333,5.6222,Nigeria,NG,NGA,Edo,admin,1147188.0,1566080151
Shagamu,Shagamu,6.8333,3.65,Nigeria,NG,NGA,Ogun,minor,1132270.0,1566202131
Ikare,Ikare,7.5167,5.75,Nigeria,NG,NGA,Ondo,minor,1099931.0,1566683694
Oslo,Oslo,59.9133,10.7389,Norway,NO,NOR,Oslo,primary,1064235.0,1578324706
Ogbomoso,Ogbomoso,8.1333,4.25,Nigeria,NG,NGA,Oyo,minor,1032000.0,1566373448
Managua,Managua,12.1544,-86.2738,Nicaragua,NI,NIC,Managua,primary,1028808.0,1558296252
Niamey,Niamey,13.515,2.1175,Niger,NE,NER,Niamey,primary,1026848.0,1562932886
Kathmandu,Kathmandu,27.7172,85.324,Nepal,NP,NPL,,primary,975453.0,1524589448
The Hague,The Hague,52.08,4.31,Netherlands,NL,NLD,Zuid-Holland,primary,548320.0,1528799905
Wellington,Wellington,-41.2889,174.7772,New Zealand,NZ,NZL,Wellington,primary,418500.0,1554772152
Nouméa,Noumea,-22.2758,166.458,New Caledonia,NC,NCL,Province Sud,primary,182341.0,1540958092
Alofi,Alofi,-19.056,-169.921,Niue,NU,NIU,,primary,1611.0,1570882835
Yaren,Yaren,-0.5477,166.9209,Nauru,NR,NRU,Yaren,primary,,1520790128
Kingston,Kingston,-29.0569,167.9617,Norfolk Island,NF,NFK,,primary,,1574121434
Owerri,Owerri,5.4833,7.0333,Nigeria,NG,NGA,Imo,admin,908109.0,1566679132
Abeokuta,Abeokuta,7.1608,3.3483,Nigeria,NG,NGA,Ogun,admin,888924.0,1566979497
Ikeja,Ikeja,6.6186,3.3426,Nigeria,NG,NGA,Lagos,admin,861300.0,1566486388
Akure,Akure,7.25,5.195,Nigeria,NG,NGA,Ondo,admin,847903.0,1566568277
Ilorin,Ilorin,8.5,4.55,Nigeria,NG,NGA,Kwara,admin,847582.0,1566480168
Warri,Warri,5.5167,5.75,Nigeria,NG,NGA,Delta,minor,830106.0,1566325734
Kaduna,Kaduna,10.5167,7.4333,Nigeria,NG,NGA,Kaduna,admin,760084.0,1566368729
Osogbo,Osogbo,7.7667,4.5667,Nigeria,NG,NGA,Osun,admin,731000.0,1566395088
Enugu,Enugu,6.4528,7.5111,Nigeria,NG,NGA,Enugu,admin,715774.0,1566212729
Bauchi,Bauchi,10.3158,9.8442,Nigeria,NG,NGA,Bauchi,admin,693700.0,1566483284
Jalingo,Jalingo,8.9195,11.3264,Nigeria,NG,NGA,Taraba,admin,660213.0,1566732241
Rotterdam,Rotterdam,51.9167,4.5,Netherlands,NL,NLD,Zuid-Holland,minor,631155.0,1528892850
Jos,Jos,9.9167,8.8903,Nigeria,NG,NGA,Plateau,admin,622802.0,1566773679
Ile-Ife,Ile-Ife,7.4667,4.5667,Nigeria,NG,NGA,Osun,minor,501952.0,1566756897
Agege,Agege,6.6219,3.3258,Nigeria,NG,NGA,Lagos,minor,459939.0,1566564887
Calabar,Calabar,4.9767,8.3383,Nigeria,NG,NGA,Cross River,admin,461796.0,1566495489
Ado-Ekiti,Ado-Ekiti,7.6167,5.2167,Nigeria,NG,NGA,Ekiti,admin,446749.0,1566196391
Somolu,Somolu,6.5408,3.3872,Nigeria,NG,NGA,Lagos,minor,403569.0,1566609760
Uyo,Uyo,5.05,7.9333,Nigeria,NG,NGA,Akwa Ibom,admin,429900.0,1566061694
Sokoto,Sokoto,13.0622,5.2339,Nigeria,NG,NGA,Sokoto,admin,427760.0,1566574518
Owo,Owo,7.1961,5.5864,Nigeria,NG,NGA,Ondo,minor,425700.0,1566833788
Ugep,Ugep,5.8,8.0833,Nigeria,NG,NGA,Cross River,minor,420000.0,1566000091
Zaria,Zaria,11.0667,7.7,Nigeria,NG,NGA,Kaduna,minor,408198.0,1566287704
Nnewi,Nnewi,6.0167,6.9167,Nigeria,NG,NGA,Anambra,minor,391227.0,1566097410
Yola,Yola,9.23,12.46,Nigeria,NG,NGA,Adamawa,admin,392854.0,1566782065
Gwoza,Gwoza,11.0861,13.6914,Nigeria,NG,NGA,Borno,minor,388600.0,1566834535
Saki,Saki,8.6667,3.4,Nigeria,NG,NGA,Oyo,minor,388225.0,1566404680
Oyo,Oyo,7.85,3.933,Nigeria,NG,NGA,Oyo,minor,386723.0,1566930579
Ilesa,Ilesa,7.6167,4.7167,Nigeria,NG,NGA,Osun,minor,384334.0,1566937414
Christchurch,Christchurch,-43.531,172.6365,New Zealand,NZ,NZL,Canterbury,admin,383200.0,1554377228
Gusau,Gusau,12.15,6.6667,Nigeria,NG,NGA,Zamfara,admin,383162.0,1566383682
Manukau City,Manukau City,-37.0,174.885,New Zealand,NZ,NZL,Auckland,,375600.0,1554797148
Bharatpur,Bharatpur,27.6833,84.4333,Nepal,NP,NPL,,,369377.0,1524780273
Utrecht,Utrecht,52.0833,5.1167,Netherlands,NL,NLD,Utrecht,admin,359370.0,1528871692
Umuahia,Umuahia,5.5333,7.4833,Nigeria,NG,NGA,Abia,admin,359230.0,1566217980
Pokhara,Pokhara,28.2083,83.9889,Nepal,NP,NPL,Gaṇḍakī,admin,353841.0,1524416084
Jitpur,Jitpur,27.6666,85.3333,Nepal,NP,NPL,,,337785.0,1524593184
Lafia,Lafia,8.5,8.5167,Nigeria,NG,NGA,Nasarawa,admin,330712.0,1566042542
Minna,Minna,9.6139,6.5569,Nigeria,NG,NGA,Niger,admin,322163.0,1566285237
Okene,Okene,7.55,6.2333,Nigeria,NG,NGA,Kogi,minor,320260.0,1566909987
Katsina,Katsina,12.9889,7.6008,Nigeria,NG,NGA,Katsina,admin,318459.0,1566777297
Boaco,Boaco,12.4719,-85.6594,Nicaragua,NI,NIC,Boaco,admin,317000.0,1558023610
Awka,Awka,6.2,7.0667,Nigeria,NG,NGA,Anambra,admin,301657.0,1566560581
Maastricht,Maastricht,50.85,5.6833,Netherlands,NL,NLD,Limburg,admin,277721.0,1528563623
Nguru,Nguru,12.8792,10.4525,Nigeria,NG,NGA,Yobe,minor,270632.0,1566737779
Maradi,Maradi,13.4833,7.1,Niger,NE,NER,Maradi,admin,267249.0,1562200314
Gombe,Gombe,10.2904,11.17,Nigeria,NG,NGA,Gombe,admin,270366.0,1566855445
Bergen,Bergen,60.3894,5.33,Norway,NO,NOR,Vestland,admin,267117.0,1578465701
Ondo,Ondo,7.0833,4.8333,Nigeria,NG,NGA,Ondo,minor,257005.0,1566993724
Damaturu,Damaturu,11.7444,11.9611,Nigeria,NG,NGA,Yobe,admin,255895.0,1566897107
Iwo,Iwo,7.6333,4.1833,Nigeria,NG,NGA,Osun,minor,250443.0,1566462707
Birāṭnagar,Biratnagar,26.4542,87.2797,Nepal,NP,NPL,Province Number One,admin,242548.0,1524520011
Sapele,Sapele,5.8261,5.6536,Nigeria,NG,NGA,Delta,minor,242652.0,1566310893
Stavanger,Stavanger,58.97,5.7314,Norway,NO,NOR,Rogaland,admin,237369.0,1578801684
Zinder,Zinder,13.8053,8.9883,Niger,NE,NER,Zinder,admin,235605.0,1562758258
Eindhoven,Eindhoven,51.4333,5.4833,Netherlands,NL,NLD,Noord-Brabant,minor,235691.0,1528636212
Sandnes,Sandnes,58.8517,5.7361,Norway,NO,NOR,Rogaland,minor,237369.0,1578525190
Groningen,Groningen,53.2167,6.5667,Netherlands,NL,NLD,Groningen,admin,233273.0,1528295161
Damboa,Damboa,11.15,12.75,Nigeria,NG,NGA,Borno,minor,233500.0,1566264329
Apapa,Apapa,6.45,3.3667,Nigeria,NG,NGA,Lagos,minor,217362.0,1566625487
Mubi,Mubi,10.2604,13.2606,Nigeria,NG,NGA,Adamawa,minor,225705.0,1566265170
Ijebu-Ode,Ijebu-Ode,6.8208,3.9208,Nigeria,NG,NGA,Ogun,minor,222653.0,1566495747
Tilburg,Tilburg,51.55,5.0833,Netherlands,NL,NLD,Noord-Brabant,minor,221947.0,1528817379
Osisioma,Osisioma,5.1497,7.3303,Nigeria,NG,NGA,Abia,minor,219632.0,1566203950
Almere,Almere,52.3667,5.2167,Netherlands,NL,NLD,Flevoland,minor,214715.0,1528683566
Kuje,Kuje,8.8822,7.2203,Nigeria,NG,NGA,Federal Capital Territory,minor,212100.0,1566591024
Burutu,Burutu,5.35,5.5167,Nigeria,NG,NGA,Delta,minor,209666.0,1566686777
Northcote,Northcote,-36.8019,174.7494,New Zealand,NZ,NZL,Auckland,,205605.0,1554717659
Waitakere,Waitakere,-36.85,174.543,New Zealand,NZ,NZL,Auckland,,208100.0,1554034359
Kukawa,Kukawa,12.9167,13.5667,Nigeria,NG,NGA,Borno,minor,203864.0,1566891739
Mai’Adua,Mai'Adua,13.1906,8.2117,Nigeria,NG,NGA,Katsina,minor,201178.0,1566695464
Isanlu,Isanlu,8.1667,5.8,Nigeria,NG,NGA,Kogi,minor,200000.0,1566562770
Trondheim,Trondheim,63.4297,10.3933,Norway,NO,NOR,Trøndelag,minor,194860.0,1578633461
Breda,Breda,51.5889,4.7758,Netherlands,NL,NLD,Noord-Brabant,minor,184126.0,1528921549
Epe,Epe,6.5573,3.9912,Nigeria,NG,NGA,Lagos,minor,181409.0,1566461573
Funtua,Funtua,11.5204,7.32,Nigeria,NG,NGA,Katsina,minor,180475.0,1566877863
Nijmegen,Nijmegen,51.8475,5.8625,Netherlands,NL,NLD,Gelderland,minor,177659.0,1528136727
Bida,Bida,9.0804,6.01,Nigeria,NG,NGA,Niger,minor,173849.0,1566468363
Hamilton,Hamilton,-37.7833,175.2833,New Zealand,NZ,NZL,Waikato,admin,176500.0,1554873040
Biu,Biu,10.6111,12.195,Nigeria,NG,NGA,Borno,minor,176072.0,1566675681
León,Leon,12.4344,-86.8775,Nicaragua,NI,NIC,León,admin,174051.0,1558654236
Makurdi,Makurdi,7.7306,8.5361,Nigeria,NG,NGA,Benue,admin,170925.0,1566873994
Haarlem,Haarlem,52.3833,4.6333,Netherlands,NL,NLD,Noord-Holland,admin,162902.0,1528822178
Arnhem,Arnhem,51.9833,5.9167,Netherlands,NL,NLD,Gelderland,admin,164096.0,1528862562
Apeldoorn,Apeldoorn,52.2167,5.9667,Netherlands,NL,NLD,Gelderland,minor,161156.0,1528057552
Enschede,Enschede,52.2167,6.9,Netherlands,NL,NLD,Overijssel,minor,159703.0,1528181808
Ede,Ede,7.7389,4.4361,Nigeria,NG,NGA,Osun,minor,159866.0,1566336253
Amersfoort,Amersfoort,52.15,5.3833,Netherlands,NL,NLD,Utrecht,minor,157462.0,1528206992
’s-Hertogenbosch,'s-Hertogenbosch,51.6833,5.3,Netherlands,NL,NLD,Noord-Brabant,admin,157486.0,1528012333
Zaanstad,Zaanstad,52.4697,4.7767,Netherlands,NL,NLD,Noord-Holland,,156901.0,1528395473
Hoofddorp,Hoofddorp,52.3061,4.6907,Netherlands,NL,NLD,Noord-Holland,minor,157789.0,1528519634
Ghorāhī,Ghorahi,28.0333,82.4833,Nepal,NP,NPL,,,156164.0,1524494654
Kisi,Kisi,9.0833,3.85,Nigeria,NG,NGA,Oyo,minor,155510.0,1566512059
Zango,Zango,12.9333,8.5333,Nigeria,NG,NGA,Katsina,minor,154743.0,1566483135
Dutse,Dutse,11.8283,9.3158,Nigeria,NG,NGA,Jigawa,admin,153000.0,1566855083
Tauranga,Tauranga,-37.6833,176.1667,New Zealand,NZ,NZL,Bay of Plenty,,151300.0,1554759867
Auchi,Auchi,7.0667,6.2667,Nigeria,NG,NGA,Edo,minor,150000.0,1566873539
Masaya,Masaya,11.9764,-86.0875,Nicaragua,NI,NIC,Masaya,admin,139582.0,1558765329
Birgañj,Birganj,27.0,84.8667,Nepal,NP,NPL,,,135904.0,1524676691
Igboho,Igboho,8.8333,3.75,Nigeria,NG,NGA,Oyo,minor,136772.0,1566640824
Ipetumodu,Ipetumodu,7.507,4.4447,Nigeria,NG,NGA,Osun,minor,135000.0,1566155015
Matagalpa,Matagalpa,12.9286,-85.9178,Nicaragua,NI,NIC,Matagalpa,admin,133416.0,1558728443
Zwolle,Zwolle,52.5167,6.1,Netherlands,NL,NLD,Overijssel,admin,129840.0,1528690076
Leiden,Leiden,52.16,4.49,Netherlands,NL,NLD,Zuid-Holland,minor,124899.0,1528966223
Zoetermeer,Zoetermeer,52.0667,4.5,Netherlands,NL,NLD,Zuid-Holland,minor,125267.0,1528416914
Gashua,Gashua,12.8681,11.0464,Nigeria,NG,NGA,Yobe,minor,125817.0,1566925429
Leeuwarden,Leeuwarden,53.2,5.7833,Netherlands,NL,NLD,Fryslân,admin,124481.0,1528992603
Chinandega,Chinandega,12.6297,-87.1283,Nicaragua,NI,NIC,Chinandega,admin,121793.0,1558172276
Unwana,Unwana,5.8625,7.9486,Nigeria,NG,NGA,Abia,,120000.0,1566334848
Ilobu,Ilobu,7.84,4.486,Nigeria,NG,NGA,Osun,minor,118097.0,1566604971
Dordrecht,Dordrecht,51.7958,4.6783,Netherlands,NL,NLD,Zuid-Holland,minor,119115.0,1528952691
Butwāl,Butwal,27.7,83.466,Nepal,NP,NPL,Lumbinī,admin,118462.0,1524843250
Bama,Bama,11.5189,13.6842,Nigeria,NG,NGA,Borno,minor,118121.0,1566590565
Tahoua,Tahoua,14.8903,5.2642,Niger,NE,NER,Tahoua,admin,117826.0,1562214493
Agadez,Agadez,16.9959,7.9828,Niger,NE,NER,Agadez,admin,117770.0,1562789067
Dharān,Dharan,26.8167,87.2833,Nepal,NP,NPL,,,116181.0,1524888375
Sandvika,Sandvika,59.8833,10.5167,Norway,NO,NOR,Viken,minor,115543.0,1578704639
Alphen aan den Rijn,Alphen aan den Rijn,52.1333,4.6667,Netherlands,NL,NLD,Zuid-Holland,minor,112587.0,1528593016
Kristiansand,Kristiansand,58.1472,7.9972,Norway,NO,NOR,Agder,minor,113737.0,1578642977
Alkmaar,Alkmaar,52.6333,4.75,Netherlands,NL,NLD,Noord-Holland,minor,109896.0,1528566376
Estelí,Esteli,13.0933,-86.3547,Nicaragua,NI,NIC,Estelí,admin,112084.0,1558801854
Nsukka,Nsukka,6.8567,7.3958,Nigeria,NG,NGA,Enugu,minor,111017.0,1566882360
Sabara Bangou,Sabara Bangou,15.1177,1.996,Niger,NE,NER,Tillabéri,,111490.0,1562582841
Nkpor,Nkpor,6.15,6.8333,Nigeria,NG,NGA,Anambra,,109377.0,1566172737
Itele,Itele,6.7667,4.0625,Nigeria,NG,NGA,Ogun,,110196.0,1566450486
Drammen,Drammen,59.7378,10.205,Norway,NO,NOR,Viken,minor,109416.0,1578937195
Tipitapa,Tipitapa,12.1964,-86.0969,Nicaragua,NI,NIC,Managua,minor,108457.0,1558753915
Birnin Kebbi,Birnin Kebbi,12.4504,4.1999,Nigeria,NG,NGA,Kebbi,admin,108164.0,1566191812
Delft,Delft,52.0117,4.3592,Netherlands,NL,NLD,Zuid-Holland,minor,103581.0,1528448452
Emmen,Emmen,52.7833,6.9,Netherlands,NL,NLD,Drenthe,minor,107471.0,1528332075
Azare,Azare,11.6742,10.1911,Nigeria,NG,NGA,Bauchi,minor,105687.0,1566322480
Granada,Granada,11.9347,-85.9589,Nicaragua,NI,NIC,Granada,admin,105171.0,1558101678
Lower Hutt,Lower Hutt,-41.2167,174.9167,New Zealand,NZ,NZL,Wellington,,103400.0,1554623632
Dhangaḍhi̇̄,Dhangadhi,28.7136,80.5692,Nepal,NP,NPL,,,101970.0,1524561456
Deventer,Deventer,52.25,6.15,Netherlands,NL,NLD,Overijssel,minor,101236.0,1528681564
Dunedin,Dunedin,-45.8742,170.5036,New Zealand,NZ,NZL,Otago,admin,99885.0,1554475997
Jinotega,Jinotega,13.0908,-86.0006,Nicaragua,NI,NIC,Jinotega,admin,99382.0,1558697688
Janakpur,Janakpur,26.7286,85.925,Nepal,NP,NPL,Madhesh,admin,97776.0,1524563587
Amstelveen,Amstelveen,52.3,4.85,Netherlands,NL,NLD,Noord-Holland,minor,91675.0,1528243202
Heṭauḍā,Hetauda,27.4167,85.0333,Nepal,NP,NPL,Bāgmatī,admin,84671.0,1524551914
Purmerend,Purmerend,52.5,4.95,Netherlands,NL,NLD,Noord-Holland,minor,81515.0,1528918720
Kirtipur,Kirtipur,27.6667,85.2833,Nepal,NP,NPL,,,65602.0,1524402867
Schiedam,Schiedam,51.9167,4.4,Netherlands,NL,NLD,Zuid-Holland,minor,79279.0,1528910170
Zaandam,Zaandam,52.4333,4.8333,Netherlands,NL,NLD,Noord-Holland,minor,78682.0,1528041299
Lelystad,Lelystad,52.5,5.4833,Netherlands,NL,NLD,Flevoland,admin,79811.0,1528990721
Godāwari̇̄,Godawari,28.91,80.59,Nepal,NP,NPL,Sudūrpashchim,admin,78018.0,1524020578
Gouda,Gouda,52.0111,4.7111,Netherlands,NL,NLD,Zuid-Holland,minor,73681.0,1528695192
Vlaardingen,Vlaardingen,51.9,4.35,Netherlands,NL,NLD,Zuid-Holland,minor,73924.0,1528137355
Palmerston North,Palmerston North,-40.355,175.6117,New Zealand,NZ,NZL,Manawatu-Wanganui,admin,76236.0,1554138183
Spijkenisse,Spijkenisse,51.85,4.3333,Netherlands,NL,NLD,Zuid-Holland,minor,72740.0,1528234095
Capelle aan den IJssel,Capelle aan den IJssel,51.9333,4.5833,Netherlands,NL,NLD,Zuid-Holland,minor,67319.0,1528883195
Veenendaal,Veenendaal,52.0167,5.55,Netherlands,NL,NLD,Utrecht,minor,66912.0,1528062494
Assen,Assen,53.0,6.5667,Netherlands,NL,NLD,Drenthe,admin,68836.0,1528917714
Katwijk,Katwijk,52.2,4.4167,Netherlands,NL,NLD,Zuid-Holland,minor,65995.0,1528804942
Bilwi,Bilwi,14.0297,-83.3833,Nicaragua,NI,NIC,Costa Caribe Norte,admin,66169.0,1558656214
Scheveningen,Scheveningen,52.1081,4.2731,Netherlands,NL,NLD,Zuid-Holland,,58850.0,1528986041
Napier,Napier,-39.4903,176.9178,New Zealand,NZ,NZL,Hawke’s Bay,admin,62241.0,1554064936
Lokoja,Lokoja,7.8019,6.7442,Nigeria,NG,NGA,Kogi,admin,60579.0,1566772925
Juigalpa,Juigalpa,12.1083,-85.3694,Nicaragua,NI,NIC,Chontales,admin,60583.0,1558986603
Rijswijk,Rijswijk,52.0456,4.33,Netherlands,NL,NLD,Zuid-Holland,minor,55220.0,1528456884
Dosso,Dosso,13.05,3.2,Niger,NE,NER,Dosso,admin,58671.0,1562574611
Skien,Skien,59.2081,9.5528,Norway,NO,NOR,Vestfold og Telemark,admin,55513.0,1578807356
Bodø,Bodo,67.2827,14.3751,Norway,NO,NOR,Nordland,admin,52803.0,1578023501
Jinotepe,Jinotepe,11.8472,-86.1997,Nicaragua,NI,NIC,Carazo,admin,52175.0,1558246417
Whangarei,Whangarei,-35.725,174.3236,New Zealand,NZ,NZL,Northland,admin,50784.0,1554000636
Barendrecht,Barendrecht,51.85,4.5333,Netherlands,NL,NLD,Zuid-Holland,minor,48673.0,1528438292
Schagen,Schagen,52.7833,4.8,Netherlands,NL,NLD,Noord-Holland,minor,46553.0,1528010358
Middelburg,Middelburg,51.5,3.6167,Netherlands,NL,NLD,Zeeland,admin,47939.0,1528241984
Birendranagar,Birendranagar,28.6,81.6333,Nepal,NP,NPL,Karṇālī,admin,47914.0,1524574121
Invercargill,Invercargill,-46.4131,168.3475,New Zealand,NZ,NZL,Southland,admin,47625.0,1554148942
Kerkrade,Kerkrade,50.8667,6.0667,Netherlands,NL,NLD,Limburg,minor,45642.0,1528289295
Nelson,Nelson,-41.2708,173.2839,New Zealand,NZ,NZL,Nelson,admin,46437.0,1554017097
Arendal,Arendal,58.4608,8.7664,Norway,NO,NOR,Agder,admin,45509.0,1578533046
Bluefields,Bluefields,12.0139,-83.7644,Nicaragua,NI,NIC,Costa Caribe Sur,admin,45547.0,1558301368
Beverwijk,Beverwijk,52.4833,4.65,Netherlands,NL,NLD,Noord-Holland,minor,41863.0,1528896975
Rivas,Rivas,11.4386,-85.8286,Nicaragua,NI,NIC,Rivas,admin,41080.0,1558146594
Tromsø,Tromso,69.6828,18.9428,Norway,NO,NOR,Troms og Finnmark,admin,38980.0,1578188822
Hoogvliet,Hoogvliet,51.8667,4.35,Netherlands,NL,NLD,Zuid-Holland,,35575.0,1528815717
San Carlos,San Carlos,11.1236,-84.778,Nicaragua,NI,NIC,Río San Juan,admin,37461.0,1558170572
Maassluis,Maassluis,51.9333,4.2333,Netherlands,NL,NLD,Zuid-Holland,minor,33567.0,1528829387
Gisborne,Gisborne,-38.6625,178.0178,New Zealand,NZ,NZL,Gisborne,admin,34527.0,1554359840
Papendrecht,Papendrecht,51.8333,4.6833,Netherlands,NL,NLD,Zuid-Holland,minor,32290.0,1528603261
Bussum,Bussum,52.2833,5.1667,Netherlands,NL,NLD,Noord-Holland,minor,32410.0,1528731782
Ocotal,Ocotal,13.6336,-86.4753,Nicaragua,NI,NIC,Nueva Segovia,admin,34580.0,1558006000
Hendrik-Ido-Ambacht,Hendrik-Ido-Ambacht,51.85,4.6333,Netherlands,NL,NLD,Zuid-Holland,minor,31258.0,1528804375
Somoto,Somoto,13.4842,-86.5817,Nicaragua,NI,NIC,Madriz,admin,33788.0,1558605178
Diemen,Diemen,52.3333,4.9667,Netherlands,NL,NLD,Noord-Holland,minor,31334.0,1528749595
Krimpen aan den IJssel,Krimpen aan den IJssel,51.9167,4.5833,Netherlands,NL,NLD,Zuid-Holland,minor,29410.0,1528654636
Molde,Molde,62.7375,7.1591,Norway,NO,NOR,Møre og Romsdal,admin,32002.0,1578540727
Vleuten,Vleuten,52.1081,5.015,Netherlands,NL,NLD,Utrecht,,27815.0,1528752483
Diffa,Diffa,13.3171,12.6089,Niger,NE,NER,Diffa,admin,30988.0,1562050464
Siraha,Siraha,26.6528,86.2069,Nepal,NP,NPL,,,28442.0,1524369856
Heemstede,Heemstede,52.35,4.6167,Netherlands,NL,NLD,Noord-Holland,minor,27545.0,1528827638
Geldrop,Geldrop,51.4222,5.5578,Netherlands,NL,NLD,Noord-Brabant,minor,28001.0,1528955608
Leiderdorp,Leiderdorp,52.1667,4.5333,Netherlands,NL,NLD,Zuid-Holland,minor,27377.0,1528990353
Oegstgeest,Oegstgeest,52.1833,4.4667,Netherlands,NL,NLD,Zuid-Holland,minor,25064.0,1528455119
Hamar,Hamar,60.7945,11.0679,Norway,NO,NOR,Innlandet,admin,27947.0,1578111692
Voorschoten,Voorschoten,52.1333,4.45,Netherlands,NL,NLD,Zuid-Holland,minor,25650.0,1528045631
Blenheim,Blenheim,-41.5167,173.95,New Zealand,NZ,NZL,Marlborough,admin,26400.0,1554001426
De Meern,De Meern,52.0781,5.0281,Netherlands,NL,NLD,Utrecht,,21815.0,1528629821
Krommenie,Krommenie,52.5,4.7667,Netherlands,NL,NLD,Noord-Holland,,18955.0,1528703379
Alblasserdam,Alblasserdam,51.8702,4.6667,Netherlands,NL,NLD,Zuid-Holland,minor,20136.0,1528038126
Glanerbrug,Glanerbrug,52.215,6.9742,Netherlands,NL,NLD,Overijssel,,16715.0,1528488534
Tillabéri,Tillaberi,14.212,1.4531,Niger,NE,NER,Tillabéri,admin,19262.0,1562317955
Boskoop,Boskoop,52.0667,4.65,Netherlands,NL,NLD,Zuid-Holland,minor,15045.0,1528548722
Richmond,Richmond,-41.3333,173.1833,New Zealand,NZ,NZL,Tasman,admin,15000.0,1554001427
Whakatane,Whakatane,-37.96,176.98,New Zealand,NZ,NZL,Bay of Plenty,admin,15795.0,1554253729
Koog aan de Zaan,Koog aan de Zaan,52.4667,4.8,Netherlands,NL,NLD,Noord-Holland,,11225.0,1528862520
Steinkjer,Steinkjer,64.0148,11.4954,Norway,NO,NOR,Trøndelag,admin,12985.0,1578642047
Zaandijk,Zaandijk,52.4667,4.8,Netherlands,NL,NLD,Noord-Holland,,8600.0,1528388373
Koné,Kone,-21.059,164.8518,New Caledonia,NC,NCL,Province Nord,admin,8144.0,1540397627
Greymouth,Greymouth,-42.45,171.2075,New Zealand,NZ,NZL,West Coast,admin,7965.0,1554984303
Stratford,Stratford,-39.3333,174.2833,New Zealand,NZ,NZL,Taranaki,admin,5740.0,1554001293
Asaba,Asaba,6.1833,6.75,Nigeria,NG,NGA,Delta,admin,,1566322425
Yenagoa,Yenagoa,4.9267,6.2676,Nigeria,NG,NGA,Bayelsa,admin,,1566468984
Abakaliki,Abakaliki,6.3249,8.1137,Nigeria,NG,NGA,Ebonyi,admin,,1566879878
Waitangi,Waitangi,-43.9514,-176.5611,New Zealand,NZ,NZL,Chatham Islands,admin,177.0,1554847194
Wé,We,-20.9167,167.2653,New Caledonia,NC,NCL,Province Îles,admin,,1540672599
Kontagora,Kontagora,10.403,5.473,Nigeria,NG,NGA,Niger,minor,98754.0,1566599231
Iseyin,Iseyin,7.9667,3.6,Nigeria,NG,NGA,Oyo,minor,98071.0,1566714777
Helmond,Helmond,51.4833,5.65,Netherlands,NL,NLD,Noord-Brabant,minor,92627.0,1528158256
Hilversum,Hilversum,52.2333,5.1667,Netherlands,NL,NLD,Noord-Holland,minor,91235.0,1528160832
Oss,Oss,51.7667,5.5167,Netherlands,NL,NLD,Noord-Brabant,minor,92526.0,1528488100
Wukari,Wukari,7.8704,9.78,Nigeria,NG,NGA,Taraba,minor,92933.0,1566025302
Heerlen,Heerlen,50.8833,5.9833,Netherlands,NL,NLD,Limburg,minor,86936.0,1528095552
Keffi,Keffi,8.8464,7.8733,Nigeria,NG,NGA,Nasarawa,minor,85911.0,1566364417
Potiskum,Potiskum,11.7104,11.08,Nigeria,NG,NGA,Yobe,minor,86002.0,1566461523
Fredrikstad,Fredrikstad,59.2053,10.95,Norway,NO,NOR,Viken,minor,83892.0,1578625656
Bhaktapur,Bhaktapur,27.6722,85.4278,Nepal,NP,NPL,,,81748.0,1524449093
Hengelo,Hengelo,52.2656,6.7931,Netherlands,NL,NLD,Overijssel,minor,81049.0,1528989102
Idah,Idah,7.0833,6.75,Nigeria,NG,NGA,Kogi,minor,79815.0,1566566689
Arlit,Arlit,18.7333,7.3833,Niger,NE,NER,Agadez,minor,78651.0,1562695011
Roosendaal,Roosendaal,51.5333,4.45,Netherlands,NL,NLD,Noord-Brabant,minor,77200.0,1528671703
Numan,Numan,9.4536,11.8367,Nigeria,NG,NGA,Adamawa,minor,77617.0,1566815415
El Viejo,El Viejo,12.6631,-87.1694,Nicaragua,NI,NIC,Chinandega,minor,76775.0,1558770292
Ciudad Sandino,Ciudad Sandino,12.1667,-86.3553,Nicaragua,NI,NIC,Managua,minor,75083.0,1558641363
Iju,Iju,6.6107,3.0857,Nigeria,NG,NGA,Ogun,,75000.0,1566694893
Īṭahari̇̄,Itahari,26.6631,87.2744,Nepal,NP,NPL,,,74501.0,1524696654
Hoorn,Hoorn,52.65,5.0667,Netherlands,NL,NLD,Noord-Holland,minor,73619.0,1528487371
Almelo,Almelo,52.35,6.6667,Netherlands,NL,NLD,Overijssel,minor,73132.0,1528084436
Siuna,Siuna,13.7347,-84.7783,Nicaragua,NI,NIC,Costa Caribe Norte,minor,73730.0,1558482501
Nepālgañj,Nepalganj,28.05,81.6167,Nepal,NP,NPL,,,72503.0,1524207917
Sanwal,Sanwal,27.6061,83.6606,Nepal,NP,NPL,,,72621.0,1524197976
Ede,Ede,52.05,5.6667,Netherlands,NL,NLD,Gelderland,minor,72460.0,1528361626
Velsen-Zuid,Velsen-Zuid,52.4667,4.6167,Netherlands,NL,NLD,Noord-Holland,,68617.0,1528400159
Igbanke,Igbanke,6.3869,6.1647,Nigeria,NG,NGA,Edo,,68500.0,1566776421
Otukpo,Otukpo,7.1904,8.13,Nigeria,NG,NGA,Benue,minor,68220.0,1566465153
Bergen op Zoom,Bergen op Zoom,51.5,4.3,Netherlands,NL,NLD,Noord-Brabant,minor,67514.0,1528854489
Nueva Guinea,Nueva Guinea,11.6867,-84.4561,Nicaragua,NI,NIC,Costa Caribe Sur,minor,66936.0,1558868719
Zeist,Zeist,52.0906,5.2331,Netherlands,NL,NLD,Utrecht,minor,65043.0,1528328689
Chibok,Chibok,10.8697,12.8467,Nigeria,NG,NGA,Borno,minor,66105.0,1566191891
Nieuwegein,Nieuwegein,52.0333,5.0833,Netherlands,NL,NLD,Utrecht,minor,63866.0,1528701694
Birnin Konni,Birnin Konni,13.7904,5.2599,Niger,NE,NER,Tahoua,minor,65252.0,1562868655
Sandefjord,Sandefjord,59.1306,10.2167,Norway,NO,NOR,Vestfold og Telemark,,64943.0,1578389701
Bhairāhawā,Bhairahawa,27.5,83.45,Nepal,NP,NPL,,,63483.0,1524444140
Asker,Asker,59.8331,10.4392,Norway,NO,NOR,Viken,minor,61523.0,1578961890
Nordre Fåle,Nordre Fale,59.75,10.8667,Norway,NO,NOR,Viken,,61032.0,1578002015
Barneveld,Barneveld,52.1333,5.5833,Netherlands,NL,NLD,Gelderland,minor,59992.0,1528016658
Hardenberg,Hardenberg,52.5667,6.6167,Netherlands,NL,NLD,Overijssel,minor,59689.0,1528418697
Heerhugowaard,Heerhugowaard,52.6667,4.8333,Netherlands,NL,NLD,Noord-Holland,minor,58387.0,1528560409
Doetinchem,Doetinchem,51.9667,6.3,Netherlands,NL,NLD,Gelderland,minor,58270.0,1528625414
Abaji,Abaji,8.4756,6.9433,Nigeria,NG,NGA,Federal Capital Territory,minor,58444.0,1566650592
Matamey,Matamey,13.4,8.6,Niger,NE,NER,Zinder,,58025.0,1562731904
Tønsberg,Tonsberg,59.2981,10.4236,Norway,NO,NOR,Vestfold og Telemark,minor,57794.0,1578658467
Roermond,Roermond,51.2,5.9833,Netherlands,NL,NLD,Limburg,minor,57308.0,1528173066
Diriamba,Diriamba,11.8564,-86.2403,Nicaragua,NI,NIC,Carazo,minor,57542.0,1558411169
Wiwilí,Wiwili,13.6197,-85.8183,Nicaragua,NI,NIC,Nueva Segovia,minor,57485.0,1558766877
Ipele,Ipele,7.1333,5.6667,Nigeria,NG,NGA,Ondo,,57000.0,1566772510
Oosterhout,Oosterhout,51.6431,4.8569,Netherlands,NL,NLD,Noord-Brabant,minor,56206.0,1528012745
Den Helder,Den Helder,52.9333,4.75,Netherlands,NL,NLD,Noord-Holland,minor,56582.0,1528605675
Tilakpur,Tilakpur,28.5278,81.1189,Nepal,NP,NPL,,,56127.0,1524027768
Gulariyā,Gulariya,28.2056,81.3472,Nepal,NP,NPL,,,55747.0,1524608654
Oke-Mesi,Oke-Mesi,7.8167,4.9167,Nigeria,NG,NGA,Ekiti,,56000.0,1566922020
Hoogeveen,Hoogeveen,52.7333,6.4833,Netherlands,NL,NLD,Drenthe,minor,55603.0,1528912562
Porirua,Porirua,-41.1333,174.85,New Zealand,NZ,NZL,Wellington,,55218.0,1554561880
Sarpsborg,Sarpsborg,59.2858,11.1119,Norway,NO,NOR,Viken,minor,54678.0,1578097769
Kampen,Kampen,52.55,5.9167,Netherlands,NL,NLD,Overijssel,minor,54474.0,1528270646
Terneuzen,Terneuzen,51.3333,3.8333,Netherlands,NL,NLD,Zeeland,minor,54589.0,1528400291
Jalapa,Jalapa,13.9222,-86.1253,Nicaragua,NI,NIC,Nueva Segovia,minor,54491.0,1558183579
El Rama,El Rama,12.1617,-84.2194,Nicaragua,NI,NIC,Costa Caribe Sur,minor,54337.0,1558512996
Rotorua,Rotorua,-38.1378,176.2514,New Zealand,NZ,NZL,Bay of Plenty,,54204.0,1554000379
New Plymouth,New Plymouth,-39.0578,174.0742,New Zealand,NZ,NZL,Taranaki,,53988.0,1554939405
Woerden,Woerden,52.0833,4.8833,Netherlands,NL,NLD,Utrecht,minor,52694.0,1528805215
Ålesund,Alesund,62.474,6.1582,Norway,NO,NOR,Møre og Romsdal,minor,52163.0,1578050516
Tulsīpur,Tulsipur,28.1278,82.2956,Nepal,NP,NPL,,,51537.0,1524921574
Houten,Houten,52.0333,5.1667,Netherlands,NL,NLD,Utrecht,minor,50223.0,1528005173
Moss,Moss,59.4592,10.7008,Norway,NO,NOR,Viken,minor,50290.0,1578386435
Sittard,Sittard,51.0,5.8667,Netherlands,NL,NLD,Limburg,minor,49483.0,1528793014
Ikot Okoro,Ikot Okoro,4.9,7.7167,Nigeria,NG,NGA,Akwa Ibom,,50000.0,1566577228
Weert,Weert,51.25,5.7,Netherlands,NL,NLD,Limburg,minor,50011.0,1528448216
IJmuiden,IJmuiden,52.4586,4.6194,Netherlands,NL,NLD,Noord-Holland,minor,48320.0,1528185831
Harderwijk,Harderwijk,52.35,5.6167,Netherlands,NL,NLD,Gelderland,minor,48726.0,1528263150
Waalwijk,Waalwijk,51.6833,5.0667,Netherlands,NL,NLD,Noord-Brabant,minor,48815.0,1528562202
Mulukukú,Mulukuku,13.1764,-84.9564,Nicaragua,NI,NIC,Costa Caribe Norte,minor,49339.0,1558000015
Zutphen,Zutphen,52.14,6.195,Netherlands,NL,NLD,Gelderland,minor,47423.0,1528580352
Ridderkerk,Ridderkerk,51.8667,4.6,Netherlands,NL,NLD,Zuid-Holland,minor,46671.0,1528684351
Soest,Soest,52.1833,5.3,Netherlands,NL,NLD,Utrecht,minor,46906.0,1528216001
Waspán,Waspan,14.7408,-83.9728,Nicaragua,NI,NIC,Costa Caribe Norte,minor,47231.0,1558840115
Veldhoven,Veldhoven,51.42,5.405,Netherlands,NL,NLD,Noord-Brabant,minor,45500.0,1528462700
Zwijndrecht,Zwijndrecht,51.8167,4.65,Netherlands,NL,NLD,Zuid-Holland,minor,44775.0,1528524104
Chichigalpa,Chichigalpa,12.5722,-87.0267,Nicaragua,NI,NIC,Chinandega,minor,46185.0,1558921284
Drachten,Drachten,53.1,6.1,Netherlands,NL,NLD,Fryslân,minor,45186.0,1528367114
Gaya,Gaya,11.8878,3.4467,Niger,NE,NER,Dosso,minor,45465.0,1562298335
Heusden,Heusden,51.6998,5.166,Netherlands,NL,NLD,Noord-Brabant,,45005.0,1528318846
Medemblik,Medemblik,52.6833,5.0333,Netherlands,NL,NLD,Noord-Holland,,45165.0,1528256385
Lørenskog,Lorenskog,59.8989,10.9642,Norway,NO,NOR,Viken,minor,44693.0,1578059629
Zevenaar,Zevenaar,51.9167,6.0667,Netherlands,NL,NLD,Gelderland,minor,44096.0,1528993139
Noordwijk,Noordwijk,52.2333,4.4333,Netherlands,NL,NLD,Zuid-Holland,minor,44062.0,1528932000
Etten-Leur,Etten-Leur,51.5667,4.6333,Netherlands,NL,NLD,Noord-Brabant,minor,43869.0,1528512039
Vlissingen,Vlissingen,51.45,3.5667,Netherlands,NL,NLD,Zeeland,minor,44417.0,1528524195
Rheden,Rheden,52.0167,6.05,Netherlands,NL,NLD,Gelderland,,43816.0,1528068057
Nijkerk,Nijkerk,52.2333,5.4833,Netherlands,NL,NLD,Gelderland,minor,43600.0,1528422817
De Bilt,De Bilt,52.1167,5.2,Netherlands,NL,NLD,Utrecht,,43384.0,1528141084
Venray,Venray,51.5333,5.9833,Netherlands,NL,NLD,Limburg,minor,43713.0,1528891119
Waslala,Waslala,13.3367,-85.3708,Nicaragua,NI,NIC,Costa Caribe Norte,,43676.0,1558730387
El Cuá,El Cua,13.3678,-85.6725,Nicaragua,NI,NIC,Jinotega,minor,43305.0,1558463653
Kalaiyā,Kalaiya,27.0333,85.0,Nepal,NP,NPL,,,42826.0,1524196942
Tiel,Tiel,51.8833,5.4333,Netherlands,NL,NLD,Gelderland,minor,41978.0,1528386027
Itapa-Ekiti,Itapa-Ekiti,7.8131,5.3844,Nigeria,NG,NGA,Ekiti,,42509.0,1566000321
Huizen,Huizen,52.3,5.25,Netherlands,NL,NLD,Noord-Holland,minor,41090.0,1528154484
San Rafael del Sur,San Rafael del Sur,11.8458,-86.4389,Nicaragua,NI,NIC,Managua,minor,42417.0,1558570848
Uden,Uden,51.65,5.6167,Netherlands,NL,NLD,Noord-Brabant,minor,41782.0,1528113509
Kollo,Kollo,13.0167,1.8833,Niger,NE,NER,Tillabéri,,42192.0,1562112321
Dronten,Dronten,52.5167,5.7167,Netherlands,NL,NLD,Flevoland,minor,42011.0,1528712239
San José de Bocay,San Jose de Bocay,13.5428,-85.5397,Nicaragua,NI,NIC,Jinotega,minor,42029.0,1558566609
Wijchen,Wijchen,51.8,5.7333,Netherlands,NL,NLD,Gelderland,minor,41261.0,1528300433
Hellevoetsluis,Hellevoetsluis,51.8167,4.1333,Netherlands,NL,NLD,Zuid-Holland,minor,40312.0,1528739669
Matiguás,Matiguas,12.8372,-85.4619,Nicaragua,NI,NIC,Matagalpa,minor,41127.0,1558837403
Upper Hutt,Upper Hutt,-41.1333,175.05,New Zealand,NZ,NZL,Wellington,,41000.0,1554000042
Ciudad Darío,Ciudad Dario,12.7322,-86.1233,Nicaragua,NI,NIC,Matagalpa,minor,41014.0,1558651455
Maarssen,Maarssen,52.1351,5.0413,Netherlands,NL,NLD,Utrecht,minor,39752.0,1528103509
Wageningen,Wageningen,51.9667,5.6667,Netherlands,NL,NLD,Gelderland,minor,39635.0,1528070340
Heemskerk,Heemskerk,52.5167,4.6667,Netherlands,NL,NLD,Noord-Holland,minor,39191.0,1528784023
Whanganui,Whanganui,-39.9325,175.0519,New Zealand,NZ,NZL,Manawatu-Wanganui,,39400.0,1554827998
Gorinchem,Gorinchem,51.8306,4.9742,Netherlands,NL,NLD,Zuid-Holland,minor,37410.0,1528005855
Landgraaf,Landgraaf,50.9083,6.0297,Netherlands,NL,NLD,Limburg,minor,37591.0,1528095847
Teijlingen,Teijlingen,52.215,4.5103,Netherlands,NL,NLD,Zuid-Holland,,37791.0,1528639045
Veghel,Veghel,51.6167,5.55,Netherlands,NL,NLD,Noord-Brabant,minor,38077.0,1528658070
Nindirí,Nindiri,12.0031,-86.1178,Nicaragua,NI,NIC,Masaya,minor,38355.0,1558216045
Hanumānnagar,Hanumannagar,26.5394,86.7483,Nepal,NP,NPL,,,37738.0,1524363655
Venlo,Venlo,51.3667,6.1667,Netherlands,NL,NLD,Limburg,minor,37663.0,1528690544
Goes,Goes,51.5,3.8833,Netherlands,NL,NLD,Zeeland,minor,37739.0,1528134132
Raalte,Raalte,52.3833,6.2667,Netherlands,NL,NLD,Overijssel,minor,37911.0,1528789271
Haugesund,Haugesund,59.4464,5.2983,Norway,NO,NOR,Rogaland,minor,37444.0,1578805813
Nandaime,Nandaime,11.7569,-86.0528,Nicaragua,NI,NIC,Granada,minor,37413.0,1558998589
Moerdijk,Moerdijk,51.65,4.6,Netherlands,NL,NLD,Noord-Brabant,,37185.0,1528060110
Porsgrunn,Porsgrunn,59.1156,9.71,Norway,NO,NOR,Vestfold og Telemark,minor,36624.0,1578150916
Castricum,Castricum,52.55,4.6667,Netherlands,NL,NLD,Noord-Holland,minor,36086.0,1528242440
Bronkhorst,Bronkhorst,52.0833,6.1833,Netherlands,NL,NLD,Gelderland,,36212.0,1528829480
Hellendoorn,Hellendoorn,52.3667,6.4667,Netherlands,NL,NLD,Overijssel,,35932.0,1528944468
Dumbéa,Dumbea,-22.15,166.45,New Caledonia,NC,NCL,Province Sud,,35873.0,1540079351
Kumo,Kumo,10.0431,11.2183,Nigeria,NG,NGA,Gombe,minor,35712.0,1566501095
Berg en Dal,Berg en Dal,51.8167,5.9167,Netherlands,NL,NLD,Gelderland,,35010.0,1528151765
Coevorden,Coevorden,52.6667,6.75,Netherlands,NL,NLD,Drenthe,minor,35483.0,1528647157
Ikot Abasi,Ikot Abasi,4.5704,7.56,Nigeria,NG,NGA,Akwa Ibom,minor,34911.0,1566812706
Ringsaker,Ringsaker,61.0242,10.8019,Norway,NO,NOR,Innlandet,,35073.0,1578611812
Dabaga,Dabaga,17.2667,8.1,Niger,NE,NER,Agadez,,35000.0,1562964626
Meppel,Meppel,52.7,6.1833,Netherlands,NL,NLD,Drenthe,minor,34386.0,1528720406
Camoapa,Camoapa,12.3842,-85.5119,Nicaragua,NI,NIC,Boaco,minor,34962.0,1558644621
IJsselstein,IJsselstein,52.0167,5.0333,Netherlands,NL,NLD,Utrecht,minor,34160.0,1528645762
Tynaarlo,Tynaarlo,53.0833,6.5833,Netherlands,NL,NLD,Drenthe,,33978.0,1528510592
Lochem,Lochem,52.1615,6.4152,Netherlands,NL,NLD,Gelderland,minor,33948.0,1528747792
Sneek,Sneek,53.0325,5.66,Netherlands,NL,NLD,Fryslân,minor,33855.0,1528519107
La Trinidad,La Trinidad,12.9678,-86.2339,Nicaragua,NI,NIC,Managua,,33840.0,1558209065
Boxtel,Boxtel,51.5833,5.3333,Netherlands,NL,NLD,Noord-Brabant,minor,32973.0,1528314024
Epe,Epe,52.35,5.9833,Netherlands,NL,NLD,Gelderland,minor,33198.0,1528488090
Oldenzaal,Oldenzaal,52.3167,6.9333,Netherlands,NL,NLD,Overijssel,minor,31840.0,1528961744
Ayorou,Ayorou,14.735,0.92,Niger,NE,NER,Tillabéri,,32958.0,1562787330
Aalsmeer,Aalsmeer,52.2667,4.75,Netherlands,NL,NLD,Noord-Holland,minor,31991.0,1528899853
Oisterwijk,Oisterwijk,51.5833,5.2,Netherlands,NL,NLD,Noord-Brabant,minor,32373.0,1528135071
Deurne,Deurne,51.4667,5.8,Netherlands,NL,NLD,Noord-Brabant,minor,32437.0,1528815355
Vught,Vught,51.65,5.3,Netherlands,NL,NLD,Noord-Brabant,minor,31669.0,1528328553
La Concepción,La Concepcion,11.9369,-86.1889,Nicaragua,NI,NIC,Masaya,minor,31950.0,1558215738
Waddinxveen,Waddinxveen,52.05,4.65,Netherlands,NL,NLD,Zuid-Holland,minor,31342.0,1528011369
Nagarote,Nagarote,12.265,-86.5639,Nicaragua,NI,NIC,León,minor,32303.0,1558005234
Nieuw-Vennep,Nieuw-Vennep,52.2644,4.6347,Netherlands,NL,NLD,Noord-Holland,,31415.0,1528802124
Sébaco,Sebaco,12.8553,-86.0983,Nicaragua,NI,NIC,Matagalpa,minor,32221.0,1558662201
Rosmalen,Rosmalen,51.7167,5.3667,Netherlands,NL,NLD,Noord-Brabant,,31219.0,1528018450
Masatepe,Masatepe,11.9147,-86.1442,Nicaragua,NI,NIC,Masaya,minor,31583.0,1558293076
Renkum,Renkum,51.9833,5.85,Netherlands,NL,NLD,Gelderland,,31417.0,1528187286
Stadskanaal,Stadskanaal,52.9833,6.95,Netherlands,NL,NLD,Groningen,minor,31789.0,1528657709
Bocana de Paiwas,Bocana de Paiwas,12.7878,-85.1228,Nicaragua,NI,NIC,Costa Caribe Sur,minor,31762.0,1558901000
Valkenswaard,Valkenswaard,51.35,5.4667,Netherlands,NL,NLD,Noord-Brabant,minor,31221.0,1528944698
Uithoorn,Uithoorn,52.2333,4.8333,Netherlands,NL,NLD,Noord-Holland,minor,30206.0,1528483112
Halden,Halden,59.1264,11.4828,Norway,NO,NOR,Viken,minor,31444.0,1578441478
Ski,Ski,59.7419,10.8939,Norway,NO,NOR,Viken,minor,30843.0,1578776384
Best,Best,51.5167,5.4,Netherlands,NL,NLD,Noord-Brabant,minor,30216.0,1528108081
Leusden,Leusden,52.1333,5.4333,Netherlands,NL,NLD,Utrecht,minor,30544.0,1528565031
Río Blanco,Rio Blanco,12.9325,-85.2244,Nicaragua,NI,NIC,Matagalpa,minor,30785.0,1558593583
San Ramón,San Ramon,12.9236,-85.8389,Nicaragua,NI,NIC,Matagalpa,minor,30682.0,1558617224
Askøy,Askoy,60.4667,5.15,Norway,NO,NOR,Vestland,,29816.0,1578869945
Bergen,Bergen,52.6667,4.7167,Netherlands,NL,NLD,Noord-Holland,,29974.0,1528106849
Condega,Condega,13.3617,-86.3972,Nicaragua,NI,NIC,Estelí,minor,30000.0,1558543389
Heesch,Heesch,51.7333,5.5333,Netherlands,NL,NLD,Noord-Brabant,minor,29728.0,1528844626
Culemborg,Culemborg,51.95,5.2333,Netherlands,NL,NLD,Gelderland,minor,29121.0,1528861210
Sint-Michielsgestel,Sint-Michielsgestel,51.6433,5.3586,Netherlands,NL,NLD,Noord-Brabant,minor,29498.0,1528884798
Oosterend,Oosterend,53.0036,6.0664,Netherlands,NL,NLD,Fryslân,,29812.0,1528797070
Zaltbommel,Zaltbommel,51.8,5.25,Netherlands,NL,NLD,Gelderland,minor,29447.0,1528934368
Paraparaumu,Paraparaumu,-40.9167,175.0167,New Zealand,NZ,NZL,Wellington,,28701.0,1554166459
Brunssum,Brunssum,50.95,5.9667,Netherlands,NL,NLD,Limburg,minor,28103.0,1528862260
Bāglung,Baglung,28.2667,83.6,Nepal,NP,NPL,,,29360.0,1524266307
Nieuwkoop,Nieuwkoop,52.1833,4.7667,Netherlands,NL,NLD,Zuid-Holland,,29151.0,1528015076
Pālpā,Palpa,27.8667,83.55,Nepal,NP,NPL,,,29095.0,1524400922
Boxmeer,Boxmeer,51.65,5.95,Netherlands,NL,NLD,Noord-Brabant,minor,29065.0,1528624004
San Marcos,San Marcos,11.9081,-86.2025,Nicaragua,NI,NIC,Carazo,minor,29019.0,1558544498
Winterswijk,Winterswijk,51.9667,6.7167,Netherlands,NL,NLD,Gelderland,minor,29022.0,1528225916
Dalfsen,Dalfsen,52.5,6.25,Netherlands,NL,NLD,Overijssel,minor,28901.0,1528339087
Somotillo,Somotillo,13.0447,-86.9044,Nicaragua,NI,NIC,Chinandega,minor,29030.0,1558936840
Langedijk,Langedijk,52.6936,4.7944,Netherlands,NL,NLD,Noord-Holland,,27992.0,1528789674
Mateare,Mateare,12.2356,-86.4289,Nicaragua,NI,NIC,Managua,minor,28775.0,1558569665
Pijnacker,Pijnacker,52.0167,4.4333,Netherlands,NL,NLD,Zuid-Holland,minor,27130.0,1528994302
Heerenveen,Heerenveen,52.95,5.9333,Netherlands,NL,NLD,Fryslân,minor,28497.0,1528356043
Lillehammer,Lillehammer,61.1167,10.4667,Norway,NO,NOR,Innlandet,minor,28493.0,1578724478
Nunspeet,Nunspeet,52.3833,5.7833,Netherlands,NL,NLD,Gelderland,minor,28021.0,1528766305
Oppegård,Oppegard,59.7925,10.7903,Norway,NO,NOR,Viken,,27394.0,1578023739
La Paz Centro,La Paz Centro,12.3397,-86.6758,Nicaragua,NI,NIC,León,minor,28118.0,1558538095
Blerick,Blerick,51.3667,6.15,Netherlands,NL,NLD,Limburg,,27330.0,1528516428
El Sauce,El Sauce,12.8861,-86.5389,Nicaragua,NI,NIC,León,minor,27900.0,1558542535
Larreynaga,Larreynaga,12.5939,-86.6797,Nicaragua,NI,NIC,León,,27898.0,1558602365
Kongsberg,Kongsberg,59.6694,9.6517,Norway,NO,NOR,Viken,minor,27879.0,1578035378
Veendam,Veendam,53.1,6.8833,Netherlands,NL,NLD,Groningen,minor,27491.0,1528706438
Timaru,Timaru,-44.3931,171.2508,New Zealand,NZ,NZL,Canterbury,,27501.0,1554243304
Choba,Choba,4.8906,6.9033,Nigeria,NG,NGA,Rivers,,27253.0,1566302729
Hulst,Hulst,51.2833,4.05,Netherlands,NL,NLD,Zeeland,minor,27575.0,1528357490
Lier,Lier,59.8675,10.2142,Norway,NO,NOR,Viken,minor,27584.0,1578874426
Mont-Dore,Mont-Dore,-22.2157,166.4665,New Caledonia,NC,NCL,Province Sud,,27620.0,1540939524
Sola,Sola,58.8561,5.575,Norway,NO,NOR,Rogaland,minor,27568.0,1578642286
Drimmelen,Drimmelen,51.6833,4.8,Netherlands,NL,NLD,Noord-Brabant,,27325.0,1528513571
Bidur,Bidur,27.8961,85.1456,Nepal,NP,NPL,,,26750.0,1524355084
Villa El Carmen,Villa El Carmen,11.9794,-86.5103,Nicaragua,NI,NIC,Managua,minor,27449.0,1558217117
Ticuantepe,Ticuantepe,12.0231,-86.2064,Nicaragua,NI,NIC,Managua,minor,27008.0,1558748108
Sliedrecht,Sliedrecht,51.8167,4.7667,Netherlands,NL,NLD,Zuid-Holland,minor,25597.0,1528494904
Panauti,Panauti,27.5844,85.5147,Nepal,NP,NPL,,,27358.0,1524203755
Aalten,Aalten,51.9333,6.5833,Netherlands,NL,NLD,Gelderland,minor,27120.0,1528326020
Wassenaar,Wassenaar,52.15,4.4,Netherlands,NL,NLD,Zuid-Holland,minor,26949.0,1528746121
Ermelo,Ermelo,52.3,5.6167,Netherlands,NL,NLD,Gelderland,minor,27016.0,1528737145
Dongen,Dongen,51.6333,4.9333,Netherlands,NL,NLD,Noord-Brabant,minor,26368.0,1528299202
Werkendam,Werkendam,51.8,4.9,Netherlands,NL,NLD,Noord-Brabant,minor,26940.0,1528525610
Geldermalsen,Geldermalsen,51.8833,5.2833,Netherlands,NL,NLD,Gelderland,minor,26818.0,1528816915
San Sebastián de Yalí,San Sebastian de Yali,13.3061,-86.1867,Nicaragua,NI,NIC,Jinotega,minor,26979.0,1558797659
Eidsvoll,Eidsvoll,60.3475,11.2508,Norway,NO,NOR,Viken,minor,26716.0,1578516896
Beuningen,Beuningen,51.8667,5.7667,Netherlands,NL,NLD,Gelderland,minor,26157.0,1528306688
Okuta,Okuta,9.2199,3.2005,Nigeria,NG,NGA,Kwara,,26589.0,1566074252
Khā̃dbāri̇̄,Khadbari,27.3667,87.2167,Nepal,NP,NPL,,,26301.0,1524504106
Quilalí,Quilali,13.5683,-86.0267,Nicaragua,NI,NIC,Nueva Segovia,minor,26461.0,1558890150
Pukekohe East,Pukekohe East,-37.2,174.9,New Zealand,NZ,NZL,Auckland,,26300.0,1554599644
Teustepe,Teustepe,12.4206,-85.7997,Nicaragua,NI,NIC,Boaco,minor,26265.0,1558471999
Rancho Grande,Rancho Grande,13.2353,-85.5589,Nicaragua,NI,NIC,Matagalpa,minor,26223.0,1558000014
Tholen,Tholen,51.5333,4.2,Netherlands,NL,NLD,Zeeland,minor,26085.0,1528449757
Emmeloord,Emmeloord,52.7097,5.7508,Netherlands,NL,NLD,Flevoland,minor,26055.0,1528979701
Stein,Stein,50.9667,5.7667,Netherlands,NL,NLD,Limburg,minor,24961.0,1528261703
Duiven,Duiven,51.95,6.0333,Netherlands,NL,NLD,Gelderland,minor,25332.0,1528557240
Koko,Koko,11.4232,4.517,Nigeria,NG,NGA,Kebbi,,25792.0,1566646210
El Jícaro,El Jicaro,13.7225,-86.1347,Nicaragua,NI,NIC,Nueva Segovia,minor,25901.0,1558370447
Malaṅgawā,Malangawa,26.8667,85.5667,Nepal,NP,NPL,,,25102.0,1524985987
Villanueva,Villanueva,12.9647,-86.815,Nicaragua,NI,NIC,Chinandega,minor,25660.0,1558614186
Veenoord,Veenoord,52.9875,6.2914,Netherlands,NL,NLD,Fryslân,,25531.0,1528771829
Oud-Beijerland,Oud-Beijerland,51.8167,4.4,Netherlands,NL,NLD,Zuid-Holland,minor,24301.0,1528064011
Baarn,Baarn,52.2167,5.2833,Netherlands,NL,NLD,Utrecht,minor,24792.0,1528984547
Heiloo,Heiloo,52.6,4.7167,Netherlands,NL,NLD,Noord-Holland,minor,24144.0,1528757776
Cuijk,Cuijk,51.7296,5.881,Netherlands,NL,NLD,Noord-Brabant,minor,24931.0,1528466383
Nijverdal,Nijverdal,52.3667,6.4667,Netherlands,NL,NLD,Overijssel,minor,25000.0,1528550649
Jaleshwar,Jaleshwar,26.65,85.8,Nepal,NP,NPL,,,23533.0,1524945108
Steenbergen,Steenbergen,51.5833,4.25,Netherlands,NL,NLD,Noord-Brabant,minor,25054.0,1528925300
Nedre Eiker,Nedre Eiker,59.7647,10.0333,Norway,NO,NOR,Viken,,24963.0,1578585975
Sand,Sand,59.1343,10.2244,Norway,NO,NOR,Vestfold og Telemark,,24898.0,1578001129
Nittedal,Nittedal,60.0731,10.8722,Norway,NO,NOR,Viken,minor,24947.0,1578894489
Voorst,Voorst,52.2333,6.0833,Netherlands,NL,NLD,Gelderland,,24790.0,1528065793
Madaoua,Madaoua,14.0762,5.9586,Niger,NE,NER,Tahoua,minor,24804.0,1562237869
Harstad,Harstad,68.8011,16.5441,Norway,NO,NOR,Troms og Finnmark,minor,24804.0,1578844884
Dakṣiṇkāli̇̄,Daksinkali,27.6089,85.2672,Nepal,NP,NPL,,,24297.0,1524170564
Delfzijl,Delfzijl,53.3333,6.9167,Netherlands,NL,NLD,Groningen,minor,24716.0,1528897599
Wierden,Wierden,52.35,6.6,Netherlands,NL,NLD,Overijssel,minor,24538.0,1528021372
Larvik,Larvik,59.0811,10.0164,Norway,NO,NOR,Vestfold og Telemark,,24647.0,1578938550
Putten,Putten,52.2667,5.6,Netherlands,NL,NLD,Gelderland,minor,24365.0,1528973473
Borre,Borre,59.3799,10.4539,Norway,NO,NOR,Vestfold og Telemark,,24272.0,1578001449
Païta,Paita,-22.1337,166.3505,New Caledonia,NC,NCL,Province Sud,,24563.0,1540983323
Borne,Borne,52.3,6.75,Netherlands,NL,NLD,Overijssel,minor,23668.0,1528920797
Goirle,Goirle,51.5167,5.0667,Netherlands,NL,NLD,Noord-Brabant,minor,23952.0,1528485242
Zungeru,Zungeru,9.8128,6.1558,Nigeria,NG,NGA,Niger,,24447.0,1566658964
Haaksbergen,Haaksbergen,52.15,6.75,Netherlands,NL,NLD,Overijssel,minor,24277.0,1528342884
Helleland,Helleland,58.8922,5.7336,Norway,NO,NOR,Rogaland,,24173.0,1578920333
Lisse,Lisse,52.25,4.55,Netherlands,NL,NLD,Zuid-Holland,minor,22982.0,1528160050
Wijk bij Duurstede,Wijk bij Duurstede,51.9833,5.3333,Netherlands,NL,NLD,Utrecht,minor,23925.0,1528933907
Volendam,Volendam,52.4994,5.0675,Netherlands,NL,NLD,Noord-Holland,minor,22715.0,1528968861
Stjørdal,Stjordal,63.475,11.1708,Norway,NO,NOR,Trøndelag,minor,24287.0,1578420419
Taupo,Taupo,-38.6875,176.0694,New Zealand,NZ,NZL,Waikato,,23622.0,1554654784
Tegina,Tegina,10.0706,6.1906,Nigeria,NG,NGA,Niger,,24037.0,1566672639
Oldebroek,Oldebroek,52.45,5.9,Netherlands,NL,NLD,Gelderland,minor,23760.0,1528582577
Bloemendaal,Bloemendaal,52.4,4.6,Netherlands,NL,NLD,Noord-Holland,,23478.0,1528509651
Loon op Zand,Loon op Zand,51.6667,5.0333,Netherlands,NL,NLD,Noord-Brabant,,23504.0,1528312573
Hillegom,Hillegom,52.2833,4.5833,Netherlands,NL,NLD,Zuid-Holland,minor,22197.0,1528098877
Elburg,Elburg,52.45,5.85,Netherlands,NL,NLD,Gelderland,minor,23429.0,1528998186
San Lorenzo,San Lorenzo,12.3783,-85.6661,Nicaragua,NI,NIC,Boaco,minor,23666.0,1558007382
’s-Gravenzande,'s-Gravenzande,52.0,4.1667,Netherlands,NL,NLD,Zuid-Holland,,22190.0,1528221207
Sluis,Sluis,51.3083,3.3861,Netherlands,NL,NLD,Zeeland,,23386.0,1528332351
Rucphen,Rucphen,51.5333,4.5833,Netherlands,NL,NLD,Noord-Brabant,minor,23080.0,1528156482
Telica,Telica,12.5228,-86.8597,Nicaragua,NI,NIC,León,minor,23266.0,1558515596
La Cruz de Río Grande,La Cruz de Rio Grande,13.1122,-84.1869,Nicaragua,NI,NIC,Costa Caribe Sur,minor,23284.0,1558703104
Beek en Donk,Beek en Donk,51.5347,5.6303,Netherlands,NL,NLD,Noord-Brabant,minor,22805.0,1528543857
Losser,Losser,52.2667,7.0,Netherlands,NL,NLD,Overijssel,minor,22888.0,1528246399
Zeewolde,Zeewolde,52.3333,5.55,Netherlands,NL,NLD,Flevoland,minor,22879.0,1528306050
Røyken,Royken,59.7336,10.4289,Norway,NO,NOR,Viken,minor,22635.0,1578092486
Diriomo,Diriomo,11.8753,-86.0519,Nicaragua,NI,NIC,Granada,minor,22352.0,1558287966
Rosita,Rosita,13.9239,-84.3989,Nicaragua,NI,NIC,Costa Caribe Norte,minor,22723.0,1558197649
Bilthoven,Bilthoven,52.1283,5.1986,Netherlands,NL,NLD,Utrecht,minor,21984.0,1528062799
Jebba,Jebba,9.1539,4.8119,Nigeria,NG,NGA,Kwara,,22411.0,1566859918
Geertruidenberg,Geertruidenberg,51.7,4.8586,Netherlands,NL,NLD,Noord-Brabant,,21770.0,1528001604
Hoogezand,Hoogezand,53.1572,6.7533,Netherlands,NL,NLD,Groningen,minor,21830.0,1528523949
El Tortuguero,El Tortuguero,12.8183,-84.2006,Nicaragua,NI,NIC,Costa Caribe Sur,minor,22324.0,1558390224
Woensdrecht,Woensdrecht,51.4167,4.3333,Netherlands,NL,NLD,Noord-Brabant,,22028.0,1528569809
Corinto,Corinto,12.4819,-87.1742,Nicaragua,NI,NIC,Chinandega,minor,22000.0,1558830378
Zundert,Zundert,51.4667,4.6667,Netherlands,NL,NLD,Noord-Brabant,minor,21988.0,1528815556
Sem,Sem,59.2792,10.3278,Norway,NO,NOR,Vestfold og Telemark,,21948.0,1578156342
Muelle de los Bueyes,Muelle de los Bueyes,12.0664,-84.5428,Nicaragua,NI,NIC,Costa Caribe Sur,minor,22082.0,1558837878
Tola,Tola,11.4392,-85.9389,Nicaragua,NI,NIC,Rivas,minor,22012.0,1558491249
Nøtterøy,Notteroy,59.2011,10.4078,Norway,NO,NOR,Vestfold og Telemark,,21621.0,1578114950
Nuenen,Nuenen,51.4733,5.5467,Netherlands,NL,NLD,Noord-Brabant,minor,20580.0,1528177816
Leerdam,Leerdam,51.9,5.1,Netherlands,NL,NLD,Zuid-Holland,minor,21030.0,1528119382
Tubbergen,Tubbergen,52.4,6.7833,Netherlands,NL,NLD,Overijssel,minor,21315.0,1528263465
Elverum,Elverum,60.8819,11.5623,Norway,NO,NOR,Innlandet,minor,21435.0,1578144824
Urk,Urk,52.6667,5.6,Netherlands,NL,NLD,Flevoland,minor,21227.0,1528778897
Cranendonck,Cranendonck,51.2853,5.5881,Netherlands,NL,NLD,Noord-Brabant,,21001.0,1528448818
San Juan de Río Coco,San Juan de Rio Coco,13.5444,-86.1644,Nicaragua,NI,NIC,Madriz,minor,21114.0,1558017262
Stange,Stange,60.6494,11.3664,Norway,NO,NOR,Innlandet,minor,21156.0,1578696237
Brummen,Brummen,52.0833,6.15,Netherlands,NL,NLD,Gelderland,minor,20884.0,1528439273
Ås,As,59.6603,10.7836,Norway,NO,NOR,Viken,minor,20780.0,1578160935
Horten,Horten,59.4208,10.4328,Norway,NO,NOR,Vestfold og Telemark,,20504.0,1578000515
Bladel,Bladel,51.3667,5.2167,Netherlands,NL,NLD,Noord-Brabant,minor,20529.0,1528208371
Pueblo Nuevo,Pueblo Nuevo,13.3797,-86.4808,Nicaragua,NI,NIC,Estelí,minor,20620.0,1558373095
Nootdorp,Nootdorp,52.0333,4.4,Netherlands,NL,NLD,Zuid-Holland,,19000.0,1528544415
Rhenen,Rhenen,51.9667,5.5667,Netherlands,NL,NLD,Utrecht,minor,20203.0,1528573204
Gjøvik,Gjovik,60.7957,10.6915,Norway,NO,NOR,Innlandet,minor,20589.0,1578892271
Frøyland,Froyland,58.8308,5.7506,Norway,NO,NOR,Rogaland,,20353.0,1578422189
Vianen,Vianen,51.9833,5.1,Netherlands,NL,NLD,Utrecht,minor,19967.0,1528383911
Haren,Haren,53.1667,6.6,Netherlands,NL,NLD,Groningen,minor,19860.0,1528092333
Edam,Edam,52.5167,5.05,Netherlands,NL,NLD,Noord-Holland,,18828.0,1528614478
Kleppe,Kleppe,58.7772,5.5967,Norway,NO,NOR,Rogaland,minor,20163.0,1578765733
Weesp,Weesp,52.3,5.05,Netherlands,NL,NLD,Noord-Holland,minor,19334.0,1528983358
Naaldwijk,Naaldwijk,51.9931,4.205,Netherlands,NL,NLD,Zuid-Holland,minor,18858.0,1528653084
Nesoddtangen,Nesoddtangen,59.8086,10.6556,Norway,NO,NOR,Viken,minor,19939.0,1578569253
Altagracia,Altagracia,11.5672,-85.5783,Nicaragua,NI,NIC,Rivas,minor,19955.0,1558219497
Leek,Leek,53.1667,6.3833,Netherlands,NL,NLD,Groningen,minor,19669.0,1528583392
Os,Os,60.2269,5.4758,Norway,NO,NOR,Vestland,minor,19742.0,1578224963
El Castillo de La Concepción,El Castillo de La Concepcion,11.0444,-84.4719,Nicaragua,NI,NIC,Río San Juan,,19864.0,1558240788
Masterton,Masterton,-40.97,175.65,New Zealand,NZ,NZL,Wellington,,19818.0,1554641049
Enkhuizen,Enkhuizen,52.7,5.3,Netherlands,NL,NLD,Noord-Holland,minor,18637.0,1528919863
Someren,Someren,51.3833,5.7167,Netherlands,NL,NLD,Noord-Brabant,minor,19428.0,1528912207
Eersel,Eersel,51.35,5.3167,Netherlands,NL,NLD,Noord-Brabant,minor,19528.0,1528475270
Meerssen,Meerssen,50.8858,5.7519,Netherlands,NL,NLD,Limburg,minor,18923.0,1528383946
Echt,Echt,51.1,5.8833,Netherlands,NL,NLD,Limburg,minor,19237.0,1528492944
Time,Time,58.7228,5.7653,Norway,NO,NOR,Rogaland,,19353.0,1578972107
Druten,Druten,51.8833,5.6,Netherlands,NL,NLD,Gelderland,minor,18991.0,1528263321
Hardinxveld-Giessendam,Hardinxveld-Giessendam,51.8167,4.8333,Netherlands,NL,NLD,Zuid-Holland,minor,18413.0,1528515465
Groesbeek,Groesbeek,51.7833,5.9333,Netherlands,NL,NLD,Gelderland,minor,18870.0,1528617785
Dadeldhurā,Dadeldhura,29.3,80.6,Nepal,NP,NPL,,,19014.0,1524639464
Telpaneca,Telpaneca,13.5319,-86.2872,Nicaragua,NI,NIC,Madriz,minor,19025.0,1558890724
Zuidhorn,Zuidhorn,53.25,6.4,Netherlands,NL,NLD,Groningen,minor,18917.0,1528073440
Oirschot,Oirschot,51.5,5.3,Netherlands,NL,NLD,Noord-Brabant,minor,18842.0,1528394543
Heerde,Heerde,52.3833,6.05,Netherlands,NL,NLD,Gelderland,minor,18776.0,1528444731
Stord,Stord,59.8081,5.4664,Norway,NO,NOR,Vestland,minor,18919.0,1578682657
Bergeijk,Bergeijk,51.3167,5.35,Netherlands,NL,NLD,Noord-Brabant,minor,18754.0,1528769857
Mo i Rana,Mo i Rana,66.3128,14.1428,Norway,NO,NOR,Nordland,minor,18899.0,1578067925
Vestby,Vestby,59.575,10.7319,Norway,NO,NOR,Viken,,18699.0,1578197278
Cambridge,Cambridge,-37.8833,175.4667,New Zealand,NZ,NZL,Waikato,,18651.0,1554000848
Bonanza,Bonanza,14.0275,-84.6211,Nicaragua,NI,NIC,Costa Caribe Norte,minor,18633.0,1558074379
Kristiansund,Kristiansund,63.1104,7.7279,Norway,NO,NOR,Møre og Romsdal,minor,18273.0,1578717143
Feilding,Feilding,-40.2167,175.5667,New Zealand,NZ,NZL,Manawatu-Wanganui,,17800.0,1554000257
Middelharnis,Middelharnis,51.75,4.17,Netherlands,NL,NLD,Zuid-Holland,minor,18050.0,1528464383
Levin,Levin,-40.6219,175.2867,New Zealand,NZ,NZL,Manawatu-Wanganui,,17670.0,1554983635
Bodegraven,Bodegraven,52.0822,4.7504,Netherlands,NL,NLD,Zuid-Holland,minor,17954.0,1528875196
Ommen,Ommen,52.5167,6.4167,Netherlands,NL,NLD,Overijssel,minor,18295.0,1528222836
Sørum,Sorum,59.9871,11.2402,Norway,NO,NOR,Viken,,18263.0,1578429477
Waalre,Waalre,51.4,5.4667,Netherlands,NL,NLD,Noord-Brabant,minor,17544.0,1528079244
Naarden,Naarden,52.2953,5.1622,Netherlands,NL,NLD,Noord-Holland,minor,17555.0,1528281177
Kosvik,Kosvik,58.15,8.0667,Norway,NO,NOR,Agder,,17981.0,1578433332
Son en Breugel,Son en Breugel,51.5167,5.5,Netherlands,NL,NLD,Noord-Brabant,minor,17552.0,1528367676
Īlām,Ilam,26.908,87.926,Nepal,NP,NPL,,,17491.0,1524034598
Sint-Oedenrode,Sint-Oedenrode,51.5636,5.4608,Netherlands,NL,NLD,Noord-Brabant,minor,17893.0,1528117476
Brielle,Brielle,51.9,4.1667,Netherlands,NL,NLD,Zuid-Holland,minor,17439.0,1528923467
Kongsvinger,Kongsvinger,60.1905,11.9977,Norway,NO,NOR,Innlandet,minor,17949.0,1578097529
Nguigmi,Nguigmi,14.2532,13.1108,Niger,NE,NER,Diffa,minor,17897.0,1562214324
San Rafael del Norte,San Rafael del Norte,13.2128,-86.1108,Nicaragua,NI,NIC,Jinotega,minor,17789.0,1558286153
Schaesberg,Schaesberg,50.9,6.0167,Netherlands,NL,NLD,Limburg,,15900.0,1528425439
Rijen,Rijen,51.5833,4.95,Netherlands,NL,NLD,Noord-Brabant,minor,16800.0,1528875142
Ashton,Ashton,-44.0333,171.7667,New Zealand,NZ,NZL,Canterbury,,17700.0,1554784264
Guidan Roumdji,Guidan Roumdji,13.6575,6.6958,Niger,NE,NER,Maradi,minor,17525.0,1562532711
Schijndel,Schijndel,51.6167,5.4333,Netherlands,NL,NLD,Noord-Brabant,minor,17104.0,1528263982
Zandvoort,Zandvoort,52.3667,4.5333,Netherlands,NL,NLD,Noord-Holland,minor,17168.0,1528150245
San Isidro,San Isidro,12.9283,-86.1922,Nicaragua,NI,NIC,Matagalpa,minor,17412.0,1558059313
Gennep,Gennep,51.7,5.9667,Netherlands,NL,NLD,Limburg,minor,17071.0,1528960180
Staphorst,Staphorst,52.65,6.2167,Netherlands,NL,NLD,Overijssel,minor,17261.0,1528939311
Nederweert,Nederweert,51.2833,5.75,Netherlands,NL,NLD,Limburg,minor,17171.0,1528349130
Noordwijkerhout,Noordwijkerhout,52.2667,4.5,Netherlands,NL,NLD,Zuid-Holland,minor,16605.0,1528406512
Kaatsheuvel,Kaatsheuvel,51.6667,5.0667,Netherlands,NL,NLD,Noord-Brabant,minor,16600.0,1528956627
San Juan del Sur,San Juan del Sur,11.2533,-85.8708,Nicaragua,NI,NIC,Rivas,minor,17104.0,1558967577
Asten,Asten,51.4,5.75,Netherlands,NL,NLD,Noord-Brabant,minor,16817.0,1528132809
San Miguelito,San Miguelito,11.4025,-84.9003,Nicaragua,NI,NIC,Río San Juan,minor,17031.0,1558918781
Santa Teresa,Santa Teresa,11.8039,-86.1639,Nicaragua,NI,NIC,Carazo,,16891.0,1558632681
Heumen,Heumen,51.7833,5.85,Netherlands,NL,NLD,Gelderland,,16569.0,1528375615
Acoyapa,Acoyapa,11.9708,-85.1719,Nicaragua,NI,NIC,Chontales,minor,16946.0,1558571997
Westervoort,Westervoort,51.9667,5.9667,Netherlands,NL,NLD,Gelderland,minor,15014.0,1528918651
Posoltega,Posoltega,12.5447,-86.9792,Nicaragua,NI,NIC,Chinandega,minor,16771.0,1558561951
Tromsdalen,Tromsdalen,69.6442,18.9992,Norway,NO,NOR,Troms og Finnmark,,16787.0,1578517782
Rygge,Rygge,59.3747,10.7147,Norway,NO,NOR,Viken,minor,16145.0,1578903321
Beek,Beek,50.9333,5.8,Netherlands,NL,NLD,Limburg,minor,15929.0,1528590819
Macetown,Macetown,-44.865,168.819,New Zealand,NZ,NZL,Otago,,16600.0,1554582165
Hønefoss,Honefoss,60.1667,10.3,Norway,NO,NOR,Viken,minor,16547.0,1578754019
Belén,Belen,11.5028,-85.8889,Nicaragua,NI,NIC,Rivas,minor,16428.0,1558470755
Harenkarspel,Harenkarspel,52.7344,4.7706,Netherlands,NL,NLD,Noord-Holland,,16179.0,1528667512
Harlingen,Harlingen,53.1736,5.4272,Netherlands,NL,NLD,Fryslân,minor,15822.0,1528687785
Rolleston,Rolleston,-43.5833,172.3833,New Zealand,NZ,NZL,Canterbury,,16350.0,1554176166
San Dionisio,San Dionisio,12.7625,-85.8503,Nicaragua,NI,NIC,Matagalpa,minor,16273.0,1558895835
Frogn,Frogn,59.6989,10.6553,Norway,NO,NOR,Viken,,16084.0,1578001728
Baléyara,Baleyara,13.784,2.95,Niger,NE,NER,Tillabéri,,16063.0,1562876747
Sassenheim,Sassenheim,52.2258,4.5225,Netherlands,NL,NLD,Zuid-Holland,minor,14886.0,1528941330
Prinzapolka,Prinzapolka,13.5008,-84.2244,Nicaragua,NI,NIC,Costa Caribe Norte,minor,16105.0,1558643619
Vlagtwedde,Vlagtwedde,52.95,7.15,Netherlands,NL,NLD,Groningen,,15908.0,1528022418
Esquipulas,Esquipulas,12.6639,-85.7881,Nicaragua,NI,NIC,Matagalpa,minor,15877.0,1558602400
Nuth,Nuth,50.9167,5.8833,Netherlands,NL,NLD,Limburg,minor,15423.0,1528559023
Voss,Voss,60.7025,6.4231,Norway,NO,NOR,Vestland,minor,15875.0,1578803539
Hilvarenbeek,Hilvarenbeek,51.4833,5.1333,Netherlands,NL,NLD,Noord-Brabant,minor,15698.0,1528436938
Amawom,Amawom,5.4667,7.5667,Nigeria,NG,NGA,Abia,,15000.0,1566956703
Bunnik,Bunnik,52.05,5.2333,Netherlands,NL,NLD,Utrecht,,15341.0,1528719790
Lindås,Lindas,60.6247,5.3283,Norway,NO,NOR,Vestland,,15607.0,1578074399
Mandal,Mandal,58.0267,7.4533,Norway,NO,NOR,Agder,minor,15529.0,1578061147
Alta,Alta,69.9689,23.2716,Norway,NO,NOR,Troms og Finnmark,minor,15342.0,1578308187
Niquinohomo,Niquinohomo,11.9047,-86.0956,Nicaragua,NI,NIC,Masaya,minor,14847.0,1558281722
Salyan,Salyan,28.35,82.1833,Nepal,NP,NPL,,,15000.0,1524828921
Aiyetoro Gbede,Aiyetoro Gbede,7.9833,6.0,Nigeria,NG,NGA,Kogi,,15000.0,1566150800
Vennesla,Vennesla,58.3106,7.8569,Norway,NO,NOR,Agder,minor,15123.0,1578283395
Bhimphedi,Bhimphedi,27.551,85.13,Nepal,NP,NPL,,,15000.0,1524596923
Rāmechhāp,Ramechhap,27.326,86.087,Nepal,NP,NPL,,,15000.0,1524628973
Nannestad,Nannestad,60.2456,10.9528,Norway,NO,NOR,Viken,minor,15074.0,1578500041
Julianadorp,Julianadorp,52.8833,4.7333,Netherlands,NL,NLD,Noord-Holland,,13925.0,1528722946
Breukelen,Breukelen,52.1717,5.0017,Netherlands,NL,NLD,Utrecht,,14736.0,1528284816
Verdal,Verdal,63.793,11.48,Norway,NO,NOR,Trøndelag,minor,14986.0,1578893544
Woudrichem,Woudrichem,51.8167,5.0,Netherlands,NL,NLD,Noord-Brabant,minor,14634.0,1528290983
Slochteren,Slochteren,53.2167,6.8,Netherlands,NL,NLD,Groningen,minor,14737.0,1528066163
Muy Muy,Muy Muy,12.7625,-85.6289,Nicaragua,NI,NIC,Matagalpa,minor,14721.0,1558387669
Badhoevedorp,Badhoevedorp,52.3333,4.7833,Netherlands,NL,NLD,Noord-Holland,,13290.0,1528100185
Askim,Askim,59.5861,11.17,Norway,NO,NOR,Viken,minor,14488.0,1578155881
Gouré,Goure,13.9874,10.27,Niger,NE,NER,Zinder,minor,14639.0,1562482102
Lopik,Lopik,51.9667,4.95,Netherlands,NL,NLD,Utrecht,minor,14473.0,1528959358
Haaren,Haaren,51.6,5.2333,Netherlands,NL,NLD,Noord-Brabant,minor,14195.0,1528557214
Murra,Murra,13.7592,-86.0172,Nicaragua,NI,NIC,Nueva Segovia,minor,14487.0,1558838779
Malvik,Malvik,63.3728,10.7508,Norway,NO,NOR,Trøndelag,,14425.0,1578696010
Tokoroa,Tokoroa,-38.2167,175.8667,New Zealand,NZ,NZL,Waikato,,13572.0,1554951529
Rozenburg,Rozenburg,51.9058,4.2486,Netherlands,NL,NLD,Zuid-Holland,,12455.0,1528996034
Montfoort,Montfoort,52.05,4.95,Netherlands,NL,NLD,Utrecht,minor,13996.0,1528818658
Leirvik,Leirvik,59.7798,5.5005,Norway,NO,NOR,Vestland,,14126.0,1578908792
Uitgeest,Uitgeest,52.5333,4.7167,Netherlands,NL,NLD,Noord-Holland,minor,13632.0,1528048993
Beilen,Beilen,52.8567,6.5111,Netherlands,NL,NLD,Drenthe,minor,14089.0,1528196835
Wezep,Wezep,52.4625,5.9983,Netherlands,NL,NLD,Gelderland,,13715.0,1528612724
Narvik,Narvik,68.4363,17.3983,Norway,NO,NOR,Nordland,minor,14148.0,1578744025
Bamble,Bamble,59.0197,9.5608,Norway,NO,NOR,Vestfold og Telemark,,14056.0,1578030718
Galmi,Galmi,13.966,5.675,Niger,NE,NER,Tahoua,,13888.0,1562080549
Havelock North,Havelock North,-39.6667,176.8833,New Zealand,NZ,NZL,Hawke’s Bay,,13950.0,1554193593
Woudenberg,Woudenberg,52.0833,5.4167,Netherlands,NL,NLD,Utrecht,minor,13639.0,1528766382
Beesel,Beesel,51.2833,6.0333,Netherlands,NL,NLD,Limburg,,13519.0,1528749686
Margraten,Margraten,50.8167,5.8167,Netherlands,NL,NLD,Limburg,,13370.0,1528721027
Achuapa,Achuapa,13.0536,-86.59,Nicaragua,NI,NIC,León,minor,13797.0,1558765003
Schoonhoven,Schoonhoven,51.95,4.85,Netherlands,NL,NLD,Zuid-Holland,minor,11922.0,1528834731
El Crucero,El Crucero,11.9894,-86.3103,Nicaragua,NI,NIC,Managua,minor,13656.0,1558750409
Raamsdonksveer,Raamsdonksveer,51.6833,4.8667,Netherlands,NL,NLD,Noord-Brabant,minor,12470.0,1528845706
Winsum,Winsum,53.3312,6.5157,Netherlands,NL,NLD,Groningen,minor,13560.0,1528389180
Gran,Gran,60.4411,10.4956,Norway,NO,NOR,Innlandet,,13633.0,1578913505
Drøbak,Drobak,59.6667,10.6333,Norway,NO,NOR,Viken,,13393.0,1578855474
Schinnen,Schinnen,50.95,5.8833,Netherlands,NL,NLD,Limburg,minor,12911.0,1528127651
Reeuwijk,Reeuwijk,52.05,4.73,Netherlands,NL,NLD,Zuid-Holland,,13296.0,1528903557
Mosgiel,Mosgiel,-45.875,170.3486,New Zealand,NZ,NZL,Otago,,13400.0,1554341062
San Juan de Limay,San Juan de Limay,13.1739,-86.6128,Nicaragua,NI,NIC,Estelí,minor,13455.0,1558155206
Strand,Strand,59.0633,6.0278,Norway,NO,NOR,Rogaland,,13268.0,1578528180
Fåberg,Faberg,61.1684,10.4048,Norway,NO,NOR,Innlandet,,13381.0,1578605281
Grimstad,Grimstad,58.3405,8.5934,Norway,NO,NOR,Agder,minor,13304.0,1578703293
El Almendro,El Almendro,11.6781,-84.7014,Nicaragua,NI,NIC,Río San Juan,minor,13363.0,1558104640
Puerto Morazán,Puerto Morazan,12.7669,-87.1317,Nicaragua,NI,NIC,Chinandega,,13328.0,1558742913
Oudenbosch,Oudenbosch,51.5892,4.5239,Netherlands,NL,NLD,Noord-Brabant,minor,12780.0,1528311277
Bergen,Bergen,51.6,6.05,Netherlands,NL,NLD,Limburg,minor,13140.0,1528008506
Joure,Joure,52.9667,5.7833,Netherlands,NL,NLD,Fryslân,minor,13090.0,1528021505
Dedemsvaart,Dedemsvaart,52.6,6.4667,Netherlands,NL,NLD,Overijssel,,12840.0,1528168277
Wolvega,Wolvega,52.8761,6.0014,Netherlands,NL,NLD,Fryslân,minor,13090.0,1528105224
Villa Sandino,Villa Sandino,12.05,-84.9928,Nicaragua,NI,NIC,Chontales,minor,13152.0,1558762382
Kapelle,Kapelle,51.4833,3.95,Netherlands,NL,NLD,Zeeland,minor,12882.0,1528835251
San Lucas,San Lucas,13.4144,-86.6114,Nicaragua,NI,NIC,Madriz,minor,12975.0,1558795437
Stjørdalshalsen,Stjordalshalsen,63.4712,10.9189,Norway,NO,NOR,Trøndelag,,13032.0,1578486368
Notodden,Notodden,59.6294,9.1914,Norway,NO,NOR,Vestfold og Telemark,minor,13029.0,1578892380
Franeker,Franeker,53.2,5.5333,Netherlands,NL,NLD,Fryslân,minor,12781.0,1528890881
Grave,Grave,51.7667,5.7333,Netherlands,NL,NLD,Noord-Brabant,minor,12486.0,1528377507
Palacagüina,Palacaguina,13.455,-86.405,Nicaragua,NI,NIC,Madriz,minor,12825.0,1558692932
Voerendaal,Voerendaal,50.8833,5.9333,Netherlands,NL,NLD,Limburg,minor,12466.0,1528448333
Terrabona,Terrabona,12.7311,-85.965,Nicaragua,NI,NIC,Matagalpa,minor,12740.0,1558844965
Hattem,Hattem,52.4667,6.0667,Netherlands,NL,NLD,Gelderland,minor,12228.0,1528928512
Blaricum,Blaricum,52.2667,5.25,Netherlands,NL,NLD,Noord-Holland,minor,11952.0,1528676942
Made,Made,51.6764,4.7925,Netherlands,NL,NLD,Noord-Brabant,minor,12470.0,1528216720
Wieringerwerf,Wieringerwerf,52.8506,5.0228,Netherlands,NL,NLD,Noord-Holland,,12576.0,1528023742
Bryne,Bryne,58.7354,5.6477,Norway,NO,NOR,Rogaland,minor,12465.0,1578311049
Bandipur,Bandipur,27.9381,84.4069,Nepal,NP,NPL,,,12450.0,1524589061
Neerijnen,Neerijnen,51.8333,5.2833,Netherlands,NL,NLD,Gelderland,minor,12397.0,1528553514
Dokkum,Dokkum,53.3269,5.9981,Netherlands,NL,NLD,Fryslân,minor,12365.0,1528667221
El Ayote,El Ayote,12.4972,-84.8181,Nicaragua,NI,NIC,Chontales,,12417.0,1558565622
Klazienaveen,Klazienaveen,52.7333,6.9833,Netherlands,NL,NLD,Drenthe,,11980.0,1528158421
Te Awamutu,Te Awamutu,-38.0167,175.3167,New Zealand,NZ,NZL,Waikato,,12195.0,1554001222
Laren,Laren,52.25,5.2333,Netherlands,NL,NLD,Noord-Holland,minor,11400.0,1528663323
Opmeer,Opmeer,52.7,4.95,Netherlands,NL,NLD,Noord-Holland,minor,12009.0,1528203393
Grootegast,Grootegast,53.2167,6.2833,Netherlands,NL,NLD,Groningen,minor,12143.0,1528352436
Santo Domingo,Santo Domingo,12.2631,-85.0822,Nicaragua,NI,NIC,Chontales,minor,12182.0,1558352804
Appingedam,Appingedam,53.3167,6.8667,Netherlands,NL,NLD,Groningen,minor,11721.0,1528708475
Waikanae,Waikanae,-40.875,175.0639,New Zealand,NZ,NZL,Wellington,,12100.0,1554624715
Sogndal,Sogndal,61.2297,7.1006,Norway,NO,NOR,Vestland,minor,12097.0,1578132527
Bømlo,Bomlo,59.7794,5.2183,Norway,NO,NOR,Vestland,,12061.0,1578231177
Totogalpa,Totogalpa,13.5631,-86.4917,Nicaragua,NI,NIC,Madriz,minor,11927.0,1558378832
Landsmeer,Landsmeer,52.4333,4.9167,Netherlands,NL,NLD,Noord-Holland,minor,11565.0,1528416718
Doesburg,Doesburg,52.0167,6.1333,Netherlands,NL,NLD,Gelderland,minor,11148.0,1528413725
Eijsden,Eijsden,50.7778,5.7083,Netherlands,NL,NLD,Limburg,minor,11565.0,1528761006
Randaberg,Randaberg,59.0017,5.6153,Norway,NO,NOR,Rogaland,minor,11454.0,1578935358
Lommedalen,Lommedalen,59.95,10.4667,Norway,NO,NOR,Viken,,11200.0,1578002364
Comalapa,Comalapa,12.2842,-85.5106,Nicaragua,NI,NIC,Chontales,minor,11785.0,1558074780
Stokke,Stokke,59.24,10.2708,Norway,NO,NOR,Vestfold og Telemark,,11657.0,1578002148
Kopervik,Kopervik,59.2801,5.3016,Norway,NO,NOR,Rogaland,minor,11561.0,1578682439
Sint Anthonis,Sint Anthonis,51.6258,5.8811,Netherlands,NL,NLD,Noord-Brabant,minor,11606.0,1528221229
Leidschendam,Leidschendam,52.0833,4.4,Netherlands,NL,NLD,Zuid-Holland,minor,10482.0,1528331726
Mierlo,Mierlo,51.4411,5.6194,Netherlands,NL,NLD,Noord-Brabant,,11105.0,1528873347
Heerlerbaan,Heerlerbaan,50.8692,6.0103,Netherlands,NL,NLD,Limburg,,9872.0,1528640584
Lenvik,Lenvik,69.3836,17.9675,Norway,NO,NOR,Troms og Finnmark,,11618.0,1578586323
Zierikzee,Zierikzee,51.6497,3.9164,Netherlands,NL,NLD,Zeeland,minor,11360.0,1528091477
Egersund,Egersund,58.4497,6.0087,Norway,NO,NOR,Rogaland,minor,11433.0,1578432421
Eidsberg,Eidsberg,59.5369,11.3603,Norway,NO,NOR,Viken,,11396.0,1578040271
La Libertad,La Libertad,12.2156,-85.1647,Nicaragua,NI,NIC,Chontales,minor,11429.0,1558065930
Lieshout,Lieshout,51.5194,5.5939,Netherlands,NL,NLD,Noord-Brabant,,10745.0,1528167902
Nandasmo,Nandasmo,11.9247,-86.1197,Nicaragua,NI,NIC,Masaya,minor,10732.0,1558448256
Søgne,Sogne,58.0942,7.7725,Norway,NO,NOR,Agder,minor,11260.0,1578522567
Enebakk,Enebakk,59.7639,11.1444,Norway,NO,NOR,Viken,,11249.0,1578782892
Tysvær,Tysvaer,59.3617,5.5428,Norway,NO,NOR,Rogaland,,11283.0,1578779090
Boekel,Boekel,51.6,5.6667,Netherlands,NL,NLD,Noord-Brabant,minor,10959.0,1528471312
Potosí,Potosi,11.4942,-85.8556,Nicaragua,NI,NIC,Rivas,minor,11094.0,1558256706
Simpelveld,Simpelveld,50.8333,5.9833,Netherlands,NL,NLD,Limburg,minor,10516.0,1528926079
Hoek van Holland,Hoek van Holland,51.9811,4.1286,Netherlands,NL,NLD,Zuid-Holland,,10340.0,1528209321
Brumunddal,Brumunddal,60.8836,10.9449,Norway,NO,NOR,Innlandet,minor,11019.0,1578939363
Orlu,Orlu,5.7837,7.0333,Nigeria,NG,NGA,Imo,minor,9351.0,1566062510
Paraparaumu Beach,Paraparaumu Beach,-40.8938,174.9794,New Zealand,NZ,NZL,Wellington,,9087.0,1554306968
Scherpenzeel,Scherpenzeel,52.0833,5.4667,Netherlands,NL,NLD,Gelderland,minor,10128.0,1528061473
Ørsta,Orsta,62.2003,6.1322,Norway,NO,NOR,Møre og Romsdal,minor,10833.0,1578873602
Volda,Volda,62.1468,6.068,Norway,NO,NOR,Møre og Romsdal,minor,10809.0,1578903172
Tisma,Tisma,12.0831,-86.0167,Nicaragua,NI,NIC,Masaya,minor,10681.0,1558010790
Bedum,Bedum,53.3,6.6,Netherlands,NL,NLD,Groningen,minor,10475.0,1528797716
Marum,Marum,53.15,6.2667,Netherlands,NL,NLD,Groningen,minor,10488.0,1528447211
Monnickendam,Monnickendam,52.4667,5.0333,Netherlands,NL,NLD,Noord-Holland,minor,10316.0,1528187463
Doorn,Doorn,52.0333,5.35,Netherlands,NL,NLD,Utrecht,minor,10124.0,1528210177
Borger,Borger,52.9236,6.7922,Netherlands,NL,NLD,Drenthe,,10469.0,1528847849
Sortland,Sortland,68.6982,15.4138,Norway,NO,NOR,Nordland,minor,10514.0,1578250336
Vaals,Vaals,50.7667,6.0167,Netherlands,NL,NLD,Limburg,minor,10092.0,1528584480
Lyngdal,Lyngdal,58.1333,7.0833,Norway,NO,NOR,Agder,minor,10480.0,1578630529
Heum,Heum,59.0955,10.104,Norway,NO,NOR,Vestfold og Telemark,,10449.0,1578756875
Roelofarendsveen,Roelofarendsveen,52.2,4.6333,Netherlands,NL,NLD,Zuid-Holland,minor,10070.0,1528595898
Oudewater,Oudewater,52.0167,4.8667,Netherlands,NL,NLD,Utrecht,minor,10201.0,1528852092
Kragerø,Kragero,58.8869,9.3469,Norway,NO,NOR,Vestfold og Telemark,minor,10416.0,1578172535
Eerbeek,Eerbeek,52.1053,6.0633,Netherlands,NL,NLD,Gelderland,,9845.0,1528788806
Lemmer,Lemmer,52.8437,5.7093,Netherlands,NL,NLD,Fryslân,minor,10225.0,1528838845
El Realejo,El Realejo,12.5428,-87.165,Nicaragua,NI,NIC,Chinandega,minor,10300.0,1558231692
Kudelstaart,Kudelstaart,52.2339,4.7483,Netherlands,NL,NLD,Noord-Holland,,9250.0,1528545833
Levanger,Levanger,63.7465,11.2987,Norway,NO,NOR,Trøndelag,minor,10333.0,1578010304
Førde,Forde,61.4522,5.8572,Norway,NO,NOR,Vestland,minor,10339.0,1578914241
Oostzaan,Oostzaan,52.4333,4.8833,Netherlands,NL,NLD,Noord-Holland,minor,9757.0,1528095690
El Jicaral,El Jicaral,12.7286,-86.3803,Nicaragua,NI,NIC,León,minor,10326.0,1558715100
Ulft,Ulft,51.8908,6.3797,Netherlands,NL,NLD,Gelderland,,10025.0,1528529682
Zuidlaren,Zuidlaren,53.0942,6.6844,Netherlands,NL,NLD,Drenthe,,10080.0,1528131698
Nieuw-Lekkerland,Nieuw-Lekkerland,51.8833,4.6833,Netherlands,NL,NLD,Zuid-Holland,,9541.0,1528878794
Burgum,Burgum,53.2,6.0,Netherlands,NL,NLD,Fryslân,minor,10058.0,1528529057
Amritpur,Amritpur,28.1167,81.6,Nepal,NP,NPL,,,9680.0,1524026946
Heeze,Heeze,51.3825,5.5683,Netherlands,NL,NLD,Noord-Brabant,minor,9945.0,1528009442
Bergambacht,Bergambacht,51.9333,4.7833,Netherlands,NL,NLD,Zuid-Holland,minor,9801.0,1528580595
Vlist,Vlist,51.9667,4.7667,Netherlands,NL,NLD,Zuid-Holland,,9806.0,1528665852
Liesveld,Liesveld,51.9156,4.8456,Netherlands,NL,NLD,Zuid-Holland,,9746.0,1528417932
Sande,Sande,59.5936,10.2076,Norway,NO,NOR,Vestfold og Telemark,,9904.0,1578002266
Genemuiden,Genemuiden,52.6244,6.0397,Netherlands,NL,NLD,Overijssel,,9700.0,1528251889
Moyogalpa,Moyogalpa,11.5403,-85.6969,Nicaragua,NI,NIC,Rivas,minor,9729.0,1558198586
Hawera,Hawera,-39.5933,174.2783,New Zealand,NZ,NZL,Taranaki,,9792.0,1554872573
Mosjøen,Mosjoen,65.837,13.1913,Norway,NO,NOR,Nordland,minor,9843.0,1578980285
Oosterwolde,Oosterwolde,52.9903,6.2914,Netherlands,NL,NLD,Fryslân,minor,9510.0,1528950290
Glencoe,Glencoe,-46.1833,168.6833,New Zealand,NZ,NZL,Southland,,9750.0,1554979133
Sint Willebrord,Sint Willebrord,51.5503,4.5917,Netherlands,NL,NLD,Noord-Brabant,,9390.0,1528360139
Yalagüina,Yalaguina,13.4858,-86.4917,Nicaragua,NI,NIC,Madriz,minor,9597.0,1558031609
Farsund,Farsund,58.0947,6.8044,Norway,NO,NOR,Agder,minor,9645.0,1578528519
Fauske,Fauske,67.2594,15.3933,Norway,NO,NOR,Nordland,minor,9640.0,1578904094
Eemnes,Eemnes,52.25,5.25,Netherlands,NL,NLD,Utrecht,minor,9362.0,1528049688
Ubbergen,Ubbergen,51.8333,5.9167,Netherlands,NL,NLD,Gelderland,,9358.0,1528910216
Santa Rosa del Peñón,Santa Rosa del Penon,12.8003,-86.3689,Nicaragua,NI,NIC,León,minor,9529.0,1558392157
Nieuwleusen,Nieuwleusen,52.5833,6.2833,Netherlands,NL,NLD,Overijssel,,9300.0,1528131301
San Francisco Libre,San Francisco Libre,12.5061,-86.2997,Nicaragua,NI,NIC,Managua,minor,9416.0,1558719164
’s-Gravendeel,'s-Gravendeel,51.7833,4.6167,Netherlands,NL,NLD,Zuid-Holland,,9000.0,1528706910
Waiuku,Waiuku,-37.249,174.73,New Zealand,NZ,NZL,Auckland,,9171.0,1554334008
Kawara,Kawara,14.0706,5.6715,Niger,NE,NER,Tahoua,,9064.0,1562281421
Zoeterwoude,Zoeterwoude,52.1333,4.5,Netherlands,NL,NLD,Zuid-Holland,minor,8843.0,1528774166
Haram,Haram,62.6665,6.1894,Norway,NO,NOR,Møre og Romsdal,,9200.0,1578868176
Wanaka,Wanaka,-44.7,169.15,New Zealand,NZ,NZL,Otago,,8900.0,1554152950
Lunner,Lunner,60.2528,10.6672,Norway,NO,NOR,Viken,,9144.0,1578195993
Abcoude,Abcoude,52.27,4.97,Netherlands,NL,NLD,Utrecht,,8791.0,1528930356
Flekkefjord,Flekkefjord,58.2969,6.66,Norway,NO,NOR,Agder,minor,9048.0,1578438399
Wervershoof,Wervershoof,52.73,5.17,Netherlands,NL,NLD,Noord-Holland,,8746.0,1528048867
’s-Heerenberg,'s-Heerenberg,51.8764,6.2458,Netherlands,NL,NLD,Gelderland,,8635.0,1528329380
Strijen,Strijen,51.75,4.55,Netherlands,NL,NLD,Zuid-Holland,minor,8793.0,1528436754
Florø,Floro,61.5996,5.0328,Norway,NO,NOR,Vestland,minor,8925.0,1578596650
Loenen,Loenen,52.2419,5.0275,Netherlands,NL,NLD,Utrecht,,8562.0,1528450020
Kukrahill,Kukrahill,12.2428,-83.7486,Nicaragua,NI,NIC,Costa Caribe Sur,minor,8790.0,1558733102
Ter Apel,Ter Apel,52.8756,7.0597,Netherlands,NL,NLD,Groningen,,8671.0,1528468512
Ulstein,Ulstein,62.3564,5.8539,Norway,NO,NOR,Møre og Romsdal,,8575.0,1578619519
Quezalguaque,Quezalguaque,12.5078,-86.9033,Nicaragua,NI,NIC,León,minor,8591.0,1558204970
Kalaun,Kalaun,29.83,80.55,Nepal,NP,NPL,Sudūrpashchim,,8577.0,1524035219
Takiéta,Takieta,13.6806,8.5292,Niger,NE,NER,Zinder,,8554.0,1562878014
San Fernando,San Fernando,13.6767,-86.3144,Nicaragua,NI,NIC,Nueva Segovia,minor,8549.0,1558217254
Namsos,Namsos,64.4656,11.4978,Norway,NO,NOR,Trøndelag,minor,8471.0,1578576567
Hammerfest,Hammerfest,70.6634,23.6821,Norway,NO,NOR,Troms og Finnmark,minor,8073.0,1578368356
Thames,Thames,-37.1383,175.5375,New Zealand,NZ,NZL,Waikato,,7293.0,1554802053
Kerikeri,Kerikeri,-35.2244,173.9514,New Zealand,NZ,NZL,Northland,,6960.0,1554530676
Kaitaia,Kaitaia,-35.1125,173.2628,New Zealand,NZ,NZL,Northland,,5868.0,1554000934
Vadsø,Vadso,70.0803,29.7315,Norway,NO,NOR,Troms og Finnmark,minor,5642.0,1578863149
Svolvær,Svolvaer,68.2353,14.5636,Norway,NO,NOR,Nordland,minor,4686.0,1578516140
Westport,Westport,-41.7581,171.6022,New Zealand,NZ,NZL,West Coast,,4660.0,1554650685
Finnsnes,Finnsnes,69.2294,17.9811,Norway,NO,NOR,Troms og Finnmark,minor,4658.0,1578015471
Turangi,Turangi,-38.9889,175.8083,New Zealand,NZ,NZL,Waikato,,3320.0,1554981086
Kirkenes,Kirkenes,69.7269,30.0456,Norway,NO,NOR,Troms og Finnmark,minor,3531.0,1578657312
Rørvik,Rorvik,64.8619,11.2397,Norway,NO,NOR,Trøndelag,minor,3226.0,1578785320
Hokitika,Hokitika,-42.7156,170.9681,New Zealand,NZ,NZL,West Coast,,2892.0,1554205461
Te Anau,Te Anau,-45.4167,167.7167,New Zealand,NZ,NZL,Southland,,2250.0,1554603580
Kaikoura,Kaikoura,-42.4,173.68,New Zealand,NZ,NZL,Canterbury,,2210.0,1554578431
Greytown,Greytown,10.9467,-83.7358,Nicaragua,NI,NIC,Río San Juan,minor,1307.0,1558125707
Isemi-Ile,Isemi-Ile,7.97,3.59,Nigeria,NG,NGA,Oyo,,,1566369938
Halfmoon Bay,Halfmoon Bay,-46.9,168.1333,New Zealand,NZ,NZL,Southland,,300.0,1554077152
Kairaki,Kairaki,-43.386,172.703,New Zealand,NZ,NZL,Canterbury,,225.0,1554001309
Bolsward,Bolsward,53.0667,5.5333,Netherlands,NL,NLD,Fryslân,,9974.0,1528220988
Tounfafi,Tounfafi,14.0464,5.9812,Niger,NE,NER,Tahoua,,9530.0,1562992849
Bandio,Bandio,13.8888,1.0896,Niger,NE,NER,Tillabéri,,9237.0,1562066091
Jumlā,Jumla,29.25,82.2167,Nepal,NP,NPL,,,9073.0,1524473131
Toulou,Toulou,14.1688,5.199,Niger,NE,NER,Tahoua,,8785.0,1562294550
Gidan Idèr,Gidan Ider,14.0131,5.3185,Niger,NE,NER,Tahoua,,8582.0,1562080119
Kaldsletta,Kaldsletta,69.6956,18.8836,Norway,NO,NOR,Troms og Finnmark,,8681.0,1578543345
Vossevangen,Vossevangen,60.63,6.441,Norway,NO,NOR,Vestland,,5571.0,1578107030
Djado,Djado,21.015,12.3075,Niger,NE,NER,Agadez,,10.0,1562138807
