city,city_ascii,lat,lng,country,iso2,iso3,admin_name,capital,population,id
Gaza,Gaza,31.5069,34.456,Gaza Strip,XG,XGZ,,primary,590481.0,1916116052
Pristina,Pristina,42.6633,21.1622,Kosovo,XK,XKS,Prishtinë,primary,161751.0,1901760068
Longyearbyen,Longyearbyen,78.2167,15.6333,Svalbard,XR,XSV,,primary,,1930654114
Hebron,Hebron,31.5333,35.095,West Bank,XW,XWB,,,215452.0,1934166495
Rafaḩ,Rafah,31.2886,34.2519,Gaza Strip,XG,XGZ,,,152950.0,1916824868
Nāblus,Nablus,32.2222,35.2611,West Bank,XW,XWB,,,156906.0,1934360634
Khān Yūnis,Khan Yunis,31.3444,34.3031,Gaza Strip,XG,XGZ,,,142637.0,1916583637
Ferizaj,Ferizaj,42.3667,21.1667,Kosovo,XK,XKS,Ferizaj,admin,108610.0,1901875540
Gjakovë,Gjakove,42.3833,20.4333,Kosovo,XK,XKS,Gjakovë,admin,94556.0,1901089874
Prizren,Prizren,42.2128,20.7392,Kosovo,XK,XKS,Prizren,admin,94517.0,1901360309
Jabālyā,Jabalya,31.5281,34.4831,Gaza Strip,XG,XGZ,,,82877.0,1916175096
Podujevë,Podujeve,42.9167,21.2,Kosovo,XK,XKS,Podujevë,admin,88499.0,1901550082
Mitrovicë,Mitrovice,42.8833,20.8667,Kosovo,XK,XKS,,admin,85360.0,1901138430
Vushtrri,Vushtrri,42.8222,20.9694,Kosovo,XK,XKS,Vushtrri,admin,69870.0,1901107642
Bayt Lāhyā,Bayt Lahya,31.5539,34.5014,Gaza Strip,XG,XGZ,,,59540.0,1916827259
Suharekë,Suhareke,42.38,20.8219,Kosovo,XK,XKS,Suharekë,admin,59722.0,1901918563
Gllogovc,Gllogovc,42.6236,20.8939,Kosovo,XK,XKS,Gllogovc,admin,58531.0,1901031751
Dayr al Balaḩ,Dayr al Balah,31.4189,34.3517,Gaza Strip,XG,XGZ,,,54439.0,1916770606
Lipjan,Lipjan,42.53,21.1386,Kosovo,XK,XKS,Lipjan,admin,57605.0,1901682048
Rahovec,Rahovec,42.3994,20.6547,Kosovo,XK,XKS,Rahovec,admin,56208.0,1901336358
Gjilan,Gjilan,42.4647,21.4669,Kosovo,XK,XKS,Gjilan,admin,54239.0,1901235642
Qalqīlyah,Qalqilyah,32.1903,34.9686,West Bank,XW,XWB,,,51683.0,1934513064
Skenderaj,Skenderaj,42.7467,20.7886,Kosovo,XK,XKS,Skenderaj,admin,50858.0,1901259570
Pejë,Peje,42.6603,20.2917,Kosovo,XK,XKS,Pejë,admin,48962.0,1901339694
Istog,Istog,42.7833,20.4833,Kosovo,XK,XKS,Istog,admin,39289.0,1901248770
Klinë,Kline,42.6167,20.5667,Kosovo,XK,XKS,Klinë,admin,38496.0,1901230162
Banī Suhaylā,Bani Suhayla,31.3428,34.3253,Gaza Strip,XG,XGZ,,,33767.0,1916052157
Kamenicë,Kamenice,42.5839,21.575,Kosovo,XK,XKS,Kamenicë,admin,36085.0,1901851592
Dragash,Dragash,42.0611,20.6528,Kosovo,XK,XKS,Dragash,admin,34827.0,1901112530
Fushë Kosovë,Fushe Kosove,42.63,21.12,Kosovo,XK,XKS,Fushë Kosovë,admin,33997.0,1901134407
Kaçanik,Kacanik,42.2467,21.2553,Kosovo,XK,XKS,Kaçanik,admin,33409.0,1901200321
Shtime,Shtime,42.4333,21.0333,Kosovo,XK,XKS,Shtime,admin,27324.0,1901598505
‘Abasān al Kabīrah,`Abasan al Kabirah,31.3237,34.3476,Gaza Strip,XG,XGZ,,,19000.0,1916769088
Leposaviq,Leposaviq,43.1,20.8,Kosovo,XK,XKS,Leposaviq,admin,18600.0,1901974597
Zveçan,Zvecan,42.9,20.8333,Kosovo,XK,XKS,Zveçan,admin,16650.0,1901208362
Zubin Potok,Zubin Potok,42.9167,20.6833,Kosovo,XK,XKS,Zubin Potok,admin,15200.0,1901608808
Shtërpcë,Shterpce,42.2333,21.0167,Kosovo,XK,XKS,Shtërpcë,admin,13630.0,1901828239
Graçanicë,Gracanice,42.6,21.2,Kosovo,XK,XKS,Graçanicë,admin,10675.0,1901753443
Hani i Elezit,Hani i Elezit,42.1475,21.2992,Kosovo,XK,XKS,Hani i Elezit,admin,9403.0,1901964789
Novobërdë,Novoberde,42.6,21.4333,Kosovo,XK,XKS,Novobërdë,admin,7121.0,1901684676
Obiliq,Obiliq,42.69,21.0778,Kosovo,XK,XKS,Obiliq,admin,6864.0,1901102771
Junik,Junik,42.4761,20.2775,Kosovo,XK,XKS,Junik,admin,6084.0,1901930204
Mamushë,Mamushe,42.3167,20.7167,Kosovo,XK,XKS,Mamushë,admin,5507.0,1901042958
Ranillug,Ranillug,42.492,21.559,Kosovo,XK,XKS,Ranillug,admin,5800.0,1901029901
Partesh,Partesh,42.4019,21.4336,Kosovo,XK,XKS,Partesh,admin,5300.0,1901909986
Deçan,Decan,42.5333,20.2833,Kosovo,XK,XKS,Deçan,admin,3803.0,1901189818
Malishevë,Malisheve,42.4828,20.7461,Kosovo,XK,XKS,Malishevë,admin,3395.0,1901597212
Kllokot,Kllokot,42.3667,21.3833,Kosovo,XK,XKS,Kllokot,admin,2556.0,1901445768
Viti,Viti,42.3214,21.3583,Kosovo,XK,XKS,Viti,admin,,1901328795
Yattir,Yattir,31.4478,35.09,West Bank,XW,XWB,,,64277.0,1934947354
Ţūlkarm,Tulkarm,32.3117,35.0272,West Bank,XW,XWB,,,61941.0,1934334760
Janīn,Janin,32.4611,35.3,West Bank,XW,XWB,,,39004.0,1934524373
Ramallah,Ramallah,31.9,35.2,West Bank,XW,XWB,,,38998.0,1934604374
Az̧ Z̧āhirīyah,Az Zahiriyah,31.4078,34.9722,West Bank,XW,XWB,,,38002.0,1934407195
Bethlehem,Bethlehem,31.7031,35.1956,West Bank,XW,XWB,,,28591.0,1934388150
Baytūnyā,Baytunya,31.8889,35.1675,West Bank,XW,XWB,,,26604.0,1934209318
Qabāţīyah,Qabatiyah,32.4097,35.2808,West Bank,XW,XWB,,,24439.0,1934173704
Jericho,Jericho,31.8711,35.4442,West Bank,XW,XWB,,,20300.0,1934197330
Bayt Ūmmar,Bayt Ummar,31.6214,35.1022,West Bank,XW,XWB,,,19892.0,1934976309
Idhnā,Idhna,31.5586,34.9761,West Bank,XW,XWB,,,19012.0,1934524225
Az Zuwāydah,Az Zuwaydah,31.4284,34.3659,Gaza Strip,XG,XGZ,,,15483.0,1916190557
Bayt Jālā,Bayt Jala,31.715,35.1872,West Bank,XW,XWB,,,13484.0,1934810558
Matiçan,Matican,42.6449,21.1918,Kosovo,XK,XKS,Prishtinë,,13876.0,1901916938
Ya‘bad,Ya`bad,32.4467,35.1703,West Bank,XW,XWB,,,13640.0,1934942551
Bayt Sāḩūr,Bayt Sahur,31.7,35.2167,West Bank,XW,XWB,,,13281.0,1934945594
Abū Dīs,Abu Dis,31.7625,35.2658,West Bank,XW,XWB,,,12604.0,1934018131
Pozharan,Pozharan,42.3648,21.3372,Kosovo,XK,XKS,Viti,,11749.0,1901243584
Dushanovë,Dushanove,42.2347,20.7091,Kosovo,XK,XKS,Prizren,,9398.0,1901150015
Zhur,Zhur,42.1639,20.6211,Kosovo,XK,XKS,Prizren,,8927.0,1901520274
