city,city_ascii,lat,lng,country,iso2,iso3,admin_name,capital,population,id
Seoul,Seoul,37.56,126.99,South Korea,KR,KOR,Seoul,primary,23016000.0,1410836482
Nairobi,Nairobi,-1.2864,36.8172,Kenya,KE,KEN,Nairobi City,primary,5545000.0,1404000661
Busan,Busan,35.18,129.075,South Korea,KR,KOR,Busan,admin,3453198.0,1410601465
Kuwait City,Kuwait City,29.3697,47.9783,Kuwait,KW,KWT,Al ‘Āşimah,primary,3000000.0,1414102075
Incheon,Incheon,37.4833,126.6333,South Korea,KR,KOR,Incheon,admin,2936117.0,1410160313
Pyongyang,Pyongyang,39.0194,125.7381,North Korea,KP,PRK,P’yŏngyang,primary,2863000.0,1408738594
Daegu,Daegu,35.8717,128.6017,South Korea,KR,KOR,Daegu,admin,2461002.0,1410095252
Phnom Penh,Phnom Penh,11.5694,104.9211,Cambodia,KH,KHM,Phnom Penh,primary,2129371.0,1116260534
Almaty,Almaty,43.2775,76.8958,Kazakhstan,KZ,KAZ,,admin,1916822.0,1398351701
Meru,Meru,0.05,37.65,Kenya,KE,KEN,Meru,admin,1833000.0,1404588252
Gwangju,Gwangju,35.1653,126.8486,South Korea,KR,KOR,Gwangju,admin,1490092.0,1410000087
Daejeon,Daejeon,36.351,127.385,South Korea,KR,KOR,Daejeon,admin,1475221.0,1410993875
Suwon,Suwon,37.2667,127.0167,South Korea,KR,KOR,Gyeonggi,admin,1234300.0,1410679777
Mombasa,Mombasa,-4.05,39.6667,Kenya,KE,KEN,Mombasa,admin,1208333.0,1404512373
Ulsan,Ulsan,35.55,129.3167,South Korea,KR,KOR,Ulsan,admin,1166033.0,1410134602
Bishkek,Bishkek,42.8747,74.6122,Kyrgyzstan,KG,KGZ,Bishkek,primary,1074075.0,1417191971
Nur-Sultan,Nur-Sultan,51.1472,71.4222,Kazakhstan,KZ,KAZ,,primary,1078362.0,1398516045
Tongjin,Tongjin,37.2333,127.2,South Korea,KR,KOR,Gyeonggi,,1076369.0,1410160862
Goyang,Goyang,37.65,126.8,South Korea,KR,KOR,Gyeonggi,minor,1061929.0,1410511255
Changwon,Changwon,35.2708,128.6631,South Korea,KR,KOR,Gyeongnam,admin,1046054.0,1410592618
Shymkent,Shymkent,42.3167,69.5958,Kazakhstan,KZ,KAZ,,admin,1028673.0,1398791401
Moroni,Moroni,-11.699,43.256,Comoros,KM,COM,Grande Comore,primary,111329.0,1174793581
Tarawa,Tarawa,1.3382,173.0176,Kiribati,KI,KIR,,primary,28802.0,1296152641
George Town,George Town,19.2866,-81.3744,Cayman Islands,KY,CYM,,primary,27704.0,1136159124
Basseterre,Basseterre,17.3,-62.7333,Saint Kitts and Nevis,KN,KNA,Saint George Basseterre,primary,13220.0,1659198919
Sŏngnam,Songnam,37.4333,127.15,South Korea,KR,KOR,Gyeonggi,,948757.0,1410622472
Bucheon,Bucheon,37.5,126.7833,South Korea,KR,KOR,Gyeonggi,minor,867678.0,1410428222
Cheongju,Cheongju,36.6333,127.4833,South Korea,KR,KOR,Chungbuk,admin,833276.0,1410964361
Hamhŭng,Hamhung,39.9167,127.5333,North Korea,KP,PRK,Hamnam,admin,768551.0,1408482040
Yanggok,Yanggok,37.6333,127.2167,South Korea,KR,KOR,Gyeonggi,,713321.0,1410188674
Nampo,Nampo,38.7333,125.4,North Korea,KP,PRK,Namp’o,,703317.0,1408358410
Ch’ŏngjin,Ch'ongjin,41.7833,129.7667,North Korea,KP,PRK,Hambuk,admin,667929.0,1408498177
Ansan,Ansan,37.3167,126.8333,South Korea,KR,KOR,Gyeonggi,,652800.0,1410585171
Hwasu-dong,Hwasu-dong,37.1997,126.8314,South Korea,KR,KOR,Gyeonggi,,655350.0,1410037247
Ch’ŏnan,Ch'onan,36.8167,127.1667,South Korea,KR,KOR,Chungnam,,651661.0,1410020455
Jeonju,Jeonju,35.8167,127.15,South Korea,KR,KOR,Jeonbuk,admin,631532.0,1410494847
Anyang,Anyang,37.3833,126.9333,South Korea,KR,KOR,Gyeonggi,,573296.0,1410581095
Kimhae,Kimhae,35.2342,128.8811,South Korea,KR,KOR,Gyeongnam,,550758.0,1410836094
Pohang,Pohang,36.0322,129.365,South Korea,KR,KOR,Gyeongbuk,minor,520305.0,1410983252
Qaraghandy,Qaraghandy,49.8028,73.1056,Kazakhstan,KZ,KAZ,,admin,497777.0,1398274508
Pyeongtaek,Pyeongtaek,36.9922,127.1128,South Korea,KR,KOR,Gyeonggi,,457873.0,1410641095
Sunch’ŏn,Sunch'on,39.4167,125.9333,North Korea,KP,PRK,P’yŏngnam,,437000.0,1408510801
Jeju,Jeju,33.5097,126.5219,South Korea,KR,KOR,Jeju,admin,435413.0,1410364424
Masan,Masan,35.1833,128.55,South Korea,KR,KOR,Gyeongnam,,429612.0,1410394650
Sihŭng,Sihung,37.3799,126.8029,South Korea,KR,KOR,Gyeonggi,,425184.0,1410313432
Uijeongbu,Uijeongbu,37.7486,127.0389,South Korea,KR,KOR,Gyeonggi,,421579.0,1410888678
Paju,Paju,37.8667,126.8,South Korea,KR,KOR,Gyeonggi,minor,415345.0,1410365324
Kisumu,Kisumu,-0.0833,34.7667,Kenya,KE,KEN,Kisumu,admin,409928.0,1404511920
Kumi,Kumi,36.1195,128.3444,South Korea,KR,KOR,Gyeongbuk,,407880.0,1410638233
Al Jahrā’,Al Jahra',29.35,47.6833,Kuwait,KW,KWT,Al Jahrā’,,393432.0,1414182001
Aqtöbe,Aqtobe,50.2836,57.2297,Kazakhstan,KZ,KAZ,,admin,387807.0,1398602716
Wŏnsan,Wonsan,39.1475,127.4461,North Korea,KP,PRK,Kangwŏn,admin,363127.0,1408692125
Taraz,Taraz,42.9,71.3667,Kazakhstan,KZ,KAZ,,admin,357795.0,1398626276
Pavlodar,Pavlodar,52.3,76.95,Kazakhstan,KZ,KAZ,,admin,353930.0,1398790087
Gimpo,Gimpo,37.7,126.6,South Korea,KR,KOR,Gyeonggi,minor,352683.0,1410797548
Sinŭiju,Sinuiju,40.1,124.4,North Korea,KP,PRK,P’yŏngbuk,admin,352000.0,1408740449
Semey,Semey,50.4333,80.2667,Kazakhstan,KZ,KAZ,,admin,350201.0,1398405657
Öskemen,Oskemen,49.9833,82.6167,Kazakhstan,KZ,KAZ,,admin,346127.0,1398371414
Tanch’ŏn,Tanch'on,40.458,128.911,North Korea,KP,PRK,Hamnam,,345876.0,1408940912
Yeosu,Yeosu,34.7333,127.7333,South Korea,KR,KOR,Jeonnam,minor,341994.0,1410002025
Kaesŏng,Kaesong,37.9667,126.55,North Korea,KP,PRK,Kaesŏng,admin,338155.0,1408725697
Chinju,Chinju,35.2,128.0833,South Korea,KR,KOR,Gyeongnam,,337230.0,1410560599
Asan,Asan,36.7833,126.9833,South Korea,KR,KOR,Chungnam,,332790.0,1410521090
Wŏnju,Wonju,37.3417,127.9208,South Korea,KR,KOR,Gangwon,,330854.0,1410782685
Nakuru,Nakuru,-0.3,36.0667,Kenya,KE,KEN,Nakuru,admin,307990.0,1404140179
Gwangmyeongni,Gwangmyeongni,37.476,126.866,South Korea,KR,KOR,Gyeonggi,,318021.0,1410103113
Kikuyu,Kikuyu,-1.25,36.6667,Kenya,KE,KEN,Kiambu,,323881.0,1404116834
Osh,Osh,40.5333,72.7833,Kyrgyzstan,KG,KGZ,Osh,admin,322164.0,1417797596
Kaech’ŏn,Kaech'on,39.6986,125.9061,North Korea,KP,PRK,P’yŏngnam,,319554.0,1408781295
Asan,Asan,36.35,126.9167,South Korea,KR,KOR,Chungnam,,319929.0,1410904940
Gwangju,Gwangju,37.3667,127.2833,South Korea,KR,KOR,Gyeonggi,,310278.0,1410978753
Sariwŏn,Sariwon,38.5064,125.7597,North Korea,KP,PRK,Hwangbuk,admin,307764.0,1408018673
Iksan,Iksan,35.9439,126.9544,South Korea,KR,KOR,Jeonbuk,,302310.0,1410134391
Yangsan,Yangsan,35.3333,129.0333,South Korea,KR,KOR,Gyeongnam,minor,297532.0,1410795549
Kunp’o,Kunp'o,37.35,126.95,South Korea,KR,KOR,Gyeonggi,,285721.0,1410672540
Atyraū,Atyrau,47.1167,51.8833,Kazakhstan,KZ,KAZ,,admin,290700.0,1398169063
Chuncheon,Chuncheon,37.8667,127.7333,South Korea,KR,KOR,Gangwon,admin,281596.0,1410231130
Gyeongsan,Gyeongsan,35.8167,128.7333,South Korea,KR,KOR,Gyeongbuk,,278500.0,1410545168
Kunsan,Kunsan,35.9833,126.7167,South Korea,KR,KOR,Jeonbuk,,275155.0,1410913202
Yeosu,Yeosu,34.7607,127.6622,South Korea,KR,KOR,Jeonnam,minor,273761.0,1410698161
Suncheon,Suncheon,34.9506,127.4875,South Korea,KR,KOR,Jeonnam,minor,265390.0,1410109654
Kyŏngju,Kyongju,35.85,129.2167,South Korea,KR,KOR,Gyeongbuk,,264091.0,1410173146
Kanggye,Kanggye,40.9667,126.6,North Korea,KP,PRK,Chagang,admin,251971.0,1408728939
Mokpo,Mokpo,34.7589,126.38,South Korea,KR,KOR,Jeonnam,minor,239524.0,1410279439
Haeju,Haeju,38.0333,125.7167,North Korea,KP,PRK,Hwangnam,admin,241599.0,1408348983
Qyzylorda,Qyzylorda,44.85,65.5167,Kazakhstan,KZ,KAZ,,admin,242462.0,1398248334
Anju,Anju,39.62,125.66,North Korea,KP,PRK,P’yŏngnam,,240117.0,1408625970
P’yŏng-dong,P'yong-dong,39.25,125.85,North Korea,KP,PRK,P’yŏngyang,,236583.0,1408184982
Oral,Oral,51.2225,51.3725,Kazakhstan,KZ,KAZ,,admin,234184.0,1398593972
Osan,Osan,37.1498,127.0771,South Korea,KR,KOR,Gyeonggi,,213840.0,1410606985
Qostanay,Qostanay,53.2,63.62,Kazakhstan,KZ,KAZ,,admin,217135.0,1398455461
Petropavl,Petropavl,54.8833,69.1667,Kazakhstan,KZ,KAZ,,admin,216406.0,1398252858
Gangneung,Gangneung,37.75,128.9,South Korea,KR,KOR,Gangwon,minor,215677.0,1410450550
Chungju,Chungju,36.9667,127.95,South Korea,KR,KOR,Chungbuk,,211005.0,1410333057
Ich’ŏn,Ich'on,37.2667,127.4333,South Korea,KR,KOR,Gyeonggi,,209003.0,1410736435
Sejong,Sejong,36.487,127.2822,South Korea,KR,KOR,Sejong,admin,204088.0,1410002592
Eldoret,Eldoret,0.5167,35.2833,Kenya,KE,KEN,Uasin Gishu,admin,193830.0,1404676289
Rajin,Rajin,42.3444,130.3844,North Korea,KP,PRK,Rasŏn,admin,196954.0,1408449973
Kusŏng,Kusong,39.9667,125.1667,North Korea,KP,PRK,P’yŏngbuk,,196515.0,1408227006
Anseong,Anseong,37.0078,127.2797,South Korea,KR,KOR,Gyeonggi,,194765.0,1410960903
Hyesan,Hyesan,41.4,128.1833,North Korea,KP,PRK,Ryanggang,admin,192680.0,1408642146
Chŏngju,Chongju,39.65,125.3333,North Korea,KP,PRK,P’yŏngbuk,,189742.0,1408650871
Chaedŏk,Chaedok,40.7988,129.3602,North Korea,KP,PRK,Hambuk,,187270.0,1408001232
Guri,Guri,37.6,127.15,South Korea,KR,KOR,Gyeonggi,,180063.0,1410478813
Temirtaū,Temirtau,50.05,72.95,Kazakhstan,KZ,KAZ,,,185082.0,1398081646
Aqtaū,Aqtau,43.6525,51.1575,Kazakhstan,KZ,KAZ,,admin,183350.0,1398046759
Ongata Rongai,Ongata Rongai,-1.4,36.77,Kenya,KE,KEN,Kajiado,,172570.0,1404422353
Habaswein,Habaswein,1.01,39.49,Kenya,KE,KEN,Wajir,,174134.0,1404012344
Sŏsan,Sosan,36.7817,126.4522,South Korea,KR,KOR,Chungnam,,169221.0,1410171679
Hŭich’ŏn,Huich'on,40.1707,126.2761,North Korea,KP,PRK,Chagang,,168180.0,1408445793
Kökshetaū,Kokshetau,53.2833,69.3833,Kazakhstan,KZ,KAZ,,admin,165153.0,1398375387
Türkistan,Turkistan,43.3019,68.2692,Kazakhstan,KZ,KAZ,,admin,164899.0,1398398278
Abū Ḩulayfah,Abu Hulayfah,29.1322,48.1261,Kuwait,KW,KWT,Al Aḩmadī,,164212.0,1414456826
Pocheon,Pocheon,37.8947,127.2002,South Korea,KR,KOR,Gyeonggi,minor,163388.0,1410780187
Andong,Andong,36.5592,128.7289,South Korea,KR,KOR,Gyeongbuk,admin,162180.0,1410095935
Ekibastuz,Ekibastuz,51.6667,75.3667,Kazakhstan,KZ,KAZ,,minor,159760.0,1398583266
Molo,Molo,-0.25,35.7333,Kenya,KE,KEN,Nakuru,,156732.0,1404340216
Ŭiwang,Uiwang,37.3448,126.9683,South Korea,KR,KOR,Gyeonggi,,154879.0,1410211816
Hanam,Hanam,37.5167,127.2,South Korea,KR,KOR,Gyeonggi,,154838.0,1410241338
Kitenkela,Kitenkela,-1.5167,36.85,Kenya,KE,KEN,Kajiado,,154436.0,1404000624
Seogwipo,Seogwipo,33.2497,126.56,South Korea,KR,KOR,Jeju,,153861.0,1410542763
Hoeryŏng,Hoeryong,42.4333,129.75,North Korea,KP,PRK,Hambuk,minor,153532.0,1408656165
Sinpo,Sinpo,40.0347,128.1856,North Korea,KP,PRK,Hamnam,,152759.0,1408269466
Kiambu,Kiambu,-1.1667,36.8167,Kenya,KE,KEN,Kiambu,admin,147870.0,1404390868
Siem Reap,Siem Reap,13.3622,103.8597,Cambodia,KH,KHM,Siem Reap,admin,147866.0,1116263015
Ramu,Ramu,3.9375,41.2203,Kenya,KE,KEN,Mandera,,143850.0,1404221019
Gwangyang,Gwangyang,34.9333,127.6833,South Korea,KR,KOR,Jeonnam,minor,151834.0,1410398748
Zhangaözen,Zhangaozen,43.3378,52.8553,Kazakhstan,KZ,KAZ,,,147962.0,1398274968
Mangghystaū,Mangghystau,43.6905,51.1417,Kazakhstan,KZ,KAZ,,,147443.0,1398790140
Jicheon,Jicheon,36.1333,128.1,South Korea,KR,KOR,Gyeongbuk,,139477.0,1410269252
Ch’ungmu,Ch'ungmu,34.8333,128.4167,South Korea,KR,KOR,Gyeongnam,,137208.0,1410257662
Chech’ŏn,Chech'on,37.1333,128.2167,South Korea,KR,KOR,Chungbuk,,136350.0,1410470747
Battambang,Battambang,13.1,103.2,Cambodia,KH,KHM,Battambang,admin,130000.0,1116106237
Taldyqorghan,Taldyqorghan,45.0167,78.3667,Kazakhstan,KZ,KAZ,,admin,129960.0,1398112507
Songnim,Songnim,38.7542,125.645,North Korea,KP,PRK,Hwangbuk,,128831.0,1408214405
Rudnyy,Rudnyy,52.9667,63.1333,Kazakhstan,KZ,KAZ,,minor,128200.0,1398701954
Kampong Cham,Kampong Cham,11.987,105.462,Cambodia,KH,KHM,Kampong Cham,admin,118242.0,1116115849
Noksan,Noksan,36.2039,127.0847,South Korea,KR,KOR,Chungnam,,124246.0,1410179693
Malindi,Malindi,-3.2236,40.13,Kenya,KE,KEN,Kilifi,,119859.0,1404380224
Munch’ŏn,Munch'on,39.259,127.356,North Korea,KP,PRK,Kangwŏn,,122934.0,1408134393
Kilifi,Kilifi,-3.6333,39.85,Kenya,KE,KEN,Kilifi,,122899.0,1404002930
Vihiga,Vihiga,0.05,34.725,Kenya,KE,KEN,Vihiga,,118696.0,1404002123
Tangjin,Tangjin,36.8931,126.6281,South Korea,KR,KOR,Chungnam,,117409.0,1410304730
Machakos,Machakos,-1.5167,37.2667,Kenya,KE,KEN,Machakos,admin,114109.0,1404746781
Manpo,Manpo,41.157,126.29,North Korea,KP,PRK,Chagang,,116760.0,1408334845
Sach’on,Sach'on,35.0667,128.0833,South Korea,KR,KOR,Gyeongnam,,114556.0,1410555312
Sa-ch’on,Sa-ch'on,35.2347,128.3575,South Korea,KR,KOR,Gyeongnam,,113335.0,1410369367
Hosan,Hosan,36.2,127.0833,South Korea,KR,KOR,Chungnam,,112939.0,1410009966
Jeonghae,Jeonghae,35.5667,126.85,South Korea,KR,KOR,Jeonbuk,,110194.0,1410005963
Yŏju,Yoju,37.3,127.6333,South Korea,KR,KOR,Gyeonggi,,109937.0,1410007012
Yŏngju,Yongju,36.8058,128.6239,South Korea,KR,KOR,Gyeongbuk,,109266.0,1410990908
Ngong,Ngong,-1.3667,36.6333,Kenya,KE,KEN,Kajiado,,102323.0,1404947852
Thika,Thika,-1.0396,37.09,Kenya,KE,KEN,Kiambu,,99322.0,1404482650
Nyeri,Nyeri,-0.4167,36.95,Kenya,KE,KEN,Nyeri,admin,98908.0,1404924901
Miryang,Miryang,35.5,128.75,South Korea,KR,KOR,Gyeongnam,,103069.0,1410001039
Sangju,Sangju,36.44,128.17,South Korea,KR,KOR,Gyeongbuk,,102892.0,1410127055
Mumias,Mumias,0.3333,34.4833,Kenya,KE,KEN,Kakamega,,99987.0,1404232773
Paoy Paet,Paoy Paet,13.65,102.5667,Cambodia,KH,KHM,Banteay Meanchey,,98934.0,1116750944
Boryeong,Boryeong,36.3333,126.6167,South Korea,KR,KOR,Chungnam,minor,101852.0,1410204364
Sisophon,Sisophon,13.5833,102.9833,Cambodia,KH,KHM,Banteay Meanchey,admin,99019.0,1116276411
Kakamega,Kakamega,0.2822,34.754,Kenya,KE,KEN,Kakamega,admin,91778.0,1404614327
Wajir,Wajir,1.75,40.05,Kenya,KE,KEN,Wajir,admin,90116.0,1404067343
Zhezqazghan,Zhezqazghan,47.7833,67.7,Kazakhstan,KZ,KAZ,,admin,90661.0,1398121545
Jalal-Abad,Jalal-Abad,40.9333,73.0,Kyrgyzstan,KG,KGZ,Jalal-Abad,admin,89004.0,1417653652
Karakol,Karakol,42.4903,78.3917,Kyrgyzstan,KG,KGZ,Ysyk-Köl,admin,85588.0,1417269527
Garissa,Garissa,-0.4569,39.6583,Kenya,KE,KEN,Garissa,admin,65881.0,1404464692
Nandi Hills,Nandi Hills,0.1003,35.1764,Kenya,KE,KEN,Nandi,,73626.0,1404700660
Prey Veng,Prey Veng,11.4833,105.3167,Cambodia,KH,KHM,Prey Veng,admin,74000.0,1116378797
Sihanoukville,Sihanoukville,10.6333,103.5,Cambodia,KH,KHM,Preah Sihanouk,admin,71082.0,1116098692
Samraong,Samraong,14.25,103.5833,Cambodia,KH,KHM,Oddar Meanchey,admin,70944.0,1116989175
Kitale,Kitale,1.0167,35.0,Kenya,KE,KEN,Trans Nzoia,admin,63245.0,1404890081
Kratie,Kratie,12.48,106.03,Cambodia,KH,KHM,Kratie,admin,60000.0,1116453792
Bungoma,Bungoma,0.5667,34.5667,Kenya,KE,KEN,Bungoma,admin,55857.0,1404689847
Pursat,Pursat,12.5333,103.9167,Cambodia,KH,KHM,Pursat,admin,58255.0,1116566865
Wote,Wote,-1.7833,37.6333,Kenya,KE,KEN,Makueni,admin,56419.0,1404304549
Takeo,Takeo,10.9833,104.7833,Cambodia,KH,KHM,Takeo,admin,52000.0,1116674518
Isiolo,Isiolo,0.35,37.5833,Kenya,KE,KEN,Isiolo,admin,45989.0,1404771203
Iten,Iten,0.6731,35.5083,Kenya,KE,KEN,Elgeyo/Marakwet,admin,42312.0,1404000102
Kampong Chhnang,Kampong Chhnang,12.25,104.6667,Cambodia,KH,KHM,Kampong Chhnang,admin,41700.0,1116735270
Svay Rieng,Svay Rieng,11.0833,105.8,Cambodia,KH,KHM,Svay Rieng,admin,41424.0,1116432743
Kampot,Kampot,10.6,104.1667,Cambodia,KH,KHM,Kampot,admin,39186.0,1116966757
Qapshaghay,Qapshaghay,43.8844,77.0687,Kazakhstan,KZ,KAZ,,admin,42167.0,1398594098
Embu,Embu,-0.5389,37.4583,Kenya,KE,KEN,Embu,admin,41092.0,1404376456
Kisii,Kisii,-0.6833,34.7667,Kenya,KE,KEN,Kisii,admin,37531.0,1404617601
Talas,Talas,42.5167,72.2333,Kyrgyzstan,KG,KGZ,Talas,admin,40308.0,1417698287
Krong Kep,Krong Kep,10.4875,104.3208,Cambodia,KH,KHM,Kep,admin,35990.0,1116392544
Suong,Suong,11.9167,105.65,Cambodia,KH,KHM,Tbong Khmum,admin,35054.0,1116319433
Naryn,Naryn,41.4333,76.0,Kyrgyzstan,KG,KGZ,Naryn,admin,34822.0,1417466970
Busia,Busia,0.4633,34.1053,Kenya,KE,KEN,Busia,admin,30777.0,1404250734
Homa Bay,Homa Bay,-0.5167,34.45,Kenya,KE,KEN,Homa Bay,admin,32174.0,1404321159
Kampong Speu,Kampong Speu,11.452,104.519,Cambodia,KH,KHM,Kampong Speu,admin,33231.0,1116446492
Koh Kong,Koh Kong,11.6167,102.9833,Cambodia,KH,KHM,Koh Kong,admin,33591.0,1116924669
Kericho,Kericho,-0.3692,35.2839,Kenya,KE,KEN,Kericho,admin,30023.0,1404338562
Banlung,Banlung,13.7468,107.0045,Cambodia,KH,KHM,Ratanakiri,admin,30399.0,1116605438
Mandera,Mandera,3.9167,41.8333,Kenya,KE,KEN,Mandera,admin,30433.0,1404192737
Kitui,Kitui,-1.3667,38.0167,Kenya,KE,KEN,Kitui,admin,29062.0,1404548296
Kampong Thom,Kampong Thom,12.7,104.9,Cambodia,KH,KHM,Kampong Thom,admin,31871.0,1116471297
Rumuruti,Rumuruti,0.26,36.5363,Kenya,KE,KEN,Laikipia,admin,31649.0,1404005234
Moyale,Moyale,3.527,39.056,Kenya,KE,KEN,Marsabit,,25000.0,1404689643
Lamu,Lamu,-2.2694,40.9022,Kenya,KE,KEN,Lamu,admin,25385.0,1404163131
Mutsamudu,Mutsamudu,-12.1675,44.3939,Comoros,KM,COM,Anjouan,admin,30000.0,1174036583
Stung Treng,Stung Treng,13.5167,105.9667,Cambodia,KH,KHM,Stung Treng,admin,29665.0,1116286673
Betio,Betio,1.35,172.9333,Kiribati,KI,KIR,,,17356.0,1296879625
Batken,Batken,40.0667,70.8167,Kyrgyzstan,KG,KGZ,Batken,admin,27730.0,1417022726
Shark,Shark,40.5569,72.8264,Kyrgyzstan,KG,KGZ,Osh,,21120.0,1417396850
Tbeng Meanchey,Tbeng Meanchey,13.8167,104.9667,Cambodia,KH,KHM,Preah Vihear,admin,24380.0,1116207762
Kajiado,Kajiado,-1.85,36.7833,Kenya,KE,KEN,Kajiado,admin,24678.0,1404265412
Svay Pak,Svay Pak,11.6467,104.8715,Cambodia,KH,KHM,Phnom Penh,,19042.0,1116000411
Maralal,Maralal,1.1,36.7,Kenya,KE,KEN,Samburu,admin,20841.0,1404895664
Eldama Ravine,Eldama Ravine,0.05,35.7167,Kenya,KE,KEN,Baringo,,17581.0,1404468256
Fomboni,Fomboni,-12.28,43.7425,Comoros,KM,COM,Mohéli,admin,18277.0,1174539766
Kapsabet,Kapsabet,0.3333,35.1667,Kenya,KE,KEN,Nandi,admin,17918.0,1404814363
Marsabit,Marsabit,2.3333,37.9833,Kenya,KE,KEN,Marsabit,admin,17127.0,1404055253
Lodwar,Lodwar,3.1167,35.6,Kenya,KE,KEN,Turkana,admin,16981.0,1404993573
Kerugoya,Kerugoya,-0.5,37.2833,Kenya,KE,KEN,Kirinyaga,admin,14056.0,1404597807
Namanga,Namanga,-2.55,36.7833,Kenya,KE,KEN,Nyamira,,13193.0,1404000001
Kwale,Kwale,-4.1744,39.4603,Kenya,KE,KEN,Kwale,admin,10063.0,1404769042
Sen Monorom,Sen Monorom,12.45,107.2,Cambodia,KH,KHM,Mondolkiri,admin,7500.0,1116978997
Hola,Hola,-1.5,40.0333,Kenya,KE,KEN,Tana River,admin,6931.0,1404396632
Mwatate,Mwatate,-3.5047,38.3778,Kenya,KE,KEN,Taita/Taveta,admin,5551.0,1404648092
Ta Khmau,Ta Khmau,11.4833,104.95,Cambodia,KH,KHM,Kandal,admin,,1116571704
Kabarnet,Kabarnet,0.494,35.744,Kenya,KE,KEN,Baringo,admin,,1404620707
Sariwŏn-si,Sariwon-si,38.5242,125.7547,North Korea,KP,PRK,Hwangbuk,admin,,1408002125
Migori,Migori,-1.0634,34.4731,Kenya,KE,KEN,Migori,admin,,1404478510
Nyamira,Nyamira,-0.5633,34.9358,Kenya,KE,KEN,Nyamira,admin,,1404000104
Sotik Post,Sotik Post,-0.7813,35.3416,Kenya,KE,KEN,Bomet,admin,,1404087664
Murang’a,Murang'a,-0.7167,37.15,Kenya,KE,KEN,Murang’a,admin,,1404066738
Siaya,Siaya,0.0667,34.2833,Kenya,KE,KEN,Siaya,admin,,1404162576
P’yŏngsŏng-si,P'yongsong-si,39.2828,125.8633,North Korea,KP,PRK,P’yŏngnam,admin,,1408002002
Kapenguria,Kapenguria,1.2333,35.1167,Kenya,KE,KEN,West Pokot,admin,,1404228137
Narok,Narok,-1.0833,35.8667,Kenya,KE,KEN,Narok,admin,,1404459814
Ol Kalou,Ol Kalou,-0.273,36.378,Kenya,KE,KEN,Nyandarua,admin,,1404930645
Pailin,Pailin,12.8489,102.6093,Cambodia,KH,KHM,Pailin,admin,,1116050327
Hongseong,Hongseong,36.6009,126.665,South Korea,KR,KOR,Chungnam,admin,,1410822139
Muan,Muan,34.9897,126.4714,South Korea,KR,KOR,Jeonnam,admin,,1410001061
Dongducheon,Dongducheon,37.9167,127.0667,South Korea,KR,KOR,Gyeonggi,,97424.0,1410519938
Kimilili,Kimilili,0.7833,34.7167,Kenya,KE,KEN,Bungoma,,94927.0,1404489379
Naju,Naju,35.0333,126.7167,South Korea,KR,KOR,Jeonnam,minor,92582.0,1410651571
Kendu Bay,Kendu Bay,-0.3596,34.64,Kenya,KE,KEN,Homa Bay,,91248.0,1404600696
Kimje,Kimje,35.8017,126.8889,South Korea,KR,KOR,Jeonbuk,,88479.0,1410051393
Lafey,Lafey,3.1508,41.1864,Kenya,KE,KEN,Mandera,,83457.0,1404326023
Kentaū,Kentau,43.5167,68.5167,Kazakhstan,KZ,KAZ,,,81484.0,1398997742
Athi River,Athi River,-1.45,36.9833,Kenya,KE,KEN,Machakos,,81302.0,1404232217
Sokcho,Sokcho,38.2069,128.5919,South Korea,KR,KOR,Gangwon,minor,79846.0,1410921315
Namsan,Namsan,42.2275,129.2541,North Korea,KP,PRK,Hambuk,minor,80146.0,1408000884
Balqash,Balqash,46.8481,74.995,Kazakhstan,KZ,KAZ,,,78002.0,1398134106
Sarqan,Sarqan,45.41,79.9186,Kazakhstan,KZ,KAZ,,,76919.0,1398159801
Kara-Balta,Kara-Balta,42.8333,73.85,Kyrgyzstan,KG,KGZ,Chüy,minor,74133.0,1417201811
Sotik,Sotik,-0.68,35.12,Kenya,KE,KEN,Bomet,,71285.0,1404807525
Mun’gyŏng,Mun'gyong,36.5939,128.2014,South Korea,KR,KOR,Gyeongbuk,,71863.0,1410822576
Samch’ŏk,Samch'ok,37.45,129.165,South Korea,KR,KOR,Gangwon,,69509.0,1410438648
Ongjang,Ongjang,37.9371,125.3571,North Korea,KP,PRK,Hwangnam,,69195.0,1408848418
Aqsū,Aqsu,52.0333,76.9167,Kazakhstan,KZ,KAZ,,minor,69354.0,1398272761
Pongnam,Pongnam,37.22,126.9494,South Korea,KR,KOR,Gyeonggi,,67694.0,1410174724
Al Aḩmadī,Al Ahmadi,29.0769,48.0838,Kuwait,KW,KWT,Al Aḩmadī,,68763.0,1414024487
Gwacheon,Gwacheon,37.4333,127.0,South Korea,KR,KOR,Gyeonggi,,64817.0,1410788896
Wundanyi,Wundanyi,-3.3983,38.3603,Kenya,KE,KEN,Taita/Taveta,,62340.0,1404917325
El Wak,El Wak,2.8028,40.9275,Kenya,KE,KEN,Mandera,,60732.0,1404102561
Sätbayev,Satbayev,47.9,67.5333,Kazakhstan,KZ,KAZ,,,61883.0,1398506074
Kapchagay,Kapchagay,43.8833,77.0833,Kazakhstan,KZ,KAZ,,,61767.0,1398649394
Kakuma,Kakuma,3.7167,34.8667,Kenya,KE,KEN,Turkana,,60000.0,1404320261
Banane,Banane,0.5,38.67,Kenya,KE,KEN,Isiolo,,60000.0,1404457234
Qaskeleng,Qaskeleng,43.2,76.62,Kazakhstan,KZ,KAZ,,,58418.0,1398296961
Ar Riqqah,Ar Riqqah,29.1489,48.1057,Kuwait,KW,KWT,Al Aḩmadī,,56554.0,1414927245
Ŏjŏk-tong,Ojok-tong,40.2167,124.5333,North Korea,KP,PRK,P’yŏngbuk,,54767.0,1408839337
Tokmok,Tokmok,42.8333,75.2833,Kyrgyzstan,KG,KGZ,Chüy,,53231.0,1417875875
Kyzyl-Kyya,Kyzyl-Kyya,40.2611,72.1306,Kyrgyzstan,KG,KGZ,Batken,,51300.0,1417902733
Chbar Mon,Chbar Mon,11.45,104.5,Cambodia,KH,KHM,Kampong Speu,,50359.0,1116044649
Ridder,Ridder,50.35,83.5167,Kazakhstan,KZ,KAZ,,minor,49695.0,1398556139
Zyryanovsk,Zyryanovsk,49.7453,84.2548,Kazakhstan,KZ,KAZ,,minor,49658.0,1398361284
Özgön,Ozgon,40.7667,73.3,Kyrgyzstan,KG,KGZ,Osh,,49410.0,1417087485
Changyŏn,Changyon,38.2517,125.1021,North Korea,KP,PRK,Hwangnam,,48984.0,1408492703
Talghar,Talghar,43.3,77.2333,Kazakhstan,KZ,KAZ,,,47301.0,1398444969
Haeryong,Haeryong,34.9131,127.5394,South Korea,KR,KOR,Jeonnam,minor,46994.0,1410002389
Taebaek,Taebaek,37.1667,128.9833,South Korea,KR,KOR,Gangwon,,46715.0,1410565787
Stepnogorsk,Stepnogorsk,52.3497,71.89,Kazakhstan,KZ,KAZ,,minor,46712.0,1398766937
Jeomchon,Jeomchon,36.6028,127.3042,South Korea,KR,KOR,Chungbuk,,46452.0,1410262248
Voi,Voi,-3.3906,38.5769,Kenya,KE,KEN,Taita/Taveta,,45483.0,1404504656
Qarabulaq,Qarabulaq,42.5167,69.8,Kazakhstan,KZ,KAZ,,,45000.0,1398582036
Shchūchīnsk,Shchuchinsk,52.9333,70.2,Kazakhstan,KZ,KAZ,,minor,45004.0,1398291807
Zharkent,Zharkent,44.1667,80.0,Kazakhstan,KZ,KAZ,,,43430.0,1398507500
Shū,Shu,43.5983,73.7614,Kazakhstan,KZ,KAZ,,,42439.0,1398834769
Balykchy,Balykchy,42.4611,76.1803,Kyrgyzstan,KG,KGZ,Ysyk-Köl,,42380.0,1417967917
Soran,Soran,49.7833,72.85,Kazakhstan,KZ,KAZ,,,42058.0,1398259748
Ayagöz,Ayagoz,47.9667,80.4333,Kazakhstan,KZ,KAZ,,minor,41593.0,1398040009
Bazar-Korgon,Bazar-Korgon,41.0417,72.7472,Kyrgyzstan,KG,KGZ,Jalal-Abad,minor,41011.0,1417672814
Arys,Arys,42.4333,68.8,Kazakhstan,KZ,KAZ,,,40707.0,1398483570
Beyneū,Beyneu,45.3247,55.1958,Kazakhstan,KZ,KAZ,,,40344.0,1398590005
Baikonur,Baikonur,45.6167,63.3167,Kazakhstan,KZ,KAZ,,,39161.0,1398535530
Shakhtīnsk,Shakhtinsk,49.71,72.5872,Kazakhstan,KZ,KAZ,,,37899.0,1398239589
Qulsary,Qulsary,46.9833,54.0167,Kazakhstan,KZ,KAZ,,minor,37103.0,1398141603
Esik,Esik,43.35,77.4667,Kazakhstan,KZ,KAZ,,,36715.0,1398166418
Zhetisay,Zhetisay,40.7753,68.3272,Kazakhstan,KZ,KAZ,,,36494.0,1398994827
Yeonil,Yeonil,36.0,129.35,South Korea,KR,KOR,Gyeongbuk,,34560.0,1410520135
Aksay,Aksay,51.1678,52.995,Kazakhstan,KZ,KAZ,,,34799.0,1398621920
Zhitiqara,Zhitiqara,52.1908,61.2011,Kazakhstan,KZ,KAZ,,minor,34736.0,1398276170
Heunghae,Heunghae,36.1167,129.35,South Korea,KR,KOR,Gyeongbuk,minor,34328.0,1410289558
An’gang,An'gang,35.99,129.227,South Korea,KR,KOR,Gyeongbuk,,33333.0,1410507369
Aravan,Aravan,40.515,72.4992,Kyrgyzstan,KG,KGZ,Osh,minor,32917.0,1417417400
Sayram,Sayram,42.3,69.7667,Kazakhstan,KZ,KAZ,,,32757.0,1398493242
Shiyeli,Shiyeli,44.1789,66.7328,Kazakhstan,KZ,KAZ,,,32480.0,1398206798
Staryy Beyneu,Staryy Beyneu,45.1834,55.1,Kazakhstan,KZ,KAZ,,,32452.0,1398655445
Nanyuki,Nanyuki,0.0167,37.0667,Kenya,KE,KEN,Laikipia,,31577.0,1404481993
Balyqshy,Balyqshy,47.0667,51.8667,Kazakhstan,KZ,KAZ,,,31624.0,1398354265
Tekeli,Tekeli,44.83,78.8239,Kazakhstan,KZ,KAZ,,,30707.0,1398001451
Suzak,Suzak,40.8981,72.9047,Kyrgyzstan,KG,KGZ,Jalal-Abad,minor,30534.0,1417055245
Sokuluk,Sokuluk,42.86,74.3,Kyrgyzstan,KG,KGZ,Chüy,minor,30540.0,1417050744
Uzynaghash,Uzynaghash,43.2297,76.31,Kazakhstan,KZ,KAZ,,,30589.0,1398430039
Qarataū,Qaratau,43.1667,70.45,Kazakhstan,KZ,KAZ,,,30204.0,1398932329
Aral,Aral,46.7833,61.6667,Kazakhstan,KZ,KAZ,,,29887.0,1398109811
Atbasar,Atbasar,51.8,68.3333,Kazakhstan,KZ,KAZ,,minor,29733.0,1398900162
Munsan,Munsan,37.8529,126.7848,South Korea,KR,KOR,Gyeonggi,,28880.0,1410851571
Oktyabr’sk,Oktyabr'sk,49.4556,57.4161,Kazakhstan,KZ,KAZ,,,29169.0,1398394723
Sortöbe,Sortobe,42.86,75.23,Kazakhstan,KZ,KAZ,,,29000.0,1398173306
Alga,Alga,49.9028,57.3333,Kazakhstan,KZ,KAZ,,minor,28267.0,1398920371
Arqalyq,Arqalyq,50.2481,66.9278,Kazakhstan,KZ,KAZ,,minor,28169.0,1398980293
Shalqar,Shalqar,47.8333,59.6,Kazakhstan,KZ,KAZ,,,27957.0,1398440872
Hayang,Hayang,35.9167,128.8167,South Korea,KR,KOR,Gyeongbuk,,27236.0,1410183086
Boralday,Boralday,43.3603,76.8578,Kazakhstan,KZ,KAZ,,,27188.0,1398737190
Shelek,Shelek,43.5972,78.2511,Kazakhstan,KZ,KAZ,,,26688.0,1398010386
Iradan,Iradan,40.26,72.1,Kyrgyzstan,KG,KGZ,Batken,,26200.0,1417514470
Toktogul,Toktogul,41.8722,72.9389,Kyrgyzstan,KG,KGZ,Jalal-Abad,minor,26115.0,1417791878
Abay,Abay,49.6311,72.8539,Kazakhstan,KZ,KAZ,,,25550.0,1398353856
Lengir,Lengir,42.1819,69.8878,Kazakhstan,KZ,KAZ,,,25298.0,1398031838
Ereymentaū,Ereymentau,51.6167,73.1,Kazakhstan,KZ,KAZ,,minor,25141.0,1398103059
Preah Vihear,Preah Vihear,13.8167,104.9667,Cambodia,KH,KHM,Preah Vihear,,24360.0,1116000285
Üshtöbe,Ushtobe,45.2422,77.9822,Kazakhstan,KZ,KAZ,,,24895.0,1398940566
Sarykemer,Sarykemer,43.0106,71.5172,Kazakhstan,KZ,KAZ,,,24314.0,1398707771
Khromtaū,Khromtau,50.2503,58.4347,Kazakhstan,KZ,KAZ,,,23715.0,1398766984
Makīnsk,Makinsk,52.6292,70.4169,Kazakhstan,KZ,KAZ,,minor,23020.0,1398733675
Oytal,Oytal,42.9153,73.2549,Kazakhstan,KZ,KAZ,,,22673.0,1398816918
Ouani,Ouani,-12.135,44.4275,Comoros,KM,COM,Anjouan,,22501.0,1174574251
Hallim,Hallim,33.3729,126.2827,South Korea,KR,KOR,Jeju,,22087.0,1410693280
Taveta,Taveta,-3.3956,37.6761,Kenya,KE,KEN,Taita/Taveta,,22018.0,1404624215
Qarazhal,Qarazhal,48.0253,70.7999,Kazakhstan,KZ,KAZ,,,22170.0,1398149188
Novopokrovka,Novopokrovka,42.8708,74.7508,Kyrgyzstan,KG,KGZ,Chüy,,21619.0,1417819015
Kant,Kant,42.8833,74.85,Kyrgyzstan,KG,KGZ,Chüy,minor,21589.0,1417254104
Kara-Suu,Kara-Suu,40.7,72.8833,Kyrgyzstan,KG,KGZ,Osh,minor,20862.0,1417321617
Takaba,Takaba,3.3963,40.2251,Kenya,KE,KEN,Mandera,,21474.0,1404710881
Mandza,Mandza,-11.4167,43.3,Comoros,KM,COM,Grande Comore,,21000.0,1174892176
Belovodskoe,Belovodskoe,42.83,74.1,Kyrgyzstan,KG,KGZ,Chüy,minor,21275.0,1417996342
Jangy-Nookat,Jangy-Nookat,40.25,72.55,Kyrgyzstan,KG,KGZ,Osh,,21049.0,1417565816
Lebedinovka,Lebedinovka,42.88,74.68,Kyrgyzstan,KG,KGZ,Chüy,minor,20709.0,1417855889
Zhangatas,Zhangatas,43.5705,69.7335,Kazakhstan,KZ,KAZ,,,20731.0,1398375093
Kurshab,Kurshab,40.6917,73.1889,Kyrgyzstan,KG,KGZ,Osh,,20471.0,1417161123
Kashkar-Kyshtak,Kashkar-Kyshtak,40.62,72.83,Kyrgyzstan,KG,KGZ,Osh,,20334.0,1417542891
Kampong Thum,Kampong Thum,12.712,104.889,Cambodia,KH,KHM,Kampong Thom,,19951.0,1116000326
Mayluu-Suu,Mayluu-Suu,41.2457,72.448,Kyrgyzstan,KG,KGZ,Jalal-Abad,,20200.0,1417039122
Voyenno-Antonovka,Voyenno-Antonovka,42.8722,74.45,Kyrgyzstan,KG,KGZ,Chüy,,20182.0,1417044107
Otegen Batyr,Otegen Batyr,43.3333,77.05,Kazakhstan,KZ,KAZ,,,20163.0,1398960718
Baragoi,Baragoi,1.7833,36.7833,Kenya,KE,KEN,Samburu,,20000.0,1404601511
Zhosaly,Zhosaly,45.4893,64.0915,Kazakhstan,KZ,KAZ,,,20065.0,1398510696
Sil-li,Sil-li,39.488,125.464,North Korea,KP,PRK,P’yŏngnam,,19463.0,1408623890
Massy,Massy,41.0608,72.6328,Kyrgyzstan,KG,KGZ,Jalal-Abad,minor,19774.0,1417666567
Tash-Kömür,Tash-Komur,41.35,72.2167,Kyrgyzstan,KG,KGZ,Jalal-Abad,,19310.0,1417242124
Atasū,Atasu,48.6903,71.6499,Kazakhstan,KZ,KAZ,,,19616.0,1398926180
Töle Bī,Tole Bi,43.6768,73.762,Kazakhstan,KZ,KAZ,,,19551.0,1398035809
Lumphat,Lumphat,13.507,106.981,Cambodia,KH,KHM,Ratanakiri,minor,19205.0,1116149070
Shemonaīkha,Shemonaikha,50.6269,81.9109,Kazakhstan,KZ,KAZ,,minor,19127.0,1398507085
Kara-Köl,Kara-Kol,41.6311,72.6686,Kyrgyzstan,KG,KGZ,Jalal-Abad,,18843.0,1417090900
Emba,Emba,48.8267,58.1442,Kazakhstan,KZ,KAZ,,,18760.0,1398915734
Novopavlovka,Novopavlovka,42.87,74.48,Kyrgyzstan,KG,KGZ,Chüy,,18332.0,1417769741
Eski-Nookat,Eski-Nookat,40.2658,72.6181,Kyrgyzstan,KG,KGZ,Osh,minor,18228.0,1417348189
Isfana,Isfana,39.8389,69.5275,Kyrgyzstan,KG,KGZ,Batken,minor,18244.0,1417781894
Zaysan,Zaysan,47.4667,84.8667,Kazakhstan,KZ,KAZ,,minor,17600.0,1398700526
Ivanovka,Ivanovka,42.8864,75.0822,Kyrgyzstan,KG,KGZ,Chüy,minor,17513.0,1417486254
Mwingi,Mwingi,-0.9333,38.05,Kenya,KE,KEN,Kitui,,15970.0,1404312666
Uryzhar,Uryzhar,47.09,81.6228,Kazakhstan,KZ,KAZ,,minor,17320.0,1398461653
Shongzhy,Shongzhy,43.5417,79.4703,Kazakhstan,KZ,KAZ,,,17263.0,1398268525
Domoni,Domoni,-12.2586,44.5303,Comoros,KM,COM,Anjouan,,16276.0,1174938041
Kujwa,Kujwa,33.5025,126.7944,South Korea,KR,KOR,Jeju,,16116.0,1410125260
Myrza-Ake,Myrza-Ake,40.75,73.41,Kyrgyzstan,KG,KGZ,Osh,,16011.0,1417504242
Qarabulaq,Qarabulaq,44.9089,78.4922,Kazakhstan,KZ,KAZ,,,16037.0,1398637758
Naivasha,Naivasha,-0.7167,36.4333,Kenya,KE,KEN,Nakuru,,14563.0,1404904927
Üsharal,Usharal,46.1697,80.9394,Kazakhstan,KZ,KAZ,,,15991.0,1398996101
Derzhavīnsk,Derzhavinsk,51.1,66.3167,Kazakhstan,KZ,KAZ,,minor,15848.0,1398070336
Kara-Kulja,Kara-Kulja,40.6333,73.5925,Kyrgyzstan,KG,KGZ,Osh,minor,15616.0,1417892733
At-Bashy,At-Bashy,41.17,75.8,Kyrgyzstan,KG,KGZ,Naryn,minor,15601.0,1417188010
Ala-Buka,Ala-Buka,41.4083,71.4806,Kyrgyzstan,KG,KGZ,Jalal-Abad,minor,15426.0,1417329927
Bayserke,Bayserke,43.4797,77.0336,Kazakhstan,KZ,KAZ,,,15124.0,1398644775
Kochkor-Ata,Kochkor-Ata,41.0319,72.4833,Kyrgyzstan,KG,KGZ,Jalal-Abad,,14814.0,1417211654
Kök-Janggak,Kok-Janggak,41.0333,73.2,Kyrgyzstan,KG,KGZ,Jalal-Abad,,15000.0,1417546126
Kyzyl-Suu,Kyzyl-Suu,42.3392,78.0067,Kyrgyzstan,KG,KGZ,Ysyk-Köl,minor,15075.0,1417060130
Maqat,Maqat,47.65,53.3167,Kazakhstan,KZ,KAZ,,minor,14756.0,1398887034
Uch-Korgon,Uch-Korgon,40.23,72.06,Kyrgyzstan,KG,KGZ,Batken,minor,14708.0,1417468277
Bartabwa,Bartabwa,0.83,35.8,Kenya,KE,KEN,Baringo,,14611.0,1404047345
Aleksandrovka,Aleksandrovka,42.8528,74.2194,Kyrgyzstan,KG,KGZ,Chüy,,14577.0,1417705377
Qazyqurt,Qazyqurt,41.7598,69.388,Kazakhstan,KZ,KAZ,,,14563.0,1398181231
Shamalgan,Shamalgan,43.3775,76.62,Kazakhstan,KZ,KAZ,,,14294.0,1398379931
Ulchin,Ulchin,37.0013,129.3449,South Korea,KR,KOR,Gyeongbuk,,14426.0,1410704555
Eski Īkan,Eski Ikan,43.1833,68.5333,Kazakhstan,KZ,KAZ,,,14294.0,1398338734
Daean,Daean,35.4038,129.2788,South Korea,KR,KOR,Ulsan,,14037.0,1410996164
Bökönbaev,Bokonbaev,42.11,76.99,Kyrgyzstan,KG,KGZ,Ysyk-Köl,minor,14267.0,1417321497
Aqköl,Aqkol,52.0,70.9333,Kazakhstan,KZ,KAZ,,minor,14217.0,1398465376
Kerben,Kerben,41.5,71.75,Kyrgyzstan,KG,KGZ,Jalal-Abad,minor,14141.0,1417321910
Sülüktü,Suluktu,39.94,69.56,Kyrgyzstan,KG,KGZ,Batken,,13378.0,1417013156
Frunze,Frunze,40.1267,71.7236,Kyrgyzstan,KG,KGZ,Batken,,14049.0,1417652388
Teploklyuchenka,Teploklyuchenka,42.5,78.525,Kyrgyzstan,KG,KGZ,Ysyk-Köl,minor,14009.0,1417699860
Kyzyl-Kyshtak,Kyzyl-Kyshtak,40.5444,72.7739,Kyrgyzstan,KG,KGZ,Osh,,11971.0,1417327031
Dyykan-Kyshtak,Dyykan-Kyshtak,40.51,72.78,Kyrgyzstan,KG,KGZ,Osh,,13406.0,1417644014
Gülchö,Gulcho,40.3167,73.4333,Kyrgyzstan,KG,KGZ,Osh,minor,13755.0,1417801725
Kyzyl-Adyr,Kyzyl-Adyr,42.62,71.59,Kyrgyzstan,KG,KGZ,Talas,minor,13612.0,1417891810
Masangshy,Masangshy,42.9289,75.3019,Kazakhstan,KZ,KAZ,,,13606.0,1398737126
Chüy,Chuy,42.81,75.28,Kyrgyzstan,KG,KGZ,Chüy,minor,12688.0,1417150707
Port Victoria,Port Victoria,0.1,33.9833,Kenya,KE,KEN,Busia,,12194.0,1404757827
Shetpe,Shetpe,44.1667,52.1167,Kazakhstan,KZ,KAZ,,,13346.0,1398066409
Īnderbor,Inderbor,48.55,51.7833,Kazakhstan,KZ,KAZ,,minor,13254.0,1398316274
Sovetskoe,Sovetskoe,41.06,72.73,Kyrgyzstan,KG,KGZ,Jalal-Abad,,13178.0,1417936909
Qulan,Qulan,42.91,72.715,Kazakhstan,KZ,KAZ,,,13128.0,1398525079
Makuyu,Makuyu,-0.9,37.1833,Kenya,KE,KEN,Murang’a,,12541.0,1404000094
Balpyq Bī,Balpyq Bi,44.8947,78.2083,Kazakhstan,KZ,KAZ,,,12654.0,1398089749
Tuzdybastaū,Tuzdybastau,43.3189,77.0594,Kazakhstan,KZ,KAZ,,,12577.0,1398000921
Baūyrzhan Momyshuly,Bauyrzhan Momyshuly,42.6189,70.7597,Kazakhstan,KZ,KAZ,,,12491.0,1398405690
Taiynsha,Taiynsha,53.8478,69.7639,Kazakhstan,KZ,KAZ,,minor,12418.0,1398304928
Tüp,Tup,42.73,78.36,Kyrgyzstan,KG,KGZ,Ysyk-Köl,minor,12355.0,1417469504
Shamaldy-Say,Shamaldy-Say,41.1972,72.1803,Kyrgyzstan,KG,KGZ,Jalal-Abad,,12308.0,1417191406
Bayanaūyl,Bayanauyl,50.7889,75.6956,Kazakhstan,KZ,KAZ,,minor,12354.0,1398025624
Nariman,Nariman,40.5972,72.7972,Kyrgyzstan,KG,KGZ,Osh,,12021.0,1417394679
Novoīshīmskīy,Novoishimskiy,53.1981,66.7694,Kazakhstan,KZ,KAZ,,minor,12064.0,1398493177
Alamedin,Alamedin,42.89,74.63,Kyrgyzstan,KG,KGZ,Chüy,,11773.0,1417392357
Jangy-Kyshtak,Jangy-Kyshtak,40.55,72.7306,Kyrgyzstan,KG,KGZ,Osh,,11647.0,1417218150
Zhetibay,Zhetibay,43.5942,52.0789,Kazakhstan,KZ,KAZ,,,11731.0,1398663278
Naryn,Naryn,41.1306,72.0806,Kyrgyzstan,KG,KGZ,Jalal-Abad,,11306.0,1417067867
Bek-Abad,Bek-Abad,40.8472,72.975,Kyrgyzstan,KG,KGZ,Jalal-Abad,,11476.0,1417546505
Esil,Esil,51.9556,66.4042,Kazakhstan,KZ,KAZ,,minor,11551.0,1398546225
Cholpon-Ata,Cholpon-Ata,42.65,77.0833,Kyrgyzstan,KG,KGZ,Ysyk-Köl,minor,11520.0,1417433118
Buzhum,Buzhum,40.01,70.83,Kyrgyzstan,KG,KGZ,Batken,minor,11400.0,1417101582
Kochkor,Kochkor,42.2158,75.7556,Kyrgyzstan,KG,KGZ,Naryn,minor,11373.0,1417678105
Arslanbob,Arslanbob,41.3333,72.9333,Kyrgyzstan,KG,KGZ,Jalal-Abad,,11291.0,1417741770
Derbisek,Derbisek,41.5608,69.3378,Kazakhstan,KZ,KAZ,,,11234.0,1398930532
Otar,Otar,43.5375,75.2089,Kazakhstan,KZ,KAZ,,,11238.0,1398243169
Kazarman,Kazarman,41.4,74.05,Kyrgyzstan,KG,KGZ,Jalal-Abad,minor,11191.0,1417532863
Adda-Douéni,Adda-Doueni,-12.3,44.5,Comoros,KM,COM,Anjouan,,10858.0,1174212129
Gülbaar,Gulbaar,40.48,72.65,Kyrgyzstan,KG,KGZ,Osh,,10718.0,1417638911
Petrovka,Petrovka,42.8389,74.0194,Kyrgyzstan,KG,KGZ,Chüy,,10879.0,1417874854
Kara-Tash,Kara-Tash,40.2167,72.6306,Kyrgyzstan,KG,KGZ,Osh,,10797.0,1417239790
Leninskoe,Leninskoe,42.9806,74.6722,Kyrgyzstan,KG,KGZ,Chüy,,10653.0,1417027549
Baetov,Baetov,41.21,74.9,Kyrgyzstan,KG,KGZ,Naryn,minor,10682.0,1417491170
Abay,Abay,43.2092,76.7603,Kazakhstan,KZ,KAZ,,,10439.0,1398792328
Maevka,Maevka,42.925,74.5694,Kyrgyzstan,KG,KGZ,Chüy,,10535.0,1417086380
Sadovoye,Sadovoye,42.8528,74.1722,Kyrgyzstan,KG,KGZ,Chüy,,10545.0,1417165744
Kourani,Kourani,-11.8511,43.4261,Comoros,KM,COM,Grande Comore,,10000.0,1174935601
Chong-Aryk,Chong-Aryk,42.8139,74.5725,Kyrgyzstan,KG,KGZ,Bishkek,,10317.0,1417195703
Kemin,Kemin,42.7861,75.6917,Kyrgyzstan,KG,KGZ,Chüy,minor,10354.0,1417700356
Aydarken,Aydarken,39.94,71.33,Kyrgyzstan,KG,KGZ,Batken,,10331.0,1417865074
Sapkyo,Sapkyo,36.6864,126.7367,South Korea,KR,KOR,Chungnam,,10075.0,1410000740
Lūgovoy,Lugovoy,42.9472,72.7644,Kazakhstan,KZ,KAZ,,,10242.0,1398256452
Eumseong,Eumseong,36.9353,127.6897,South Korea,KR,KOR,Chungbuk,,10077.0,1410812829
Kulundu,Kulundu,40.1069,69.6431,Kyrgyzstan,KG,KGZ,Batken,minor,10170.0,1417968397
Serebryansk,Serebryansk,49.6819,83.2847,Kazakhstan,KZ,KAZ,,,10129.0,1398188434
Tepe-Korgon,Tepe-Korgon,40.6,72.4,Kyrgyzstan,KG,KGZ,Osh,,9186.0,1417409618
Kayyngdy,Kayyngdy,42.83,73.68,Kyrgyzstan,KG,KGZ,Chüy,minor,9561.0,1417817372
Borovskoy,Borovskoy,53.7964,64.1894,Kazakhstan,KZ,KAZ,,,9434.0,1398293067
Guryongpo,Guryongpo,35.9833,129.55,South Korea,KR,KOR,Gyeongbuk,minor,9099.0,1410226868
Saūmalköl,Saumalkol,53.2914,68.1094,Kazakhstan,KZ,KAZ,,minor,9288.0,1398118891
Sholaqqorghan,Sholaqqorghan,43.765,69.1758,Kazakhstan,KZ,KAZ,,,9213.0,1398413637
Kara-Bak,Kara-Bak,40.1583,70.8167,Kyrgyzstan,KG,KGZ,Batken,minor,8923.0,1417932246
Shar,Shar,49.5858,81.0478,Kazakhstan,KZ,KAZ,,minor,9087.0,1398393299
Qashyr,Qashyr,53.0804,76.09,Kazakhstan,KZ,KAZ,,minor,8931.0,1398362078
Makhambet,Makhambet,47.6667,51.5833,Kazakhstan,KZ,KAZ,,minor,8905.0,1398232608
Seosaeng,Seosaeng,35.3536,129.3303,South Korea,KR,KOR,Ulsan,,8650.0,1410000467
Shopokov,Shopokov,42.84,74.31,Kyrgyzstan,KG,KGZ,Chüy,,8749.0,1417801567
Pokrovka,Pokrovka,42.75,71.6,Kyrgyzstan,KG,KGZ,Talas,minor,8522.0,1417837155
Chapaev,Chapaev,50.2,51.1667,Kazakhstan,KZ,KAZ,,,8476.0,1398386733
Būlaevo,Bulaevo,54.9056,70.4439,Kazakhstan,KZ,KAZ,,minor,8433.0,1398659796
Zhänibek,Zhanibek,49.4167,46.85,Kazakhstan,KZ,KAZ,,,8212.0,1398255562
Qusmuryn,Qusmuryn,52.458,64.6,Kazakhstan,KZ,KAZ,,minor,8049.0,1398335766
Ertis,Ertis,53.3333,75.4572,Kazakhstan,KZ,KAZ,,minor,7772.0,1398172080
Kishkeneköl,Kishkenekol,53.6394,72.3439,Kazakhstan,KZ,KAZ,,minor,6779.0,1398061261
Karungu,Karungu,-0.8496,34.15,Kenya,KE,KEN,Migori,,2376.0,1404796412
Sharbaqty,Sharbaqty,52.48,78.15,Kazakhstan,KZ,KAZ,,minor,107.0,1398705015
Lenīnskīy,Leninskiy,52.2528,76.7789,Kazakhstan,KZ,KAZ,,,9982.0,1398857054
P’yŏngch’ang,P'yongch'ang,37.3675,128.3958,South Korea,KR,KOR,Gangwon,,9940.0,1410797147
Krasnyy Yar,Krasnyy Yar,53.3239,69.2525,Kazakhstan,KZ,KAZ,,,9875.0,1398149745
Qarabalyq,Qarabalyq,53.7506,62.0502,Kazakhstan,KZ,KAZ,,,9838.0,1398254114
Ak-Suu,Ak-Suu,42.8,74.1,Kyrgyzstan,KG,KGZ,Chüy,,9677.0,1417410777
Aqadyr,Aqadyr,48.2749,72.8599,Kazakhstan,KZ,KAZ,,,9710.0,1398472084
Anan’evo,Anan'evo,42.73,77.66,Kyrgyzstan,KG,KGZ,Ysyk-Köl,,9362.0,1417852557
Qarqaraly,Qarqaraly,49.4167,75.4167,Kazakhstan,KZ,KAZ,,,9212.0,1398407379
Bazimini,Bazimini,-12.1833,44.45,Comoros,KM,COM,Anjouan,,8952.0,1174603336
Kegen,Kegen,43.0197,79.2203,Kazakhstan,KZ,KAZ,,,9049.0,1398638482
Barskoon,Barskoon,42.1561,77.6039,Kyrgyzstan,KG,KGZ,Ysyk-Köl,,9040.0,1417800599
Ladan Kara,Ladan Kara,40.9264,72.9569,Kyrgyzstan,KG,KGZ,Jalal-Abad,,8886.0,1417039175
Karavan,Karavan,40.2944,72.1861,Kyrgyzstan,KG,KGZ,Batken,,8657.0,1417081845
Panfilovka,Panfilovka,42.7917,73.6778,Kyrgyzstan,KG,KGZ,Chüy,,8636.0,1417300619
Vostochnyy,Vostochnyy,39.9222,69.65,Kyrgyzstan,KG,KGZ,Batken,,8611.0,1417634598
Aqsū,Aqsu,52.4502,71.9597,Kazakhstan,KZ,KAZ,,,8543.0,1398268556
Osakarovka,Osakarovka,50.5619,72.5681,Kazakhstan,KZ,KAZ,,,8046.0,1398243007
Ch’osan-ŭp,Ch'osan-up,40.8255,125.8008,North Korea,KP,PRK,Chagang,,7786.0,1408838898
Qazaly,Qazaly,45.7667,62.1,Kazakhstan,KZ,KAZ,,,7686.0,1398983835
Bayghanīn,Bayghanin,48.6917,55.874,Kazakhstan,KZ,KAZ,,,7657.0,1398205914
Bestöbe,Bestobe,52.4997,73.0997,Kazakhstan,KZ,KAZ,,,7189.0,1398545422
Tobyl,Tobyl,52.698,62.5749,Kazakhstan,KZ,KAZ,,,7155.0,1398858827
Zholymbet,Zholymbet,51.7502,71.7099,Kazakhstan,KZ,KAZ,,,6876.0,1398035914
Fort-Shevchenko,Fort-Shevchenko,44.5167,50.2667,Kazakhstan,KZ,KAZ,,,5559.0,1398201971
Witu,Witu,-2.3889,40.4378,Kenya,KE,KEN,Lamu,,5380.0,1404037095
Torghay,Torghay,49.626,63.499,Kazakhstan,KZ,KAZ,,,5277.0,1398845535
Saryshaghan,Saryshaghan,46.1167,73.6167,Kazakhstan,KZ,KAZ,,,4365.0,1398222668
P’ungsan,P'ungsan,40.8175,128.1553,North Korea,KP,PRK,Ryanggang,,3839.0,1408098792
Konza,Konza,-1.7496,37.12,Kenya,KE,KEN,Machakos,,2004.0,1404143289
Taedong,Taedong,40.6171,125.4501,North Korea,KP,PRK,P’yŏngbuk,,1884.0,1408763732
Zhaltyr,Zhaltyr,51.6324,69.8328,Kazakhstan,KZ,KAZ,,,694.0,1398809487
Tsavo,Tsavo,-2.9828,38.4666,Kenya,KE,KEN,Taita/Taveta,,414.0,1404321644
Burubaytal,Burubaytal,44.935,74.018,Kazakhstan,KZ,KAZ,,,336.0,1398655547
