city,city_ascii,lat,lng,country,iso2,iso3,admin_name,capital,population,id
Cairo,Cairo,30.0444,31.2358,Egypt,EG,EGY,Al Qāhirah,primary,20296000.0,1818253931
Madrid,Madrid,40.4169,-3.7033,Spain,ES,ESP,Madrid,primary,6211000.0,1724616994
Giza,Giza,29.987,31.2118,Egypt,EG,EGY,Al Jīzah,admin,5598402.0,1818925479
Alexandria,Alexandria,31.1975,29.8925,Egypt,EG,EGY,Al Iskandarīyah,admin,4870000.0,1818695837
Barcelona,Barcelona,41.3825,2.1769,Spain,ES,ESP,Catalonia,admin,4800000.0,1724594040
Addis Ababa,Addis Ababa,9.03,38.74,Ethiopia,ET,ETH,Ādīs Ābeba,primary,3041002.0,1231824991
Guayaquil,Guayaquil,-2.19,-79.8875,Ecuador,EC,ECU,Guayas,admin,2723665.0,1218802178
Quito,Quito,-0.22,-78.5125,Ecuador,EC,ECU,Pichincha,primary,2011388.0,1218441993
Sevilla,Sevilla,37.24,-5.99,Spain,ES,ESP,Andalusia,admin,1100000.0,1724991838
Shubrā al Khaymah,Shubra al Khaymah,30.1286,31.2422,Egypt,EG,EGY,Al Qalyūbīyah,,1025569.0,1818909612
Asmara,Asmara,15.3228,38.925,Eritrea,ER,ERI,Ma’ĭkel,primary,963000.0,1232791236
Tallinn,Tallinn,59.4372,24.7453,Estonia,EE,EST,Tallinn,primary,438341.0,1233260021
Godē,Gode,5.9527,43.5516,Ethiopia,ET,ETH,Sumalē,,980782.0,1231128743
Málaga,Malaga,36.7194,-4.42,Spain,ES,ESP,Andalusia,minor,967250.0,1724397372
Al Manşūrah,Al Mansurah,31.05,31.3833,Egypt,EG,EGY,Ad Daqahlīyah,admin,960423.0,1818255319
Valencia,Valencia,39.47,-0.3764,Spain,ES,ESP,Valencia,admin,792492.0,1724981666
Bilbao,Bilbao,43.2569,-2.9236,Spain,ES,ESP,Basque Country,minor,775000.0,1724331267
Zaragoza,Zaragoza,41.65,-0.8833,Spain,ES,ESP,Aragon,admin,675301.0,1724907391
Murcia,Murcia,37.9861,-1.1303,Spain,ES,ESP,Murcia,admin,672773.0,1724107739
Ērer Sātā,Erer Sata,9.5667,41.3833,Ethiopia,ET,ETH,Sumalē,,649000.0,1231563638
Ḩalwān,Halwan,29.8453,31.3333,Egypt,EG,EGY,Al Qāhirah,,619293.0,1818000039
Al Maḩallah al Kubrá,Al Mahallah al Kubra,30.9686,31.1636,Egypt,EG,EGY,Al Gharbīyah,,535278.0,1818406471
Palma,Palma,39.5667,2.65,Spain,ES,ESP,Balearic Islands,admin,550000.0,1724728111
Port Said,Port Said,31.2625,32.3061,Egypt,EG,EGY,Būr Sa‘īd,admin,524433.0,1818628574
Suez,Suez,29.9667,32.55,Egypt,EG,EGY,As Suways,admin,516959.0,1818495972
Al ‘Āshir min Ramaḑān,Al `Ashir min Ramadan,30.3065,31.7415,Egypt,EG,EGY,Ash Sharqīyah,,511987.0,1818297014
Ţanţā,Tanta,30.7833,31.0,Egypt,EG,EGY,Al Gharbīyah,admin,429503.0,1818501770
Asyūţ,Asyut,27.1833,31.1667,Egypt,EG,EGY,Asyūţ,admin,389307.0,1818456592
Bibā,Biba,28.9218,30.9844,Egypt,EG,EGY,Banī Suwayf,,385528.0,1818994454
Las Palmas,Las Palmas,28.1272,-15.4314,Spain,ES,ESP,Canary Islands,admin,378797.0,1724501748
Ash Shuhadā’,Ash Shuhada',30.6039,30.9021,Egypt,EG,EGY,Al Minūfīyah,,358486.0,1818906012
Alicante,Alicante,38.3453,-0.4831,Spain,ES,ESP,Valencia,minor,338577.0,1724923163
Az Zaqāzīq,Az Zaqaziq,30.5667,31.5,Egypt,EG,EGY,Ash Sharqīyah,admin,302840.0,1818017750
Nazrēt,Nazret,8.5414,39.2689,Ethiopia,ET,ETH,Oromīya,,324000.0,1231826873
Cuenca,Cuenca,-2.8974,-79.0045,Ecuador,EC,ECU,Azuay,admin,329928.0,1218041020
Al Fayyūm,Al Fayyum,29.3084,30.8441,Egypt,EG,EGY,Al Fayyūm,admin,315940.0,1818281002
Gonder,Gonder,12.6075,37.4592,Ethiopia,ET,ETH,Āmara,,323900.0,1231234833
Mekele,Mekele,13.4969,39.4769,Ethiopia,ET,ETH,Tigray,admin,323700.0,1231468531
Córdoba,Cordoba,37.8845,-4.7796,Spain,ES,ESP,Andalusia,minor,322071.0,1724706440
Al ‘Ajamī,Al `Ajami,31.0959,29.7604,Egypt,EG,EGY,Al Iskandarīyah,,300000.0,1818001525
Āwasa,Awasa,7.05,38.4667,Ethiopia,ET,ETH,YeDebub Bihēroch Bihēreseboch na Hizboch,admin,300100.0,1231663122
Al Maţarīyah,Al Matariyah,31.1833,32.0333,Egypt,EG,EGY,Ad Daqahlīyah,,300000.0,1818621008
Valladolid,Valladolid,41.6528,-4.7236,Spain,ES,ESP,Castille-Leon,admin,297775.0,1724133771
Vigo,Vigo,42.2314,-8.7124,Spain,ES,ESP,Galicia,,293837.0,1724045676
Ismailia,Ismailia,30.5833,32.2667,Egypt,EG,EGY,Al Ismā‘īlīyah,admin,293184.0,1818532766
Dire Dawa,Dire Dawa,9.6,41.8667,Ethiopia,ET,ETH,Dirē Dawa,admin,277000.0,1231089714
Kafr ad Dawwār,Kafr ad Dawwar,31.1311,30.13,Egypt,EG,EGY,Al Buḩayrah,,262748.0,1818347704
Santo Domingo de los Colorados,Santo Domingo de los Colorados,-0.2542,-79.1719,Ecuador,EC,ECU,Santo Domingo de los Tsáchilas,admin,270875.0,1218148017
Gijón,Gijon,43.5333,-5.7,Spain,ES,ESP,Asturias,,268896.0,1724170659
Aswān,Aswan,24.0889,32.8997,Egypt,EG,EGY,Aswān,admin,267913.0,1818262512
Damanhūr,Damanhur,31.0361,30.4694,Egypt,EG,EGY,Al Buḩayrah,admin,244043.0,1818708838
Vitoria-Gasteiz,Vitoria-Gasteiz,42.85,-2.6833,Spain,ES,ESP,Basque Country,admin,253672.0,1724975338
A Coruña,A Coruna,43.3667,-8.3833,Spain,ES,ESP,Galicia,minor,245468.0,1724417375
Al Minyā,Al Minya,28.1194,30.7444,Egypt,EG,EGY,Al Minyā,admin,236043.0,1818607968
Bahir Dar,Bahir Dar,11.6,37.3833,Ethiopia,ET,ETH,Āmara,admin,243300.0,1231784118
Elche,Elche,38.2669,-0.6983,Spain,ES,ESP,Valencia,,235580.0,1724611437
Machala,Machala,-3.2667,-79.9667,Ecuador,EC,ECU,El Oro,admin,231260.0,1218378191
Granada,Granada,37.1781,-3.6008,Spain,ES,ESP,Andalusia,minor,231775.0,1724929320
Badalona,Badalona,41.4333,2.2333,Spain,ES,ESP,Catalonia,,223506.0,1724090334
Eloy Alfaro,Eloy Alfaro,-2.1733,-79.8311,Ecuador,EC,ECU,Guayas,,230839.0,1218127217
Tarrasa,Tarrasa,41.5611,2.0081,Spain,ES,ESP,Catalonia,,224114.0,1724377964
Mallawī,Mallawi,27.7333,30.8333,Egypt,EG,EGY,Al Minyā,,212628.0,1818284236
Sabadell,Sabadell,41.5483,2.1075,Spain,ES,ESP,Catalonia,,216204.0,1724348384
Damietta,Damietta,31.4167,31.8214,Egypt,EG,EGY,Dumyāţ,admin,206664.0,1818333966
Petrel,Petrel,38.4789,-0.7967,Spain,ES,ESP,Valencia,,218843.0,1724000064
Manta,Manta,-0.95,-80.7162,Ecuador,EC,ECU,Manabí,,217553.0,1218160109
Oviedo,Oviedo,43.36,-5.845,Spain,ES,ESP,Asturias,admin,217552.0,1724090743
Shashemenē,Shashemene,7.2,38.6,Ethiopia,ET,ETH,Oromīya,,208368.0,1231110370
Cartagena,Cartagena,37.6,-0.9819,Spain,ES,ESP,Murcia,,216961.0,1724143241
Móstoles,Mostoles,40.3333,-3.8667,Spain,ES,ESP,Madrid,,209639.0,1724412875
Jerez de la Frontera,Jerez de la Frontera,36.6817,-6.1378,Spain,ES,ESP,Andalusia,,212801.0,1724866806
Pamplona,Pamplona,42.8167,-1.65,Spain,ES,ESP,Navarre,admin,203418.0,1724483329
Santa Cruz,Santa Cruz,28.4667,-16.25,Spain,ES,ESP,Canary Islands,admin,208688.0,1724813158
Qinā,Qina,26.1667,32.7167,Egypt,EG,EGY,Qinā,admin,201191.0,1818868450
Banī Suwayf,Bani Suwayf,29.0667,31.0833,Egypt,EG,EGY,Banī Suwayf,admin,193048.0,1818902849
Portoviejo,Portoviejo,-1.0561,-80.4553,Ecuador,EC,ECU,Manabí,admin,206682.0,1218169586
Timayy al Imdīd,Timayy al Imdid,30.9438,31.5293,Egypt,EG,EGY,Ad Daqahlīyah,,201956.0,1818481287
Luxor,Luxor,25.6833,32.65,Egypt,EG,EGY,Al Uqşur,admin,202232.0,1818948225
Almería,Almeria,36.8403,-2.4681,Spain,ES,ESP,Andalusia,minor,200753.0,1724745640
Alcalá de Henares,Alcala de Henares,40.4818,-3.3643,Spain,ES,ESP,Madrid,,196888.0,1724663253
Desē,Dese,11.1333,39.6333,Ethiopia,ET,ETH,Āmara,,187900.0,1231359719
Fuenlabrada,Fuenlabrada,40.2833,-3.8,Spain,ES,ESP,Madrid,,192233.0,1724000348
Sūhāj,Suhaj,26.55,31.7,Egypt,EG,EGY,Sūhāj,admin,193931.0,1818460403
Sodo,Sodo,6.855,37.7808,Ethiopia,ET,ETH,YeDebub Bihēroch Bihēreseboch na Hizboch,,194977.0,1231130720
Ārba Minch’,Arba Minch',6.0333,37.55,Ethiopia,ET,ETH,YeDebub Bihēroch Bihēreseboch na Hizboch,,192043.0,1231302134
Leganés,Leganes,40.3281,-3.7644,Spain,ES,ESP,Madrid,,187762.0,1724900225
Donostia,Donostia,43.32,-1.98,Spain,ES,ESP,Basque Country,minor,188102.0,1724910555
Shibīn al Kawm,Shibin al Kawm,30.5586,31.01,Egypt,EG,EGY,Al Minūfīyah,admin,177112.0,1818787044
Getafe,Getafe,40.3047,-3.7311,Spain,ES,ESP,Madrid,,183219.0,1724750196
Jīma,Jima,7.6667,36.8333,Ethiopia,ET,ETH,Oromīya,,177900.0,1231214366
Sucúa,Sucua,-2.46,-78.17,Ecuador,EC,ECU,Morona-Santiago,,181318.0,1218279880
Hosa’ina,Hosa'ina,7.55,37.85,Ethiopia,ET,ETH,YeDebub Bihēroch Bihēreseboch na Hizboch,,179761.0,1231400775
Al ‘Arīsh,Al `Arish,31.1249,33.8006,Egypt,EG,EGY,Shamāl Sīnā’,admin,178651.0,1818291145
Santander,Santander,43.4628,-3.805,Spain,ES,ESP,Cantabria,admin,172221.0,1724247413
Harar,Harar,9.3111,42.1278,Ethiopia,ET,ETH,Hārerī Hizb,admin,174994.0,1231785978
Burgos,Burgos,42.3408,-3.6997,Spain,ES,ESP,Castille-Leon,minor,174051.0,1724993285
Alcorcón,Alcorcon,40.35,-3.8333,Spain,ES,ESP,Madrid,,170817.0,1724318578
Castellón de la Plana,Castellon de la Plana,39.9831,-0.0331,Spain,ES,ESP,Valencia,minor,172589.0,1724579885
Banhā,Banha,30.4667,31.1833,Egypt,EG,EGY,Al Qalyūbīyah,admin,157701.0,1818596265
Albacete,Albacete,38.9956,-1.8558,Spain,ES,ESP,Castille-La Mancha,minor,172722.0,1724000069
Loja,Loja,-3.9833,-79.2,Ecuador,EC,ECU,Loja,admin,170280.0,1218739896
Ambato,Ambato,-1.2417,-78.6197,Ecuador,EC,ECU,Tungurahua,admin,165185.0,1218046148
Guadalajara,Guadalajara,40.6337,-3.1674,Spain,ES,ESP,Castille-La Mancha,minor,161683.0,1724317859
Al Ghardaqah,Al Ghardaqah,27.2578,33.8117,Egypt,EG,EGY,Al Baḩr al Aḩmar,admin,160901.0,1818666245
La Laguna,La Laguna,28.4853,-16.3167,Spain,ES,ESP,Canary Islands,,158010.0,1724625025
Jijiga,Jijiga,9.35,42.8,Ethiopia,ET,ETH,Sumalē,admin,159300.0,1231737909
Esmeraldas,Esmeraldas,0.9667,-79.6528,Ecuador,EC,ECU,Esmeraldas,admin,154035.0,1218601363
Kafr ash Shaykh,Kafr ash Shaykh,31.1117,30.9458,Egypt,EG,EGY,Kafr ash Shaykh,admin,147393.0,1818743040
Madīnat as Sādis min Uktūbar,Madinat as Sadis min Uktubar,29.9361,30.9269,Egypt,EG,EGY,Al Jīzah,,154093.0,1818735651
Logroño,Logrono,42.465,-2.4456,Spain,ES,ESP,La Rioja,admin,150808.0,1724721513
Dīla,Dila,6.4083,38.3083,Ethiopia,ET,ETH,YeDebub Bihēroch Bihēreseboch na Hizboch,,151682.0,1231393325
Nek’emtē,Nek'emte,9.0833,36.55,Ethiopia,ET,ETH,Oromīya,,148613.0,1231437227
Marbella,Marbella,36.5167,-4.8833,Spain,ES,ESP,Andalusia,,150725.0,1724685705
Quevedo,Quevedo,-1.0333,-79.45,Ecuador,EC,ECU,Los Ríos,,150827.0,1218928435
Badajoz,Badajoz,38.8803,-6.9753,Spain,ES,ESP,Extremadura,minor,150610.0,1724759742
Riobamba,Riobamba,-1.6731,-78.6483,Ecuador,EC,ECU,Chimborazo,admin,146324.0,1218552075
Disūq,Disuq,31.1422,30.645,Egypt,EG,EGY,Kafr ash Shaykh,,143404.0,1818106054
Salamanca,Salamanca,40.965,-5.6642,Spain,ES,ESP,Castille-Leon,minor,143269.0,1724960825
Keren,Keren,15.7778,38.4581,Eritrea,ER,ERI,‘Anseba,admin,146500.0,1232693598
Debre Birhan,Debre Birhan,9.6833,39.5333,Ethiopia,ET,ETH,Āmara,,139724.0,1231777741
Bilbays,Bilbays,30.4167,31.5667,Egypt,EG,EGY,Ash Sharqīyah,,141285.0,1818863783
Huelva,Huelva,37.25,-6.95,Spain,ES,ESP,Andalusia,minor,142538.0,1724420824
Lleida,Lleida,41.6167,0.6333,Spain,ES,ESP,Catalonia,minor,140797.0,1724114678
Kombolcha,Kombolcha,11.0867,39.7367,Ethiopia,ET,ETH,Āmara,,125654.0,1231476399
Dos Hermanas,Dos Hermanas,37.2836,-5.9222,Spain,ES,ESP,Andalusia,,137561.0,1724272711
Tarragona,Tarragona,41.1187,1.2453,Spain,ES,ESP,Catalonia,minor,135436.0,1724296961
Parla,Parla,40.2372,-3.7742,Spain,ES,ESP,Madrid,,131689.0,1724153608
Debre Mark’os,Debre Mark'os,10.3333,37.7167,Ethiopia,ET,ETH,Āmara,,133810.0,1231943444
Torrejón de Ardoz,Torrejon de Ardoz,40.4614,-3.4978,Spain,ES,ESP,Madrid,,134733.0,1724711203
Milagro,Milagro,-2.1347,-79.5872,Ecuador,EC,ECU,Guayas,,133508.0,1218568564
Mataró,Mataro,41.5333,2.45,Spain,ES,ESP,Catalonia,,129120.0,1724901780
Idfū,Idfu,24.9778,32.8733,Egypt,EG,EGY,Aswān,,133772.0,1818755693
Ferfer,Ferfer,5.0833,45.0833,Ethiopia,ET,ETH,Sumalē,,133521.0,1231764818
Ibarra,Ibarra,0.3627,-78.1307,Ecuador,EC,ECU,Imbabura,admin,131856.0,1218479054
Āwarē,Aware,8.2667,44.15,Ethiopia,ET,ETH,Sumalē,,132149.0,1231934049
Mīt Ghamr,Mit Ghamr,30.7167,31.25,Egypt,EG,EGY,Ad Daqahlīyah,,121039.0,1818400389
Sinnūris,Sinnuris,29.4072,30.8667,Egypt,EG,EGY,Al Fayyūm,,125905.0,1818442898
Rosetta,Rosetta,31.4044,30.4164,Egypt,EG,EGY,Al Buḩayrah,,125778.0,1818868679
León,Leon,42.6056,-5.57,Spain,ES,ESP,Castille-Leon,minor,122051.0,1724907542
Jirjā,Jirja,26.3333,31.9,Egypt,EG,EGY,Sūhāj,,102597.0,1818327836
Algeciras,Algeciras,36.1275,-5.4539,Spain,ES,ESP,Andalusia,,122982.0,1724355681
Debre Tabor,Debre Tabor,11.85,38.0167,Ethiopia,ET,ETH,Āmara,,119176.0,1231557860
Cádiz,Cadiz,36.535,-6.2975,Spain,ES,ESP,Andalusia,minor,114244.0,1724502822
Munūf,Munuf,30.4658,30.9308,Egypt,EG,EGY,Al Minūfīyah,,117240.0,1818310821
Fāqūs,Faqus,30.7282,31.797,Egypt,EG,EGY,Ash Sharqīyah,,111532.0,1818728828
Ādīgrat,Adigrat,14.2667,39.45,Ethiopia,ET,ETH,Tigray,,116193.0,1231492773
Alcobendas,Alcobendas,40.5333,-3.6333,Spain,ES,ESP,Madrid,,117041.0,1724354998
Giyon,Giyon,8.5333,37.9667,Ethiopia,ET,ETH,Oromīya,,114534.0,1231961383
Āsela,Asela,7.95,39.1167,Ethiopia,ET,ETH,Oromīya,,110088.0,1231347519
Jaén,Jaen,37.7667,-3.7711,Spain,ES,ESP,Andalusia,minor,111932.0,1724699771
Qalyūb,Qalyub,30.1997,31.2053,Egypt,EG,EGY,Al Qalyūbīyah,,106804.0,1818824672
K’ebrī Dehar,K'ebri Dehar,6.7333,44.2667,Ethiopia,ET,ETH,Sumalē,,109571.0,1231393469
Maţrūḩ,Matruh,31.35,27.2333,Egypt,EG,EGY,Maţrūḩ,,108774.0,1818661611
Reus,Reus,41.1549,1.1087,Spain,ES,ESP,Catalonia,,106741.0,1724192207
Idkū,Idku,31.3,30.3,Egypt,EG,EGY,Al Buḩayrah,,105875.0,1818383026
Akhmīm,Akhmim,26.5667,31.75,Egypt,EG,EGY,Sūhāj,,101509.0,1818295057
Ourense,Ourense,42.3364,-7.8633,Spain,ES,ESP,Galicia,minor,104596.0,1724571895
Girona,Girona,41.9833,2.8167,Spain,ES,ESP,Catalonia,minor,102666.0,1724386661
Roquetas de Mar,Roquetas de Mar,36.7642,-2.6147,Spain,ES,ESP,Andalusia,,102881.0,1724749177
San Vicente de Baracaldo,San Vicente de Baracaldo,43.2972,-2.9917,Spain,ES,ESP,Basque Country,,100907.0,1724451934
Telde,Telde,27.9985,-15.4167,Spain,ES,ESP,Canary Islands,,102769.0,1724281666
Hāgere Hiywet,Hagere Hiywet,8.9833,37.85,Ethiopia,ET,ETH,Oromīya,,94342.0,1231809487
La Libertad,La Libertad,-2.2333,-80.9,Ecuador,EC,ECU,Guayas,,95942.0,1218254479
Santiago de Compostela,Santiago de Compostela,42.8778,-8.5444,Spain,ES,ESP,Galicia,admin,98179.0,1724547778
San Fernando,San Fernando,36.4667,-6.2,Spain,ES,ESP,Andalusia,,94867.0,1724235367
Ziftá,Zifta,30.7142,31.2443,Egypt,EG,EGY,Al Gharbīyah,,93740.0,1818759149
Al Badrashayn,Al Badrashayn,29.852,31.276,Egypt,EG,EGY,Al Jīzah,,90000.0,1818909949
Ţalkhā,Talkha,31.0547,31.3756,Egypt,EG,EGY,Ad Daqahlīyah,,92084.0,1818821824
Tartu,Tartu,58.3833,26.7167,Estonia,EE,EST,Tartu,admin,91407.0,1233809410
Ciudad de Melilla,Ciudad de Melilla,35.2825,-2.9475,Spain,ES,ESP,Melilla,,86261.0,1724144891
Fuengirola,Fuengirola,36.5417,-4.625,Spain,ES,ESP,Andalusia,,83226.0,1724094287
Babahoyo,Babahoyo,-1.8167,-79.5167,Ecuador,EC,ECU,Los Ríos,admin,90191.0,1218156392
Ciudad de Ceuta,Ciudad de Ceuta,35.8867,-5.3,Spain,ES,ESP,Ceuta,,83517.0,1724324416
San Baudilio de Llobregat,San Baudilio de Llobregat,41.3458,2.0417,Spain,ES,ESP,Catalonia,,83755.0,1724214083
Toledo,Toledo,39.8567,-4.0244,Spain,ES,ESP,Castille-La Mancha,admin,85449.0,1724171411
Manfalūţ,Manfalut,27.3167,30.9667,Egypt,EG,EGY,Asyūţ,,82585.0,1818076217
Al Khānkah,Al Khankah,30.1601,31.3133,Egypt,EG,EGY,Al Qalyūbīyah,,78185.0,1818549245
Banī Mazār,Bani Mazar,28.5,30.8,Egypt,EG,EGY,Al Minyā,,79553.0,1818729843
Rubí,Rubi,41.4933,2.0325,Spain,ES,ESP,Catalonia,,79007.0,1724552367
Kirdāsah,Kirdasah,30.032,31.1104,Egypt,EG,EGY,Al Jīzah,,69317.0,1818864361
Avilés,Aviles,43.5561,-5.9083,Spain,ES,ESP,Asturias,,76874.0,1724815050
Kafr az Zayyāt,Kafr az Zayyat,30.8247,30.8153,Egypt,EG,EGY,Al Gharbīyah,,76413.0,1818335276
Maghāghah,Maghaghah,28.65,30.85,Egypt,EG,EGY,Al Minyā,,75657.0,1818762526
Benalmádena,Benalmadena,36.6,-4.5167,Spain,ES,ESP,Andalusia,,73160.0,1724108022
Assab,Assab,13.0167,42.7333,Eritrea,ER,ERI,Debubawi K’eyyĭḥ Baḥri,admin,74405.0,1232396238
‘Izbat al Burj,`Izbat al Burj,31.5031,31.8411,Egypt,EG,EGY,Ad Daqahlīyah,,70000.0,1818379501
Castelldefels,Castelldefels,41.28,1.9767,Spain,ES,ESP,Catalonia,,67307.0,1724000280
Torremolinos,Torremolinos,36.6218,-4.5003,Spain,ES,ESP,Andalusia,,68819.0,1724424815
Al Qūşīyah,Al Qusiyah,27.4143,30.8216,Egypt,EG,EGY,Asyūţ,,69388.0,1818093562
Abnūb,Abnub,27.2667,31.15,Egypt,EG,EGY,Asyūţ,,67526.0,1818739665
Āksum,Aksum,14.1208,38.7278,Ethiopia,ET,ETH,Tigray,,66800.0,1231573651
Ţūkh,Tukh,30.3539,31.2007,Egypt,EG,EGY,Al Qalyūbīyah,,67599.0,1818411967
Villanueva y Geltrú,Villanueva y Geltru,41.2243,1.7259,Spain,ES,ESP,Catalonia,,68152.0,1724482160
Viladecáns,Viladecans,41.3158,2.0194,Spain,ES,ESP,Catalonia,,66720.0,1724069372
Hihyā,Hihya,30.6687,31.5904,Egypt,EG,EGY,Ash Sharqīyah,,66702.0,1818905246
Al Minshāh,Al Minshah,26.4833,31.8,Egypt,EG,EGY,Sūhāj,,65484.0,1818211426
Al Qurayn,Al Qurayn,30.6161,31.7353,Egypt,EG,EGY,Ash Sharqīyah,,64453.0,1818960742
El Prat de Llobregat,El Prat de Llobregat,41.3246,2.0953,Spain,ES,ESP,Catalonia,,65532.0,1724139875
Arrecife,Arrecife,28.9625,-13.5506,Spain,ES,ESP,Canary Islands,,64497.0,1724630905
Collado-Villalba,Collado-Villalba,40.6333,-4.0083,Spain,ES,ESP,Madrid,,64263.0,1724645759
Granollers,Granollers,41.6083,2.2889,Spain,ES,ESP,Catalonia,,62475.0,1724011647
La Línea de la Concepción,La Linea de la Concepcion,36.1611,-5.3486,Spain,ES,ESP,Andalusia,,63365.0,1724170346
Daljā,Dalja,27.65,30.7,Egypt,EG,EGY,Al Minyā,,63751.0,1818235648
Latacunga,Latacunga,-0.9319,-78.6161,Ecuador,EC,ECU,Cotopaxi,admin,63842.0,1218947988
Aş Şaff,As Saff,29.5772,31.2906,Egypt,EG,EGY,Al Jīzah,,59348.0,1818181272
Portugalete,Portugalete,43.3194,-3.0194,Spain,ES,ESP,Basque Country,,45285.0,1724017694
Mislata,Mislata,39.475,-0.4156,Spain,ES,ESP,Valencia,,44320.0,1724001899
Samannūd,Samannud,30.9622,31.2425,Egypt,EG,EGY,Al Gharbīyah,,57177.0,1818038230
Mérida,Merida,38.9,-6.3333,Spain,ES,ESP,Extremadura,admin,59424.0,1724941889
Esplugas de Llobregat,Esplugas de Llobregat,41.3767,2.0858,Spain,ES,ESP,Catalonia,,46777.0,1724352928
Abū Qīr,Abu Qir,31.3167,30.0667,Egypt,EG,EGY,Al Iskandarīyah,,37997.0,1818093442
Mollet,Mollet,41.5356,2.2107,Spain,ES,ESP,Catalonia,,51294.0,1724443143
Ibiza,Ibiza,38.9089,1.4328,Spain,ES,ESP,Balearic Islands,,50715.0,1724123244
Al Karnak,Al Karnak,25.7186,32.6586,Egypt,EG,EGY,Al Uqşur,,26488.0,1818862945
Tulcán,Tulcan,0.8117,-77.7186,Ecuador,EC,ECU,Carchi,admin,53558.0,1218976878
Santurce-Antiguo,Santurce-Antiguo,43.3303,-3.0314,Spain,ES,ESP,Basque Country,,46085.0,1724220415
Al Balyanā,Al Balyana,26.2333,32.0,Egypt,EG,EGY,Sūhāj,,46997.0,1818610123
Al Khārjah,Al Kharjah,25.44,30.55,Egypt,EG,EGY,Al Wādī al Jadīd,admin,49991.0,1818872500
Semera,Semera,11.7922,41.0086,Ethiopia,ET,ETH,Āfar,admin,50000.0,1231617820
Mairena del Aljarafe,Mairena del Aljarafe,37.3333,-6.0667,Spain,ES,ESP,Andalusia,,47161.0,1724732496
Figueras,Figueras,42.2667,2.965,Spain,ES,ESP,Catalonia,,47088.0,1724895039
San Felíu de Llobregat,San Feliu de Llobregat,41.3833,2.0439,Spain,ES,ESP,Catalonia,,45642.0,1724279247
Nueva Loja,Nueva Loja,0.0847,-76.8828,Ecuador,EC,ECU,Sucumbíos,admin,48562.0,1218895755
Ripollet,Ripollet,41.4969,2.1574,Spain,ES,ESP,Catalonia,,38347.0,1724013514
Al ‘Ayyāţ,Al `Ayyat,29.6167,31.25,Egypt,EG,EGY,Al Jīzah,,44171.0,1818970006
Naj‘ Ḩammādī,Naj` Hammadi,26.05,32.25,Egypt,EG,EGY,Qinā,,45038.0,1818262231
San Adrián de Besós,San Adrian de Besos,41.4305,2.2183,Spain,ES,ESP,Catalonia,,37283.0,1724799974
Al Badārī,Al Badari,26.9925,31.4156,Egypt,EG,EGY,Asyūţ,,42770.0,1818459800
Kafr al Kurdī,Kafr al Kurdi,31.1429,31.7826,Egypt,EG,EGY,Ad Daqahlīyah,,42651.0,1818217629
Igualada,Igualada,41.5814,1.6208,Spain,ES,ESP,Catalonia,,40875.0,1724444786
Alcantarilla,Alcantarilla,37.9722,-1.2094,Spain,ES,ESP,Murcia,,42630.0,1724229842
Ādwa,Adwa,14.1667,38.9,Ethiopia,ET,ETH,Tigray,,40500.0,1231086312
Gambēla,Gambela,8.25,34.5833,Ethiopia,ET,ETH,Gambēla Hizboch,admin,39022.0,1231698892
Kwīhā,Kwiha,13.4769,39.545,Ethiopia,ET,ETH,Tigray,,12543.0,1231541994
Blanes,Blanes,41.674,2.7921,Spain,ES,ESP,Catalonia,,40579.0,1724143581
Dayr Mawās,Dayr Mawas,27.6333,30.85,Egypt,EG,EGY,Al Minyā,,40640.0,1818973684
Villafranca del Panadés,Villafranca del Panades,41.3447,1.6994,Spain,ES,ESP,Catalonia,,40056.0,1724718493
Burjasot,Burjasot,39.5064,-0.4067,Spain,ES,ESP,Valencia,,38880.0,1724238629
Puerto Francisco de Orellana,Puerto Francisco de Orellana,-0.4625,-76.9842,Ecuador,EC,ECU,Orellana,admin,40730.0,1218387446
Pärnu,Parnu,58.3833,24.5,Estonia,EE,EST,Pärnu,admin,39605.0,1233955054
Massawa,Massawa,15.6097,39.45,Eritrea,ER,ERI,Semienawi K’eyyĭḥ Baḥri,admin,39758.0,1232344222
Santa Elena,Santa Elena,-2.2267,-80.8583,Ecuador,EC,ECU,Santa Elena,admin,39681.0,1218296446
Ālamat’ā,Alamat'a,12.4167,39.55,Ethiopia,ET,ETH,Tigray,,33214.0,1231954520
Āzezo,Azezo,12.5586,37.4308,Ethiopia,ET,ETH,Āmara,,33719.0,1231317573
San Juan Despí,San Juan Despi,41.3668,2.057,Spain,ES,ESP,Catalonia,,34130.0,1724606295
Premiá de Mar,Premia de Mar,41.492,2.362,Spain,ES,ESP,Catalonia,,28523.0,1724296865
Fāraskūr,Faraskur,31.3297,31.7147,Egypt,EG,EGY,Dumyāţ,,36850.0,1818275538
Salt,Salt,41.9761,2.7881,Spain,ES,ESP,Catalonia,,32517.0,1724677327
Alacuás,Alacuas,39.4583,-0.4628,Spain,ES,ESP,Valencia,,29649.0,1724760114
Butajīra,Butajira,8.1208,38.3792,Ethiopia,ET,ETH,YeDebub Bihēroch Bihēreseboch na Hizboch,,33406.0,1231050211
Shanawān,Shanawan,30.5031,31.0058,Egypt,EG,EGY,Al Minūfīyah,,33285.0,1818140562
Sestao,Sestao,43.3108,-3.0056,Spain,ES,ESP,Basque Country,,27533.0,1724738779
Aldaya,Aldaya,39.4639,-0.4628,Spain,ES,ESP,Valencia,,32656.0,1724676507
Azogues,Azogues,-2.7333,-78.8333,Ecuador,EC,ECU,Cañar,admin,33848.0,1218651012
Puyo,Puyo,-1.4861,-78.0028,Ecuador,EC,ECU,Pastaza,admin,33557.0,1218537461
Wik’ro,Wik'ro,13.7833,39.6,Ethiopia,ET,ETH,Tigray,,30210.0,1231223279
Paiporta,Paiporta,39.4278,-0.4183,Spain,ES,ESP,Valencia,,26567.0,1724055183
Welk’īt’ē,Welk'it'e,8.2833,37.7833,Ethiopia,ET,ETH,YeDebub Bihēroch Bihēreseboch na Hizboch,,28866.0,1231083511
Barañáin,Baranain,42.8,-1.6667,Spain,ES,ESP,Navarre,,19853.0,1724436657
Durango,Durango,43.1689,-2.63,Spain,ES,ESP,Basque Country,,29935.0,1724494232
San Andrés de la Barca,San Andres de la Barca,41.4478,1.9769,Spain,ES,ESP,Catalonia,,27175.0,1724606046
Benetúser,Benetuser,39.425,-0.3961,Spain,ES,ESP,Valencia,,15493.0,1724800602
San Vicente dels Horts,San Vicente dels Horts,41.3932,2.0097,Spain,ES,ESP,Catalonia,,28115.0,1724724364
Martorell,Martorell,41.4744,1.9305,Spain,ES,ESP,Catalonia,,28684.0,1724754042
Catarroja,Catarroja,39.4028,-0.4044,Spain,ES,ESP,Valencia,,28679.0,1724221843
Qiman al ‘Arūs,Qiman al `Arus,29.3005,31.1683,Egypt,EG,EGY,Banī Suwayf,,28246.0,1818279617
Āsosa,Asosa,10.0667,34.5167,Ethiopia,ET,ETH,Bīnshangul Gumuz,admin,30512.0,1231491184
Tomares,Tomares,37.3764,-6.0458,Spain,ES,ESP,Andalusia,,25370.0,1724916166
Armilla,Armilla,37.15,-3.6167,Spain,ES,ESP,Andalusia,,24629.0,1724964261
As Sarw,As Sarw,31.2387,31.6538,Egypt,EG,EGY,Dumyāţ,,27743.0,1818966040
Camas,Camas,37.402,-6.0332,Spain,ES,ESP,Andalusia,,27490.0,1724068126
Qahā,Qaha,30.2833,31.2,Egypt,EG,EGY,Al Qalyūbīyah,,26694.0,1818255123
Mendefera,Mendefera,14.8833,38.8167,Eritrea,ER,ERI,Debub,admin,28492.0,1232751882
Alboraya,Alboraya,39.5,-0.3522,Spain,ES,ESP,Valencia,,25149.0,1724241743
San Juan de Aznalfarache,San Juan de Aznalfarache,37.3667,-6.0167,Spain,ES,ESP,Andalusia,,22138.0,1724867783
Genet,Genet,9.05,38.5,Ethiopia,ET,ETH,Oromīya,,25593.0,1231301779
Maychew,Maychew,12.7833,39.5333,Ethiopia,ET,ETH,Tigray,,23419.0,1231612323
Hirrīyat Raznah,Hirriyat Raznah,30.6028,31.5372,Egypt,EG,EGY,Ash Sharqīyah,,24359.0,1818867916
San Juan de Alicante,San Juan de Alicante,38.4014,-0.4367,Spain,ES,ESP,Valencia,,24450.0,1724403338
Maracena,Maracena,37.2,-3.6333,Spain,ES,ESP,Andalusia,,22358.0,1724029236
Bedēsa,Bedesa,8.9,40.7833,Ethiopia,ET,ETH,Oromīya,,18187.0,1231037182
San Juan de Vilasar,San Juan de Vilasar,41.5053,2.3928,Spain,ES,ESP,Catalonia,,21067.0,1724259439
Mīt Namā,Mit Nama,30.1453,31.2343,Egypt,EG,EGY,Al Qalyūbīyah,,21321.0,1818236242
Kemisē,Kemise,10.7167,39.8667,Ethiopia,ET,ETH,Āmara,,19420.0,1231665461
Castilleja de la Cuesta,Castilleja de la Cuesta,37.3833,-6.05,Spain,ES,ESP,Andalusia,,17366.0,1724430426
Kafr Shukr,Kafr Shukr,30.547,31.2673,Egypt,EG,EGY,Al Minūfīyah,,23390.0,1818036288
Mīzan Teferī,Mizan Teferi,7.0,35.5833,Ethiopia,ET,ETH,YeDebub Bihēroch Bihēreseboch na Hizboch,,23144.0,1231330466
Shārūnah,Sharunah,28.5667,30.85,Egypt,EG,EGY,Al Minyā,,22221.0,1818302173
Abū Şīr Banā,Abu Sir Bana,30.9,31.2347,Egypt,EG,EGY,Al Gharbīyah,,22214.0,1818635025
Banī Murr,Bani Murr,27.2272,31.1944,Egypt,EG,EGY,Asyūţ,,20065.0,1818556807
Guaranda,Guaranda,-1.6,-79.0,Ecuador,EC,ECU,Bolívar,admin,23874.0,1218581593
Al Madāmūd,Al Madamud,25.7333,32.7125,Egypt,EG,EGY,Al Uqşur,,15091.0,1818431308
Alfafar,Alfafar,39.4222,-0.3906,Spain,ES,ESP,Valencia,,21480.0,1724290706
Tena,Tena,-0.989,-77.8159,Ecuador,EC,ECU,Napo,admin,23307.0,1218759537
Sunbāţ,Sunbat,30.8057,31.207,Egypt,EG,EGY,Al Gharbīyah,,20599.0,1818102859
Bonga,Bonga,7.2667,36.2333,Ethiopia,ET,ETH,YeDebub M‘irab Ītyop’iya Hizboch,admin,20858.0,1231409607
Bedelē,Bedele,8.45,36.35,Ethiopia,ET,ETH,Oromīya,,19517.0,1231583728
Al Qays,Al Qays,28.4833,30.7833,Egypt,EG,EGY,Al Minyā,,20603.0,1818728041
Jarājūs,Jarajus,25.8681,32.7566,Egypt,EG,EGY,Qinā,,20427.0,1818408605
Sant Just Desvern,Sant Just Desvern,41.3833,2.075,Spain,ES,ESP,Catalonia,,19806.0,1724188832
Zāwiyat Razīn,Zawiyat Razin,30.4122,30.8536,Egypt,EG,EGY,Al Minūfīyah,,19898.0,1818480394
Calella,Calella,41.6169,2.6642,Spain,ES,ESP,Catalonia,,19363.0,1724567421
Dayr Abū Ḩinnis,Dayr Abu Hinnis,27.7864,30.905,Egypt,EG,EGY,Al Minyā,,19638.0,1818016476
Malgrat de Mar,Malgrat de Mar,41.6456,2.7428,Spain,ES,ESP,Catalonia,,19093.0,1724653510
El Astillero,El Astillero,43.4017,-3.8194,Spain,ES,ESP,Cantabria,,18153.0,1724056681
Banī Ḩasan ash Shurūq,Bani Hasan ash Shuruq,27.9314,30.8753,Egypt,EG,EGY,Al Minyā,,18218.0,1818622612
Biyahmū,Biyahmu,29.3675,30.8528,Egypt,EG,EGY,Al Fayyūm,,17486.0,1818316929
Ajā,Aja,30.9414,31.2942,Egypt,EG,EGY,Ad Daqahlīyah,,17580.0,1818731296
Korem,Korem,12.5,39.5167,Ethiopia,ET,ETH,Tigray,,16856.0,1231332352
Canovellas,Canovellas,41.6176,2.2814,Spain,ES,ESP,Catalonia,,16872.0,1724734999
Macas,Macas,-2.3667,-78.1333,Ecuador,EC,ECU,Morona-Santiago,admin,18984.0,1218176372
Albal,Albal,39.3972,-0.4156,Spain,ES,ESP,Valencia,,16845.0,1724860489
Masamagrell,Masamagrell,39.5703,-0.33,Spain,ES,ESP,Valencia,,16223.0,1724682871
Arenys de Mar,Arenys de Mar,41.5819,2.5503,Spain,ES,ESP,Catalonia,,16155.0,1724290074
Ermúa,Ermua,43.1875,-2.5008,Spain,ES,ESP,Basque Country,,15791.0,1724922522
Churriana de la Vega,Churriana de la Vega,37.15,-3.65,Spain,ES,ESP,Andalusia,,16026.0,1724576958
Gines,Gines,37.3875,-6.0781,Spain,ES,ESP,Andalusia,,13529.0,1724319564
Viljandi,Viljandi,58.3667,25.6,Estonia,EE,EST,Viljandi,admin,16875.0,1233067368
Tabernes Blanques,Tabernes Blanques,39.5064,-0.3626,Spain,ES,ESP,Valencia,,9222.0,1724315090
Puerto Ayora,Puerto Ayora,-0.75,-90.3167,Ecuador,EC,ECU,Galápagos,,10999.0,1218585265
La Llagosta,La Llagosta,41.5156,2.1928,Spain,ES,ESP,Catalonia,,13259.0,1724195852
Canet de Mar,Canet de Mar,41.5911,2.5828,Spain,ES,ESP,Catalonia,,14845.0,1724398623
Birqāsh,Birqash,30.1692,31.0417,Egypt,EG,EGY,Al Jīzah,,14172.0,1818471185
Mollerusa,Mollerusa,41.6317,0.8961,Spain,ES,ESP,Catalonia,,14730.0,1724107781
Ogíjares,Ogijares,37.1167,-3.6,Spain,ES,ESP,Andalusia,,14627.0,1724843693
Sendafa,Sendafa,9.15,39.0333,Ethiopia,ET,ETH,Oromīya,,12298.0,1231004037
Mongat,Mongat,41.4667,2.279,Spain,ES,ESP,Catalonia,,12277.0,1724914506
Rakvere,Rakvere,59.35,26.35,Estonia,EE,EST,Rakvere,admin,14984.0,1233049348
Barentu,Barentu,15.1167,37.6,Eritrea,ER,ERI,Gash-Barka,admin,15891.0,1232695352
Sedaví,Sedavi,39.4271,-0.3849,Spain,ES,ESP,Valencia,,10349.0,1724655094
Huétor Vega,Huetor Vega,37.15,-3.5667,Spain,ES,ESP,Andalusia,,12120.0,1724497090
Berriozar,Berriozar,42.8361,-1.6714,Spain,ES,ESP,Navarre,,10765.0,1724369007
Negēlē,Negele,5.3167,39.5833,Ethiopia,ET,ETH,Oromīya,,11772.0,1231215294
Kuressaare,Kuressaare,58.25,22.4833,Estonia,EE,EST,Saaremaa,admin,13097.0,1233341219
Dishāshah,Dishashah,28.9831,30.8492,Egypt,EG,EGY,Banī Suwayf,,11844.0,1818375380
Mīt Damsīs,Mit Damsis,30.8267,31.2226,Egypt,EG,EGY,Ad Daqahlīyah,,11528.0,1818557641
Meliana,Meliana,39.5272,-0.3492,Spain,ES,ESP,Valencia,,10926.0,1724153449
Valga,Valga,57.7833,26.0333,Estonia,EE,EST,Valga,admin,12182.0,1233406308
Aţ Ţūr,At Tur,28.2417,33.6222,Egypt,EG,EGY,Janūb Sīnā’,admin,12733.0,1818306172
Qufādah,Qufadah,28.5812,30.7554,Egypt,EG,EGY,Al Minyā,,9948.0,1818001516
Zamora,Zamora,-4.0692,-78.9567,Ecuador,EC,ECU,Zamora-Chinchipe,admin,12386.0,1218873167
Võru,Voru,57.8486,26.9928,Estonia,EE,EST,Võru,admin,11533.0,1233754374
Shanhūr,Shanhur,25.8604,32.7779,Egypt,EG,EGY,Qinā,,9314.0,1818837979
Dayr as Sanqūrīyah,Dayr as Sanquriyah,28.4833,30.65,Egypt,EG,EGY,Al Minyā,,8911.0,1818109000
Montmeló,Montmelo,41.5547,2.25,Spain,ES,ESP,Catalonia,,8798.0,1724866272
Reinosa,Reinosa,43.0019,-4.1378,Spain,ES,ESP,Cantabria,,8810.0,1724266157
Jõhvi,Johvi,59.3575,27.4269,Estonia,EE,EST,Jõhvi,admin,10541.0,1233731045
Haapsalu,Haapsalu,58.9394,23.5408,Estonia,EE,EST,Haapsalu,admin,9675.0,1233967642
Paide,Paide,58.8833,25.5572,Estonia,EE,EST,Paide,admin,7905.0,1233393684
Jõgeva,Jogeva,58.7469,26.4,Estonia,EE,EST,Jõgeva,admin,5073.0,1233192849
Põlva,Polva,58.0536,27.0556,Estonia,EE,EST,Põlva,admin,5324.0,1233866730
Puerto Baquerizo Moreno,Puerto Baquerizo Moreno,-0.9025,-89.6092,Ecuador,EC,ECU,Galápagos,admin,6140.0,1218093882
Rapla,Rapla,58.9944,24.8011,Estonia,EE,EST,Rapla,admin,5069.0,1233013333
Kärdla,Kardla,58.9981,22.7467,Estonia,EE,EST,Hiiumaa,admin,3230.0,1233977488
Debre Zeyit,Debre Zeyit,8.75,38.9833,Ethiopia,ET,ETH,Oromīya,,99928.0,1231675489
Gwelej,Gwelej,14.75,36.7167,Eritrea,ER,ERI,Gash-Barka,,100000.0,1232869245
Babīlē,Babile,9.2167,42.3333,Ethiopia,ET,ETH,Oromīya,,100000.0,1231924903
Ra’s Ghārib,Ra's Gharib,28.3597,33.0775,Egypt,EG,EGY,Al Baḩr al Aḩmar,,100000.0,1818526915
Al Jammālīyah,Al Jammaliyah,31.1792,31.8648,Egypt,EG,EGY,Ad Daqahlīyah,,97682.0,1818993341
Weldiya,Weldiya,11.8306,39.6,Ethiopia,ET,ETH,Āmara,,98911.0,1231023092
Lugo,Lugo,43.0167,-7.55,Spain,ES,ESP,Galicia,minor,97613.0,1724547526
San Cugat del Vallés,San Cugat del Valles,41.4735,2.0852,Spain,ES,ESP,Catalonia,,95725.0,1724196400
Las Rozas de Madrid,Las Rozas de Madrid,40.4917,-3.8733,Spain,ES,ESP,Madrid,,95725.0,1724629395
Lorca,Lorca,37.6798,-1.6944,Spain,ES,ESP,Murcia,,97151.0,1724565149
Shirē,Shire,14.1,38.2833,Ethiopia,ET,ETH,Tigray,,95491.0,1231526396
Cáceres,Caceres,39.4833,-6.3667,Spain,ES,ESP,Extremadura,minor,95456.0,1724532670
Samālūţ,Samalut,28.3097,30.7108,Egypt,EG,EGY,Al Minyā,,91475.0,1818180512
San Sebastián de los Reyes,San Sebastian de los Reyes,40.5469,-3.6258,Spain,ES,ESP,Madrid,,91083.0,1724422840
Mijas,Mijas,36.6,-4.6333,Spain,ES,ESP,Andalusia,,89502.0,1724011980
El Puerto de Santa María,El Puerto de Santa Maria,36.6,-6.2167,Spain,ES,ESP,Andalusia,,89435.0,1724087455
Chiclana de la Frontera,Chiclana de la Frontera,36.4167,-6.15,Spain,ES,ESP,Andalusia,,87493.0,1724794663
El Ejido,El Ejido,36.7831,-2.8167,Spain,ES,ESP,Andalusia,,87500.0,1724399333
Denan,Denan,6.5,43.5,Ethiopia,ET,ETH,Sumalē,,87380.0,1231663674
Bi’r al ‘Abd,Bi'r al `Abd,31.0181,33.0111,Egypt,EG,EGY,Shamāl Sīnā’,minor,87219.0,1818433972
Yabēlo,Yabelo,4.8833,38.0833,Ethiopia,ET,ETH,Oromīya,,86400.0,1231019846
Torrente,Torrente,39.4365,-0.4679,Spain,ES,ESP,Valencia,,85142.0,1724305866
Warder,Warder,6.9667,45.35,Ethiopia,ET,ETH,Sumalē,,85400.0,1231158948
Torrevieja,Torrevieja,37.9778,-0.6833,Spain,ES,ESP,Valencia,,83547.0,1724485635
Vélez-Málaga,Velez-Malaga,36.7833,-4.1,Spain,ES,ESP,Andalusia,,83899.0,1724206889
Talavera de la Reina,Talavera de la Reina,39.9583,-4.8328,Spain,ES,ESP,Castille-La Mancha,,83477.0,1724716966
Arona,Arona,28.0996,-16.6809,Spain,ES,ESP,Canary Islands,,82982.0,1724300501
Pontevedra,Pontevedra,42.4333,-8.6333,Spain,ES,ESP,Galicia,minor,83114.0,1724789643
Orihuela,Orihuela,38.0856,-0.9469,Spain,ES,ESP,Valencia,,80784.0,1724864615
Ādīgala,Adigala,10.4236,42.2333,Ethiopia,ET,ETH,Sumalē,,80440.0,1231021572
Valdemoro,Valdemoro,40.1908,-3.6742,Spain,ES,ESP,Madrid,,79100.0,1724347455
Manresa,Manresa,41.7264,1.8292,Spain,ES,ESP,Catalonia,,78192.0,1724989137
Madīnat as Sādāt,Madinat as Sadat,30.3811,30.5266,Egypt,EG,EGY,Al Buḩayrah,,79000.0,1818951142
Palencia,Palencia,42.0167,-4.5333,Spain,ES,ESP,Castille-Leon,minor,77090.0,1724682403
Armant,Armant,25.6167,32.5333,Egypt,EG,EGY,Qinā,,76457.0,1818701870
Gandía,Gandia,38.9667,-0.1833,Spain,ES,ESP,Valencia,,75970.0,1724131747
Sangolquí,Sangolqui,-0.3344,-78.4475,Ecuador,EC,ECU,Pichincha,,75080.0,1218715616
Alcalá de Guadaira,Alcala de Guadaira,37.3333,-5.85,Spain,ES,ESP,Andalusia,,75917.0,1724537443
Ciudad Real,Ciudad Real,38.9833,-3.9167,Spain,ES,ESP,Castille-La Mancha,minor,75104.0,1724671059
Molina de Segura,Molina de Segura,38.0548,-1.2131,Spain,ES,ESP,Murcia,,74762.0,1724074824
Estepona,Estepona,36.4264,-5.1472,Spain,ES,ESP,Andalusia,,74493.0,1724460361
Majadahonda,Majadahonda,40.4728,-3.8722,Spain,ES,ESP,Madrid,,72179.0,1724482447
Sharm ash Shaykh,Sharm ash Shaykh,27.9122,34.3297,Egypt,EG,EGY,Janūb Sīnā’,,74000.0,1818039222
Paterna,Paterna,39.5028,-0.4406,Spain,ES,ESP,Valencia,,71880.0,1724974310
Farshūţ,Farshut,26.0549,32.164,Egypt,EG,EGY,Qinā,,70250.0,1818845921
Kawm Umbū,Kawm Umbu,24.4667,32.95,Egypt,EG,EGY,Aswān,,71596.0,1818527731
Benidorm,Benidorm,38.5342,-0.1314,Spain,ES,ESP,Valencia,,69738.0,1724178356
Togoch’alē,Togoch'ale,9.6014,43.3361,Ethiopia,ET,ETH,Sumalē,,70450.0,1231990748
Būr Fu’ād,Bur Fu'ad,31.25,32.3167,Egypt,EG,EGY,Būr Sa‘īd,,70417.0,1818849497
Sanlúcar de Barrameda,Sanlucar de Barrameda,36.7667,-6.35,Spain,ES,ESP,Andalusia,,69727.0,1724096650
Isnā,Isna,25.3,32.55,Egypt,EG,EGY,Qinā,,68656.0,1818782058
Sagunto,Sagunto,39.6764,-0.2733,Spain,ES,ESP,Valencia,,68066.0,1724302941
Pelileo,Pelileo,-1.3306,-78.5428,Ecuador,EC,ECU,Tungurahua,,66836.0,1218236950
Daule,Daule,-1.8667,-79.9833,Ecuador,EC,ECU,Guayas,,65145.0,1218253183
Ferrol,Ferrol,43.4844,-8.2328,Spain,ES,ESP,Galicia,,64785.0,1724806861
Irún,Irun,43.3378,-1.7888,Spain,ES,ESP,Basque Country,,62933.0,1724796753
Ponferrada,Ponferrada,42.5461,-6.5908,Spain,ES,ESP,Castille-Leon,,63747.0,1724164693
Boadilla del Monte,Boadilla del Monte,40.4069,-3.875,Spain,ES,ESP,Madrid,,62627.0,1724646651
Dikirnis,Dikirnis,31.0883,31.5969,Egypt,EG,EGY,Ad Daqahlīyah,,62177.0,1818065059
Abū Qurqāş,Abu Qurqas,27.9333,30.8333,Egypt,EG,EGY,Al Minyā,,63264.0,1818889126
Bodītī,Boditi,6.8667,37.8667,Ethiopia,ET,ETH,YeDebub Bihēroch Bihēreseboch na Hizboch,,61983.0,1231974220
Zamora,Zamora,41.5033,-5.7556,Spain,ES,ESP,Castille-Leon,minor,60297.0,1724611317
San Vicente del Raspeig,San Vicente del Raspeig,38.3964,-0.5253,Spain,ES,ESP,Valencia,,59138.0,1724135642
Aranjuez,Aranjuez,40.0333,-3.6028,Spain,ES,ESP,Madrid,,59833.0,1724798101
Ash Shaykh Zuwayd,Ash Shaykh Zuwayd,31.2119,34.1106,Egypt,EG,EGY,Shamāl Sīnā’,minor,60000.0,1818656208
Alcoy,Alcoy,38.6983,-0.4736,Spain,ES,ESP,Valencia,,59128.0,1724702362
Motril,Motril,36.75,-3.5167,Spain,ES,ESP,Andalusia,,58798.0,1724209936
Ávila,Avila,40.65,-4.6833,Spain,ES,ESP,Castille-Leon,minor,57949.0,1724392183
Linares,Linares,38.0833,-3.6333,Spain,ES,ESP,Andalusia,,56525.0,1724047784
Mota,Mota,11.0833,37.8667,Ethiopia,ET,ETH,Āmara,,56156.0,1231135838
Finote Selam,Finote Selam,10.7,37.2667,Ethiopia,ET,ETH,Āmara,,55567.0,1231472850
Pinto,Pinto,40.25,-3.7,Spain,ES,ESP,Madrid,,54088.0,1724713530
Dandarah,Dandarah,26.1681,32.6561,Egypt,EG,EGY,Qinā,,53109.0,1818692271
Narva,Narva,59.3758,28.1961,Estonia,EE,EST,Narva,minor,53424.0,1233751159
Cuenca,Cuenca,40.0667,-2.15,Spain,ES,ESP,Castille-La Mancha,minor,53988.0,1724316040
Huesca,Huesca,42.1333,-0.4167,Spain,ES,ESP,Aragon,minor,53429.0,1724384043
Elda,Elda,38.4789,-0.7967,Spain,ES,ESP,Valencia,,52551.0,1724626332
Colmenar Viejo,Colmenar Viejo,40.6589,-3.7658,Spain,ES,ESP,Madrid,,53389.0,1724112232
Dangila,Dangila,11.2667,36.8333,Ethiopia,ET,ETH,Āmara,,53225.0,1231000015
San Bartolomé,San Bartolome,27.9254,-15.5726,Spain,ES,ESP,Canary Islands,,53066.0,1724008128
Pasaje,Pasaje,-3.3269,-79.8049,Ecuador,EC,ECU,El Oro,,52673.0,1218997966
Chone,Chone,-0.6833,-80.1,Ecuador,EC,ECU,Manabí,,52810.0,1218083347
Granadilla de Abona,Granadilla de Abona,28.1167,-16.5833,Spain,ES,ESP,Canary Islands,,52447.0,1724769973
Torrelavega,Torrelavega,43.3531,-4.0458,Spain,ES,ESP,Cantabria,,51237.0,1724275022
Rincón de la Victoria,Rincon de la Victoria,36.7167,-4.2833,Spain,ES,ESP,Andalusia,,50569.0,1724481445
Villareal,Villareal,39.9378,-0.1014,Spain,ES,ESP,Valencia,,51369.0,1724206895
Pola de Siero,Pola de Siero,43.3833,-5.65,Spain,ES,ESP,Asturias,,51792.0,1724178701
Calviá,Calvia,39.5656,2.5056,Spain,ES,ESP,Balearic Islands,,51567.0,1724569871
Utrera,Utrera,37.183,-5.767,Spain,ES,ESP,Andalusia,,51402.0,1724187644
Segovia,Segovia,40.9481,-4.1183,Spain,ES,ESP,Castille-Leon,minor,51258.0,1724953497
Goba,Goba,7.0,39.9833,Ethiopia,ET,ETH,Oromīya,,49309.0,1231837780
Metema,Metema,12.9667,36.2,Ethiopia,ET,ETH,Āmara,,50581.0,1231471612
Mojo,Mojo,8.65,39.0833,Ethiopia,ET,ETH,Oromīya,,49521.0,1231772257
Adeje,Adeje,28.1167,-16.7167,Spain,ES,ESP,Canary Islands,,49270.0,1724394126
Santa Rosa,Santa Rosa,-3.4522,-79.9617,Ecuador,EC,ECU,El Oro,,48929.0,1218626394
Vich,Vich,41.9304,2.2546,Spain,ES,ESP,Catalonia,,47545.0,1724823476
Huaquillas,Huaquillas,-3.4814,-80.2432,Ecuador,EC,ECU,El Oro,,47706.0,1218443042
Maţāy,Matay,28.4167,30.75,Egypt,EG,EGY,Al Minyā,,46903.0,1818679215
Gavá,Gava,41.3072,2.0039,Spain,ES,ESP,Catalonia,,46974.0,1724806532
Mīt Salsīl,Mit Salsil,31.1667,31.8,Egypt,EG,EGY,Ad Daqahlīyah,,47217.0,1818883733
Montecristi,Montecristi,-1.05,-80.6667,Ecuador,EC,ECU,Manabí,,46312.0,1218883853
Banī ‘Ubayd,Bani `Ubayd,31.0234,31.6479,Egypt,EG,EGY,Ad Daqahlīyah,,45157.0,1818589720
Puertollano,Puertollano,38.6833,-4.1167,Spain,ES,ESP,Castille-La Mancha,,46036.0,1724051219
Kafr al Baţţīkh,Kafr al Battikh,31.3234,31.7612,Egypt,EG,EGY,Dumyāţ,,44716.0,1818792842
Alcira,Alcira,39.15,-0.435,Spain,ES,ESP,Valencia,,45451.0,1724303009
Manacor,Manacor,39.57,3.2089,Spain,ES,ESP,Balearic Islands,,45352.0,1724483399
Yirga ‘Alem,Yirga `Alem,6.75,38.4167,Ethiopia,ET,ETH,YeDebub Bihēroch Bihēreseboch na Hizboch,,43815.0,1231817240
Abū al Maţāmīr,Abu al Matamir,30.9084,30.1485,Egypt,EG,EGY,Al Buḩayrah,,44415.0,1818329070
Denia,Denia,38.8444,0.1111,Spain,ES,ESP,Valencia,,43899.0,1724032915
Şān al Ḩajar al Qiblīyah,San al Hajar al Qibliyah,30.9769,31.88,Egypt,EG,EGY,Ash Sharqīyah,,43157.0,1818442798
Alhaurín de la Torre,Alhaurin de la Torre,36.6667,-4.55,Spain,ES,ESP,Andalusia,,42531.0,1724504346
Samborondón,Samborondon,-1.9611,-79.7256,Ecuador,EC,ECU,Guayas,,42637.0,1218370377
Lucena,Lucena,37.4,-4.4833,Spain,ES,ESP,Andalusia,,42712.0,1724391367
La Orotava,La Orotava,28.3667,-16.5167,Spain,ES,ESP,Canary Islands,,42434.0,1724852308
Puerto Real,Puerto Real,36.5292,-6.1919,Spain,ES,ESP,Andalusia,,41963.0,1724134848
Puerto del Rosario,Puerto del Rosario,28.5,-13.8667,Spain,ES,ESP,Canary Islands,,42024.0,1724461156
Ihnāsyā al Madīnah,Ihnasya al Madinah,29.0833,30.9333,Egypt,EG,EGY,Banī Suwayf,,40001.0,1818108314
Mersa,Mersa,11.6667,39.6583,Ethiopia,ET,ETH,Āmara,,41253.0,1231844606
Antequera,Antequera,37.0183,-4.5597,Spain,ES,ESP,Andalusia,,41348.0,1724357550
Santa Eulalia del Río,Santa Eulalia del Rio,38.9847,1.5336,Spain,ES,ESP,Balearic Islands,,40548.0,1724568151
Nabarūh,Nabaruh,31.0942,31.3,Egypt,EG,EGY,Ad Daqahlīyah,,38953.0,1818811777
Jipijapa,Jipijapa,-1.3486,-80.5786,Ecuador,EC,ECU,Manabí,,40232.0,1218962184
San Fernando de Henares,San Fernando de Henares,40.4256,-3.5353,Spain,ES,ESP,Madrid,,39313.0,1724056913
Vendrell,Vendrell,41.2201,1.5348,Spain,ES,ESP,Catalonia,,39072.0,1724555594
Otavalo,Otavalo,0.2303,-78.2625,Ecuador,EC,ECU,Imbabura,,39354.0,1218541444
Écija,Ecija,37.5333,-5.0833,Spain,ES,ESP,Andalusia,,39838.0,1724919208
Soria,Soria,41.7667,-2.4667,Spain,ES,ESP,Castille-Leon,minor,39695.0,1724106558
La Rinconada,La Rinconada,37.4833,-5.9667,Spain,ES,ESP,Andalusia,,39509.0,1724417340
Lloret de Mar,Lloret de Mar,41.7,2.8333,Spain,ES,ESP,Catalonia,,38941.0,1724676299
Plasencia,Plasencia,40.0275,-6.0908,Spain,ES,ESP,Extremadura,,39558.0,1724951100
Arucas,Arucas,28.1184,-15.5232,Spain,ES,ESP,Canary Islands,,38535.0,1724017455
Marratxi,Marratxi,39.6421,2.7527,Spain,ES,ESP,Balearic Islands,,38902.0,1724429400
Narón,Naron,43.55,-8.15,Spain,ES,ESP,Galicia,,38938.0,1724543353
Cayambe,Cayambe,0.0439,-78.1561,Ecuador,EC,ECU,Pichincha,,39028.0,1218475970
Sama,Sama,43.3,-5.6833,Spain,ES,ESP,Asturias,,38683.0,1724748229
Los Palacios y Villafranca,Los Palacios y Villafranca,37.1625,-5.9242,Spain,ES,ESP,Andalusia,,38678.0,1724334949
Lluchmayor,Lluchmayor,39.49,2.8898,Spain,ES,ESP,Balearic Islands,,38722.0,1724033667
Darāw,Daraw,24.4,32.9167,Egypt,EG,EGY,Aswān,,38400.0,1818705709
Ventanas,Ventanas,-1.45,-79.47,Ecuador,EC,ECU,Los Ríos,,38168.0,1218067203
Villagarcía de Arosa,Villagarcia de Arosa,42.5977,-8.7632,Spain,ES,ESP,Galicia,,37677.0,1724392038
San Jacinto de Buena Fe,San Jacinto de Buena Fe,-0.8986,-79.4889,Ecuador,EC,ECU,Los Ríos,,38263.0,1218724130
Moncada,Moncada,41.4867,2.1879,Spain,ES,ESP,Catalonia,,36794.0,1724353233
Torre-Pacheco,Torre-Pacheco,37.7333,-0.95,Spain,ES,ESP,Murcia,,38140.0,1724458704
Oleiros,Oleiros,43.3333,-8.3166,Spain,ES,ESP,Galicia,,37271.0,1724989777
Olot,Olot,42.1822,2.489,Spain,ES,ESP,Catalonia,,36716.0,1724694918
Tudela,Tudela,42.0653,-1.6067,Spain,ES,ESP,Navarre,,37247.0,1724338927
Don Benito,Don Benito,38.9545,-5.8617,Spain,ES,ESP,Extremadura,,37310.0,1724257021
Mieres,Mieres,43.2508,-5.7767,Spain,ES,ESP,Asturias,,37026.0,1724137111
Azuqueca de Henares,Azuqueca de Henares,40.5647,-3.2681,Spain,ES,ESP,Castille-La Mancha,,35236.0,1724909657
Mek’ī,Mek'i,8.15,38.8167,Ethiopia,ET,ETH,Oromīya,,36597.0,1231135266
Santa Pola,Santa Pola,38.1897,-0.5556,Spain,ES,ESP,Valencia,,36174.0,1724077015
Cambrils,Cambrils,41.067,1.0564,Spain,ES,ESP,Catalonia,,35675.0,1724843807
Águilas,Aguilas,37.4042,-1.5819,Spain,ES,ESP,Murcia,,36403.0,1724197717
Villajoyosa,Villajoyosa,38.5053,-0.2328,Spain,ES,ESP,Valencia,,34828.0,1724104919
Arroyomolinos,Arroyomolinos,40.2667,-3.9,Spain,ES,ESP,Madrid,,34833.0,1724999273
Andújar,Andujar,38.0392,-4.0506,Spain,ES,ESP,Andalusia,,36212.0,1724144147
Onteniente,Onteniente,38.8222,-0.6072,Spain,ES,ESP,Valencia,,35946.0,1724051475
Tomelloso,Tomelloso,39.1578,-3.0208,Spain,ES,ESP,Castille-La Mancha,,36024.0,1724367154
Velasco Ibarra,Velasco Ibarra,-1.0439,-79.6383,Ecuador,EC,ECU,Guayas,,35686.0,1218000005
Salinas,Salinas,-2.2167,-80.9501,Ecuador,EC,ECU,Guayas,,34719.0,1218838548
Miranda de Ebro,Miranda de Ebro,42.6833,-2.9333,Spain,ES,ESP,Castille-Leon,,35528.0,1724933402
Teruel,Teruel,40.3456,-1.1065,Spain,ES,ESP,Aragon,minor,35691.0,1724398880
Burriana,Burriana,39.8894,-0.0925,Spain,ES,ESP,Valencia,,35019.0,1724445446
Bedēsa,Bedesa,6.883,37.9329,Ethiopia,ET,ETH,YeDebub Bihēroch Bihēreseboch na Hizboch,,35294.0,1231807796
La Troncal,La Troncal,-2.4,-79.33,Ecuador,EC,ECU,Cañar,,35259.0,1218086252
Cieza,Cieza,38.2392,-1.4189,Spain,ES,ESP,Murcia,,35301.0,1724168894
Galapagar,Galapagar,40.5764,-4.0019,Spain,ES,ESP,Madrid,,34834.0,1724218090
Yecla,Yecla,38.6167,-1.1167,Spain,ES,ESP,Murcia,,35234.0,1724394283
San Javier,San Javier,37.8037,-0.8343,Spain,ES,ESP,Murcia,,34468.0,1724177387
Inca,Inca,39.7167,2.9167,Spain,ES,ESP,Balearic Islands,,34093.0,1724489288
Playas,Playas,-2.63,-80.39,Ecuador,EC,ECU,Guayas,,34409.0,1218216648
Machachi,Machachi,-0.51,-78.57,Ecuador,EC,ECU,Pichincha,,34283.0,1218716306
Kohtla-Järve,Kohtla-Jarve,59.3978,27.2572,Estonia,EE,EST,Kohtla-Järve,minor,33498.0,1233016348
Úbeda,Ubeda,38.0117,-3.3717,Spain,ES,ESP,Andalusia,,34208.0,1724367504
Rafaḩ,Rafah,31.2808,34.2414,Egypt,EG,EGY,Shamāl Sīnā’,minor,34055.0,1818109072
Villena,Villena,38.635,-0.8658,Spain,ES,ESP,Valencia,,34025.0,1724638080
Tortosa,Tortosa,40.8125,0.5211,Spain,ES,ESP,Catalonia,,33890.0,1724228664
Almendralejo,Almendralejo,38.6833,-6.4167,Spain,ES,ESP,Extremadura,,33741.0,1724000018
Mazarrón,Mazarron,37.5983,-1.3139,Spain,ES,ESP,Murcia,,33700.0,1724139198
Ronda,Ronda,36.7372,-5.1647,Spain,ES,ESP,Andalusia,,33624.0,1724795472
Ar Raḩmānīyah,Ar Rahmaniyah,31.1062,30.6337,Egypt,EG,EGY,Al Buḩayrah,,32093.0,1818669069
Castro-Urdiales,Castro-Urdiales,43.3844,-3.215,Spain,ES,ESP,Cantabria,,33109.0,1724390704
Aranda de Duero,Aranda de Duero,41.6833,-3.6833,Spain,ES,ESP,Castille-Leon,,33172.0,1724218741
Arteijo,Arteijo,43.3044,-8.5114,Spain,ES,ESP,Galicia,,33076.0,1724272253
Gīmbī,Gimbi,9.1667,35.8333,Ethiopia,ET,ETH,Oromīya,,31809.0,1231550284
San Roque,San Roque,36.2097,-5.3844,Spain,ES,ESP,Andalusia,,33018.0,1724332438
Maḩallat Damanah,Mahallat Damanah,31.0754,31.4959,Egypt,EG,EGY,Ad Daqahlīyah,,31293.0,1818420317
Manises,Manises,39.4833,-0.45,Spain,ES,ESP,Valencia,,31287.0,1724921476
Quţūr,Qutur,30.9735,30.9563,Egypt,EG,EGY,Al Gharbīyah,,31366.0,1818962685
Ingenio,Ingenio,27.9214,-15.4324,Spain,ES,ESP,Canary Islands,,31932.0,1724555097
Amés,Ames,42.9,-8.6333,Spain,ES,ESP,Galicia,,32095.0,1724737109
San Pedro de Ribas,San Pedro de Ribas,41.2592,1.773,Spain,ES,ESP,Catalonia,,31688.0,1724896777
Totana,Totana,37.7711,-1.5003,Spain,ES,ESP,Murcia,,32329.0,1724153814
Āreka,Areka,7.071,37.7076,Ethiopia,ET,ETH,YeDebub Bihēroch Bihēreseboch na Hizboch,,31408.0,1231646056
Sitges,Sitges,41.2339,1.8042,Spain,ES,ESP,Catalonia,,31222.0,1724328412
Níjar,Nijar,36.9667,-2.2,Spain,ES,ESP,Andalusia,,31816.0,1724044503
Navalcarnero,Navalcarnero,40.2847,-4.0136,Spain,ES,ESP,Madrid,,31379.0,1724865858
Carballo,Carballo,43.2167,-8.6833,Spain,ES,ESP,Galicia,,31432.0,1724180814
Al Ḩusaynīyah,Al Husayniyah,30.8617,31.9181,Egypt,EG,EGY,Ash Sharqīyah,,30825.0,1818070991
Culleredo,Culleredo,43.2883,-8.3894,Spain,ES,ESP,Galicia,,30790.0,1724416062
Coria del Río,Coria del Rio,37.2833,-6.05,Spain,ES,ESP,Andalusia,,30774.0,1724372076
Illescas,Illescas,40.1167,-3.8333,Spain,ES,ESP,Castille-La Mancha,,30553.0,1724426043
Chagne,Chagne,10.95,36.5,Ethiopia,ET,ETH,Āmara,,30938.0,1231473183
Arcos de la Frontera,Arcos de la Frontera,36.75,-5.8,Spain,ES,ESP,Andalusia,,30953.0,1724851482
Dolo Odo,Dolo Odo,4.1667,42.0667,Ethiopia,ET,ETH,Sumalē,,30970.0,1231046394
Salou,Salou,41.0796,1.1316,Spain,ES,ESP,Catalonia,,29028.0,1724922401
San Andrés del Rabanedo,San Andres del Rabanedo,42.6167,-5.6,Spain,ES,ESP,Castille-Leon,,30160.0,1724350553
Alcázar de San Juan,Alcazar de San Juan,39.4056,-3.2056,Spain,ES,ESP,Castille-La Mancha,,30548.0,1724889534
Puerto de la Cruz,Puerto de la Cruz,28.4167,-16.55,Spain,ES,ESP,Canary Islands,,30349.0,1724298488
Metu,Metu,8.3,35.5833,Ethiopia,ET,ETH,Oromīya,,28782.0,1231361169
Hellín,Hellin,38.5167,-1.6833,Spain,ES,ESP,Castille-La Mancha,,30492.0,1724570430
Calafell,Calafell,41.2004,1.5693,Spain,ES,ESP,Catalonia,,29102.0,1724383580
Abū Şuwayr,Abu Suwayr,30.5633,32.1155,Egypt,EG,EGY,Ash Sharqīyah,,30320.0,1818806418
Galdácano,Galdacano,43.2306,-2.8458,Spain,ES,ESP,Basque Country,,29404.0,1724891889
Valdepeñas,Valdepenas,38.7667,-3.4,Spain,ES,ESP,Castille-La Mancha,,30218.0,1724776859
Vinces,Vinces,-1.55,-79.7333,Ecuador,EC,ECU,Los Ríos,,30241.0,1218211679
Jinka,Jinka,5.7833,36.5667,Ethiopia,ET,ETH,YeDebub Bihēroch Bihēreseboch na Hizboch,,30249.0,1231671120
Crevillente,Crevillente,38.2486,-0.8089,Spain,ES,ESP,Valencia,,29881.0,1724275111
Shubrākhīt,Shubrakhit,31.0275,30.7128,Egypt,EG,EGY,Al Buḩayrah,,28505.0,1818459935
Degeh Bur,Degeh Bur,8.2167,43.5667,Ethiopia,ET,ETH,Sumalē,,30027.0,1231855349
Puente-Genil,Puente-Genil,37.3833,-4.7667,Spain,ES,ESP,Andalusia,,29767.0,1724654674
Rota,Rota,36.6167,-6.35,Spain,ES,ESP,Andalusia,,29491.0,1724152240
Mahón,Mahon,39.8894,4.2642,Spain,ES,ESP,Balearic Islands,,29578.0,1724771449
Redondela,Redondela,42.2833,-8.6167,Spain,ES,ESP,Galicia,,29192.0,1724657198
Dembī Dolo,Dembi Dolo,8.5333,34.8,Ethiopia,ET,ETH,Oromīya,,29448.0,1231620291
Vinaroz,Vinaroz,40.4686,0.4736,Spain,ES,ESP,Valencia,,29120.0,1724995416
Carmona,Carmona,37.4667,-5.6333,Spain,ES,ESP,Andalusia,,29279.0,1724616347
La Concordia,La Concordia,-0.0067,-79.3958,Ecuador,EC,ECU,Esmeraldas,,29003.0,1218975936
Candelaria,Candelaria,28.3547,-16.371,Spain,ES,ESP,Canary Islands,,28485.0,1724124128
Rosa Zarate,Rosa Zarate,0.33,-79.48,Ecuador,EC,ECU,Esmeraldas,,28928.0,1218721040
Balzar,Balzar,-1.36,-79.9,Ecuador,EC,ECU,Guayas,,28794.0,1218257587
Lepe,Lepe,37.2542,-7.2033,Spain,ES,ESP,Andalusia,,28617.0,1724165295
Fichē,Fiche,9.8,38.7333,Ethiopia,ET,ETH,Oromīya,,27493.0,1231384026
Naranjito,Naranjito,-2.1667,-79.4653,Ecuador,EC,ECU,Guayas,,28546.0,1218386613
Naranjal,Naranjal,-2.6728,-79.615,Ecuador,EC,ECU,Guayas,,28487.0,1218900978
Villaviciosa de Odón,Villaviciosa de Odon,40.3583,-3.9033,Spain,ES,ESP,Madrid,,28152.0,1724552632
Seseña,Sesena,40.1036,-3.6981,Spain,ES,ESP,Castille-La Mancha,,28102.0,1724634027
Benicarló,Benicarlo,40.4167,0.4167,Spain,ES,ESP,Valencia,,27780.0,1724776568
Shakīso,Shakiso,5.75,38.9167,Ethiopia,ET,ETH,Oromīya,,28260.0,1231345308
Safājā,Safaja,26.7333,33.9333,Egypt,EG,EGY,Al Baḩr al Aḩmar,,28261.0,1818038126
Almazora,Almazora,39.9403,-0.0625,Spain,ES,ESP,Valencia,,27383.0,1724564412
Vícar,Vicar,36.8317,-2.6431,Spain,ES,ESP,Andalusia,,27631.0,1724429496
Sueca,Sueca,39.2026,-0.3112,Spain,ES,ESP,Valencia,,27738.0,1724472560
San Pedro del Pinatar,San Pedro del Pinatar,37.8167,-0.75,Spain,ES,ESP,Murcia,,26827.0,1724144996
La Oliva,La Oliva,28.6167,-13.9333,Spain,ES,ESP,Canary Islands,,27945.0,1724741564
Algemesí,Algemesi,39.1897,-0.4378,Spain,ES,ESP,Valencia,,27305.0,1724231513
Cártama,Cartama,36.7114,-4.6306,Spain,ES,ESP,Andalusia,,27712.0,1724807752
Molíns de Rey,Molins de Rey,41.4139,2.0158,Spain,ES,ESP,Catalonia,,26242.0,1724528554
K’olīto,K'olito,7.3122,38.0892,Ethiopia,ET,ETH,YeDebub Bihēroch Bihēreseboch na Hizboch,,27359.0,1231294595
Lebrija,Lebrija,36.9194,-6.0781,Spain,ES,ESP,Andalusia,,27665.0,1724598585
Santa Perpetua de Moguda,Santa Perpetua de Moguda,41.5375,2.1819,Spain,ES,ESP,Catalonia,,26033.0,1724312278
Morón de la Frontera,Moron de la Frontera,37.1222,-5.4517,Spain,ES,ESP,Andalusia,,27582.0,1724945093
Cangas,Cangas,42.2642,-8.7819,Spain,ES,ESP,Galicia,,26832.0,1724669943
Santa Eugenia,Santa Eugenia,42.5667,-8.9833,Spain,ES,ESP,Galicia,,26897.0,1724379476
Almuñécar,Almunecar,36.7339,-3.6911,Spain,ES,ESP,Andalusia,,26748.0,1724549849
Paracuellos de Jarama,Paracuellos de Jarama,40.55,-3.5167,Spain,ES,ESP,Madrid,,26450.0,1724371566
Alhaurín el Grande,Alhaurin el Grande,36.6331,-4.6831,Spain,ES,ESP,Andalusia,,26436.0,1724876495
Muchamiel,Muchamiel,38.4136,-0.4456,Spain,ES,ESP,Valencia,,26192.0,1724272993
Bétera,Betera,39.5922,-0.4625,Spain,ES,ESP,Valencia,,26289.0,1724948157
Jumilla,Jumilla,38.4792,-1.325,Spain,ES,ESP,Murcia,,26596.0,1724151562
Werota,Werota,11.9167,37.7,Ethiopia,ET,ETH,Āmara,,26317.0,1231170165
Villanueva de la Serena,Villanueva de la Serena,38.9667,-5.8,Spain,ES,ESP,Extremadura,,25873.0,1724363816
Torrelodones,Torrelodones,40.5756,-3.9292,Spain,ES,ESP,Madrid,,24775.0,1724434250
Novelda,Novelda,38.385,-0.768,Spain,ES,ESP,Valencia,,25611.0,1724123582
Āgaro,Agaro,7.85,36.5833,Ethiopia,ET,ETH,Oromīya,,25458.0,1231182793
Ciempozuelos,Ciempozuelos,40.1592,-3.6183,Spain,ES,ESP,Madrid,,25383.0,1724341699
Erandio,Erandio,43.3047,-2.9731,Spain,ES,ESP,Basque Country,,24489.0,1724931391
Adra,Adra,36.7478,-3.0161,Spain,ES,ESP,Andalusia,,25501.0,1724071055
Olesa de Montserrat,Olesa de Montserrat,41.545,1.8944,Spain,ES,ESP,Catalonia,,24272.0,1724299057
Oliva,Oliva,38.9194,-0.1211,Spain,ES,ESP,Valencia,,25179.0,1724426329
Almonte,Almonte,37.2667,-6.5167,Spain,ES,ESP,Andalusia,,25448.0,1724955448
Onda,Onda,39.9625,-0.2639,Spain,ES,ESP,Valencia,,25099.0,1724421220
Burē,Bure,10.7,37.0667,Ethiopia,ET,ETH,Āmara,,25084.0,1231106866
Mejorada del Campo,Mejorada del Campo,40.3967,-3.3858,Spain,ES,ESP,Madrid,,23897.0,1724293748
Cambre,Cambre,43.283,-8.333,Spain,ES,ESP,Galicia,,24616.0,1724885486
Valls,Valls,41.2883,1.2508,Spain,ES,ESP,Catalonia,,24727.0,1724511688
Calpe,Calpe,38.645,0.0442,Spain,ES,ESP,Valencia,,24096.0,1724877295
Ādīs Zemen,Adis Zemen,12.1167,37.7833,Ethiopia,ET,ETH,Āmara,,24849.0,1231619970
Dbarwa,Dbarwa,15.1,38.8333,Eritrea,ER,ERI,Debub,,25000.0,1232218993
Kobo,Kobo,12.15,39.6333,Ethiopia,ET,ETH,Āmara,,24867.0,1231442396
Villarrobledo,Villarrobledo,39.2667,-2.6,Spain,ES,ESP,Castille-La Mancha,,24978.0,1724704168
Dodola,Dodola,6.9833,39.1833,Ethiopia,ET,ETH,Oromīya,,24767.0,1231390840
Marín,Marin,42.3933,-8.7,Spain,ES,ESP,Galicia,,24248.0,1724759253
Calahorra,Calahorra,42.3,-1.9667,Spain,ES,ESP,La Rioja,,24654.0,1724553946
Zarautz,Zarautz,43.2833,-2.1667,Spain,ES,ESP,Basque Country,,23271.0,1724056021
Sucre,Sucre,-1.26,-80.44,Ecuador,EC,ECU,Manabí,,24631.0,1218621750
Gelemso,Gelemso,8.8167,40.5167,Ethiopia,ET,ETH,Oromīya,,24200.0,1231438273
Coín,Coin,36.6667,-4.75,Spain,ES,ESP,Andalusia,,24309.0,1724570414
Almansa,Almansa,38.8682,-1.0979,Spain,ES,ESP,Castille-La Mancha,,24388.0,1724819701
Martos,Martos,37.7167,-3.9667,Spain,ES,ESP,Andalusia,,24329.0,1724000251
Bormujos,Bormujos,37.3667,-6.0667,Spain,ES,ESP,Andalusia,,22536.0,1724359655
Mairena del Alcor,Mairena del Alcor,37.3667,-5.7333,Spain,ES,ESP,Andalusia,,23938.0,1724398748
Los Barrios,Los Barrios,36.1833,-5.4833,Spain,ES,ESP,Andalusia,,24069.0,1724279475
Liria,Liria,39.6258,-0.5961,Spain,ES,ESP,Valencia,,24036.0,1724728759
Ibi,Ibi,38.6272,-0.5753,Spain,ES,ESP,Valencia,,23677.0,1724086250
Kafr Sa‘d,Kafr Sa`d,31.3594,31.6865,Egypt,EG,EGY,Dumyāţ,,22500.0,1818266119
La Maná,La Mana,-0.93,-79.22,Ecuador,EC,ECU,Cotopaxi,,23775.0,1218200586
Qifţ,Qift,25.9956,32.8158,Egypt,EG,EGY,Qinā,,22063.0,1818432841
Conil de la Frontera,Conil de la Frontera,36.2667,-6.0833,Spain,ES,ESP,Andalusia,,23497.0,1724051704
Icod de los Vinos,Icod de los Vinos,28.35,-16.7,Spain,ES,ESP,Canary Islands,,23496.0,1724332990
Vilaseca de Solcina,Vilaseca de Solcina,41.111,1.145,Spain,ES,ESP,Catalonia,,22681.0,1724103527
Altea,Altea,38.5986,-0.0519,Spain,ES,ESP,Valencia,,23010.0,1724509426
San Felíu de Guixols,San Feliu de Guixols,41.7806,3.0306,Spain,ES,ESP,Catalonia,,22210.0,1724736863
Villanueva de la Cañada,Villanueva de la Canada,40.45,-3.9833,Spain,ES,ESP,Madrid,,22845.0,1724000272
Teguise,Teguise,29.0611,-13.5597,Spain,ES,ESP,Canary Islands,,23411.0,1724648198
Laguna de Duero,Laguna de Duero,41.5833,-4.7167,Spain,ES,ESP,Castille-Leon,,22642.0,1724571345
Torre del Mar,Torre del Mar,36.75,-4.1,Spain,ES,ESP,Andalusia,,22819.0,1724657999
San Lorenzo de Esmeraldas,San Lorenzo de Esmeraldas,1.2658,-78.8414,Ecuador,EC,ECU,Esmeraldas,,23265.0,1218156660
Cullera,Cullera,39.1639,-0.2517,Spain,ES,ESP,Andalusia,,22937.0,1724054051
Moncada,Moncada,39.5456,-0.3956,Spain,ES,ESP,Valencia,,21913.0,1724450178
Zaruma,Zaruma,-3.6833,-79.6,Ecuador,EC,ECU,El Oro,,22222.0,1218248860
Pilar de la Horadada,Pilar de la Horadada,37.8667,-0.7833,Spain,ES,ESP,Valencia,,22949.0,1724816403
Puenteareas,Puenteareas,42.1667,-8.5,Spain,ES,ESP,Galicia,,23049.0,1724337811
Himora,Himora,14.2861,36.6097,Ethiopia,ET,ETH,Tigray,,21653.0,1231449720
Esparraguera,Esparraguera,41.5381,1.8692,Spain,ES,ESP,Catalonia,,22365.0,1724908880
Sīwah,Siwah,29.2,25.5167,Egypt,EG,EGY,Maţrūḩ,,23080.0,1818755237
Barbate de Franco,Barbate de Franco,36.1833,-5.9167,Spain,ES,ESP,Andalusia,,22872.0,1724165909
Catamayo,Catamayo,-3.9833,-79.35,Ecuador,EC,ECU,Loja,,22697.0,1218400594
Naqādah,Naqadah,25.9,32.7167,Egypt,EG,EGY,Qinā,,21530.0,1818662110
Asaita,Asaita,11.5667,41.4333,Ethiopia,ET,ETH,Āfar,,22718.0,1231171609
Montilla,Montilla,37.5833,-4.6333,Spain,ES,ESP,Andalusia,,22633.0,1724865599
Alhama de Murcia,Alhama de Murcia,37.8514,-1.4264,Spain,ES,ESP,Murcia,,22691.0,1724947627
Moguer,Moguer,37.2747,-6.8386,Spain,ES,ESP,Andalusia,,22643.0,1724821530
Aljaraque,Aljaraque,37.2667,-7.0167,Spain,ES,ESP,Andalusia,,22078.0,1724459161
Sek’ot’a,Sek'ot'a,12.6253,39.035,Ethiopia,ET,ETH,Āmara,,22346.0,1231550759
Las Torres de Cotillas,Las Torres de Cotillas,38.0264,-1.2436,Spain,ES,ESP,Andalusia,,21980.0,1724150041
Şā al Ḩajar,Sa al Hajar,30.9647,30.7683,Egypt,EG,EGY,Al Gharbīyah,,20568.0,1818595696
Atuntaqui,Atuntaqui,0.3317,-78.2189,Ecuador,EC,ECU,Imbabura,,21286.0,1218840955
Guabo,Guabo,-3.2388,-79.8292,Ecuador,EC,ECU,El Oro,,22172.0,1218736994
Priego de Córdoba,Priego de Cordoba,37.4333,-4.1833,Spain,ES,ESP,Andalusia,,22251.0,1724212027
Palafrugell,Palafrugell,41.9174,3.1631,Spain,ES,ESP,Catalonia,,21049.0,1724222383
Manlleu,Manlleu,42.0,2.2836,Spain,ES,ESP,Catalonia,,20883.0,1724798027
Picasent,Picasent,39.3611,-0.46,Spain,ES,ESP,Valencia,,21761.0,1724170506
Bañolas,Banolas,42.1194,2.7664,Spain,ES,ESP,Catalonia,,20187.0,1724632297
Guía de Isora,Guia de Isora,28.211,-16.7784,Spain,ES,ESP,Canary Islands,,21827.0,1724572709
Amposta,Amposta,40.7106,0.5808,Spain,ES,ESP,Catalonia,,21807.0,1724566001
Pedernales,Pedernales,0.07,-80.055,Ecuador,EC,ECU,Manabí,,21910.0,1218670991
Isla-Cristina,Isla-Cristina,37.1992,-7.3214,Spain,ES,ESP,Andalusia,,21523.0,1724215419
Almoradí,Almoradi,38.1097,-0.7894,Spain,ES,ESP,Valencia,,21404.0,1724624918
Ayamonte,Ayamonte,37.2,-7.4,Spain,ES,ESP,Andalusia,,21725.0,1724119454
Alcalá la Real,Alcala la Real,37.45,-3.9167,Spain,ES,ESP,Andalusia,,21623.0,1724682908
Nerja,Nerja,36.7469,-3.879,Spain,ES,ESP,Andalusia,,21450.0,1724190692
Gīnīr,Ginir,7.1333,40.7,Ethiopia,ET,ETH,Oromīya,,21585.0,1231167016
Aspe,Aspe,38.3456,-0.7689,Spain,ES,ESP,Valencia,,21191.0,1724126700
La Unión,La Union,37.6192,-0.8756,Spain,ES,ESP,Murcia,,20656.0,1724665681
Metahāra,Metahara,8.9,39.9167,Ethiopia,ET,ETH,Oromīya,,21348.0,1231766002
Güimar,Guimar,28.315,-16.41,Spain,ES,ESP,Canary Islands,,21224.0,1724294895
Mī’ēso,Mi'eso,9.2333,40.75,Ethiopia,ET,ETH,Oromīya,,21348.0,1231730193
Algete,Algete,40.5978,-3.5003,Spain,ES,ESP,Madrid,,20767.0,1724204700
Ādēt,Adet,11.2667,37.4833,Ethiopia,ET,ETH,Āmara,,21117.0,1231929103
Puzol,Puzol,39.6167,-0.3011,Spain,ES,ESP,Valencia,,20191.0,1724895655
Injibara,Injibara,10.95,36.9333,Ethiopia,ET,ETH,Āmara,,21065.0,1231853157
Los Llanos de Aridane,Los Llanos de Aridane,28.65,-17.9,Spain,ES,ESP,Canary Islands,,20648.0,1724727479
Welench’ītī,Welench'iti,8.6667,39.4333,Ethiopia,ET,ETH,Oromīya,,20984.0,1231349696
Bahía de Caráquez,Bahia de Caraquez,-0.6,-80.4167,Ecuador,EC,ECU,Manabí,,20921.0,1218764402
Pájara,Pajara,28.35,-14.1,Spain,ES,ESP,Canary Islands,,21014.0,1724377413
Alcudia,Alcudia,39.8525,3.1192,Spain,ES,ESP,Balearic Islands,,20717.0,1724681701
Palma del Río,Palma del Rio,37.7,-5.2833,Spain,ES,ESP,Andalusia,,20910.0,1724000025
Debark’,Debark',13.1333,37.9,Ethiopia,ET,ETH,Āmara,,20839.0,1231894156
Carcagente,Carcagente,39.1222,-0.4489,Spain,ES,ESP,Valencia,,20498.0,1724931242
Humanes de Madrid,Humanes de Madrid,40.2539,-3.8278,Spain,ES,ESP,Madrid,,19838.0,1724764038
Archena,Archena,38.115,-1.2992,Spain,ES,ESP,Murcia,,19622.0,1724744981
Hernani,Hernani,43.2667,-1.9667,Spain,ES,ESP,Basque Country,,20375.0,1724313794
Cartaya,Cartaya,37.2833,-7.15,Spain,ES,ESP,Andalusia,,20717.0,1724750362
Batī,Bati,11.1833,40.0167,Ethiopia,ET,ETH,Āmara,,20536.0,1231243570
Loja,Loja,37.1667,-4.15,Spain,ES,ESP,Andalusia,,20555.0,1724466102
Puerto Quito,Puerto Quito,0.1272,-79.2531,Ecuador,EC,ECU,Pichincha,,20445.0,1218847413
Tolosa,Tolosa,43.1333,-2.0833,Spain,ES,ESP,Basque Country,,19886.0,1724081737
Baza,Baza,37.4833,-2.7667,Spain,ES,ESP,Andalusia,,20376.0,1724271422
La Corredoría,La Corredoria,43.3853,-5.8208,Spain,ES,ESP,Asturias,,19191.0,1724680069
Medina del Campo,Medina del Campo,41.3,-4.9167,Spain,ES,ESP,Castille-Leon,,20271.0,1724808879
Torrox,Torrox,36.75,-3.95,Spain,ES,ESP,Andalusia,,19997.0,1724600506
Rosas,Rosas,42.2633,3.175,Spain,ES,ESP,Catalonia,,19921.0,1724996343
Cardedeu,Cardedeu,41.6406,2.3594,Spain,ES,ESP,Catalonia,,18785.0,1724134455
Cabra,Cabra,37.4667,-4.4333,Spain,ES,ESP,Andalusia,,20245.0,1724617911
Lalín,Lalin,42.65,-8.1167,Spain,ES,ESP,Galicia,,20201.0,1724795282
Requena,Requena,39.4861,-1.1017,Spain,ES,ESP,Valencia,,20235.0,1724453990
Pedro Carbo,Pedro Carbo,-1.8333,-80.2333,Ecuador,EC,ECU,Guayas,,20220.0,1218092556
Bichena,Bichena,10.45,38.2,Ethiopia,ET,ETH,Āmara,,19916.0,1231640166
El Viso del Alcor,El Viso del Alcor,37.3833,-5.7167,Spain,ES,ESP,Andalusia,,19251.0,1724881330
Chipiona,Chipiona,36.7333,-6.4333,Spain,ES,ESP,Andalusia,,19592.0,1724000060
Huércal-Overa,Huercal-Overa,37.3833,-1.9333,Spain,ES,ESP,Andalusia,,20093.0,1724061354
San Martín de la Vega,San Martin de la Vega,40.2094,-3.5722,Spain,ES,ESP,Madrid,,19927.0,1724328645
Moaña,Moana,42.2833,-8.75,Spain,ES,ESP,Galicia,,19496.0,1724505635
Callosa de Segura,Callosa de Segura,38.1225,-0.8797,Spain,ES,ESP,Valencia,,19315.0,1724000256
Silla,Silla,39.3618,-0.4103,Spain,ES,ESP,Valencia,,19298.0,1724349109
Nejo,Nejo,9.5,35.5,Ethiopia,ET,ETH,Oromīya,,19887.0,1231617295
Benicasim,Benicasim,40.0553,0.0642,Spain,ES,ESP,Valencia,,19507.0,1724830248
Calatayud,Calatayud,41.35,-1.6333,Spain,ES,ESP,Aragon,,19870.0,1724454911
Gebre Guracha,Gebre Guracha,9.8,38.4,Ethiopia,ET,ETH,Oromīya,,19830.0,1231514161
Utebo,Utebo,41.7141,-0.9944,Spain,ES,ESP,Aragon,,18881.0,1724976095
Amorebieta,Amorebieta,43.2192,-2.7342,Spain,ES,ESP,Basque Country,,19587.0,1724617538
Atarfe,Atarfe,37.2229,-3.6899,Spain,ES,ESP,Andalusia,,19452.0,1724936353
Āsasa,Asasa,7.1,39.1944,Ethiopia,ET,ETH,Oromīya,,19506.0,1231640244
El Arahal,El Arahal,37.2667,-5.55,Spain,ES,ESP,Andalusia,,19497.0,1724678120
Aysha,Aysha,10.75,42.5667,Ethiopia,ET,ETH,Sumalē,,19570.0,1231232970
La Nucía,La Nucia,38.6172,-0.1231,Spain,ES,ESP,Valencia,,18624.0,1724405068
Palamós,Palamos,41.8458,3.1289,Spain,ES,ESP,Catalonia,,18196.0,1724685553
Albolote,Albolote,37.2306,-3.6569,Spain,ES,ESP,Andalusia,,19199.0,1724140876
Marchena,Marchena,37.3333,-5.4167,Spain,ES,ESP,Andalusia,,19317.0,1724561354
Ābomsa,Abomsa,8.5833,39.85,Ethiopia,ET,ETH,Oromīya,,19208.0,1231331780
Huércal de Almería,Huercal de Almeria,36.8833,-2.4333,Spain,ES,ESP,Andalusia,,18384.0,1724495259
Torredembarra,Torredembarra,41.1457,1.3957,Spain,ES,ESP,Catalonia,,17256.0,1724533049
La Eliana,La Eliana,39.5661,-0.5281,Spain,ES,ESP,Valencia,,18544.0,1724040123
Boiro,Boiro,42.65,-8.9,Spain,ES,ESP,Galicia,,18976.0,1724627314
Valle,Valle,-2.95,-78.9833,Ecuador,EC,ECU,Azuay,,18692.0,1218202285
Guernica y Luno,Guernica y Luno,43.3167,-2.6667,Spain,ES,ESP,Basque Country,,17093.0,1724279131
Villaquilambre,Villaquilambre,42.6167,-5.6,Spain,ES,ESP,Castille-Leon,,18597.0,1724727940
Baena,Baena,37.6167,-4.3167,Spain,ES,ESP,Andalusia,,18885.0,1724279990
Nefas Mewch’a,Nefas Mewch'a,11.7333,38.4667,Ethiopia,ET,ETH,Āmara,,18691.0,1231652571
San Lorenzo de El Escorial,San Lorenzo de El Escorial,40.5936,-4.1428,Spain,ES,ESP,Madrid,,18454.0,1724204190
Lora del Río,Lora del Rio,37.65,-5.5167,Spain,ES,ESP,Andalusia,,18578.0,1724052917
Tarifa,Tarifa,36.014,-5.606,Spain,ES,ESP,Andalusia,,18564.0,1724329319
Nigrán,Nigran,42.1419,-8.8056,Spain,ES,ESP,Galicia,,18054.0,1724832311
San Celoni,San Celoni,41.6895,2.4897,Spain,ES,ESP,Catalonia,,18285.0,1724968176
Guadix,Guadix,37.3,-3.1333,Spain,ES,ESP,Andalusia,,18493.0,1724022918
Vera,Vera,37.25,-1.8667,Spain,ES,ESP,Andalusia,,18224.0,1724244978
Los Alcázares,Los Alcazares,37.7436,-0.8497,Spain,ES,ESP,Murcia,,17603.0,1724437898
Felanitx,Felanitx,39.4692,3.1481,Spain,ES,ESP,Balearic Islands,,18357.0,1724767579
Montornés del Vallés,Montornes del Valles,41.5444,2.267,Spain,ES,ESP,Catalonia,,16804.0,1724726528
Caldas de Montbuy,Caldas de Montbuy,41.6328,2.1675,Spain,ES,ESP,Catalonia,,17932.0,1724624522
Monforte de Lemos,Monforte de Lemos,42.5164,-7.5161,Spain,ES,ESP,Galicia,,18242.0,1724233223
San Antonio de Ibarra,San Antonio de Ibarra,0.3627,-78.1307,Ecuador,EC,ECU,Imbabura,,17500.0,1218584009
Tordera,Tordera,41.7008,2.72,Spain,ES,ESP,Catalonia,,18022.0,1724310728
Sangenjo,Sangenjo,42.4017,-8.8067,Spain,ES,ESP,Galicia,,17760.0,1724000040
Villanueva del Pardillo,Villanueva del Pardillo,40.4833,-3.9667,Spain,ES,ESP,Madrid,,17382.0,1724000236
Fuente-Álamo de Murcia,Fuente-Alamo de Murcia,37.7394,-1.1881,Spain,ES,ESP,Murcia,,17589.0,1724036059
Munguía,Munguia,43.3547,-2.8472,Spain,ES,ESP,Basque Country,,17701.0,1724541767
Tárrega,Tarrega,41.6464,1.1394,Spain,ES,ESP,Catalonia,,17810.0,1724893355
Yaguachi Nuevo,Yaguachi Nuevo,-2.12,-79.69,Ecuador,EC,ECU,Guayas,,17806.0,1218680506
Benavente,Benavente,42.0031,-5.6742,Spain,ES,ESP,Castille-Leon,,17523.0,1724254951
Manzanares,Manzanares,38.9964,-3.3731,Spain,ES,ESP,Castille-La Mancha,,17845.0,1724101525
Daimiel,Daimiel,39.0833,-3.6167,Spain,ES,ESP,Castille-La Mancha,,17771.0,1724840629
Poyo,Poyo,42.4333,-8.6667,Spain,ES,ESP,Galicia,,17276.0,1724049171
Balaguer,Balaguer,41.7904,0.8056,Spain,ES,ESP,Catalonia,,17460.0,1724316561
Monzón,Monzon,41.91,0.19,Spain,ES,ESP,Aragon,,17650.0,1724852393
Calceta,Calceta,-0.84,-80.17,Ecuador,EC,ECU,Manabí,,17682.0,1218330963
La Garriga,La Garriga,41.6804,2.2833,Spain,ES,ESP,Catalonia,,16788.0,1724918427
Baquerizo Moreno,Baquerizo Moreno,-1.9167,-79.5167,Ecuador,EC,ECU,Guayas,,17512.0,1218304584
Manilva,Manilva,36.3833,-5.25,Spain,ES,ESP,Andalusia,,17157.0,1724772448
Bailén,Bailen,38.0833,-3.7667,Spain,ES,ESP,Andalusia,,17498.0,1724854020
Cubellas,Cubellas,41.21,1.6736,Spain,ES,ESP,Catalonia,,16386.0,1724725097
Tabernes de Valldigna,Tabernes de Valldigna,39.0722,-0.2658,Spain,ES,ESP,Valencia,,17222.0,1724331053
Rojales,Rojales,38.0886,-0.7236,Spain,ES,ESP,Valencia,,16943.0,1724468567
Lalībela,Lalibela,12.0317,39.0411,Ethiopia,ET,ETH,Āmara,,17367.0,1231020267
Berga,Berga,42.1,1.8456,Spain,ES,ESP,Catalonia,,16762.0,1724869982
Cheraro,Cheraro,14.3958,37.7731,Ethiopia,ET,ETH,Tigray,,17045.0,1231449470
Osuna,Osuna,37.2333,-5.1,Spain,ES,ESP,Andalusia,,17442.0,1724498340
Camilo Ponce Enríquez,Camilo Ponce Enriquez,-3.05,-79.7333,Ecuador,EC,ECU,Azuay,,17404.0,1218840796
La Algaba,La Algaba,37.45,-6.0,Spain,ES,ESP,Andalusia,,16491.0,1724135955
Barbastro,Barbastro,42.0361,0.1264,Spain,ES,ESP,Aragon,,17214.0,1724545797
Bermeo,Bermeo,43.42,-2.7264,Spain,ES,ESP,Basque Country,,16784.0,1724977150
Mula,Mula,38.0419,-1.4906,Spain,ES,ESP,Murcia,,17231.0,1724000713
Pollensa,Pollensa,39.8772,3.0164,Spain,ES,ESP,Balearic Islands,,17126.0,1724052318
Hīrna,Hirna,9.2167,41.1,Ethiopia,ET,ETH,Oromīya,,16726.0,1231773847
Sada,Sada,43.35,-8.25,Spain,ES,ESP,Galicia,,16627.0,1724976865
Guadarrama,Guadarrama,40.6728,-4.0889,Spain,ES,ESP,Madrid,,16921.0,1724067759
Huruta,Huruta,8.15,39.35,Ethiopia,ET,ETH,Oromīya,,16922.0,1231839518
Pozoblanco,Pozoblanco,38.3833,-4.85,Spain,ES,ESP,Andalusia,,17156.0,1724804150
Ejea de los Caballeros,Ejea de los Caballeros,42.1292,-1.1372,Spain,ES,ESP,Aragon,,17124.0,1724015222
Piñas,Pinas,-3.6806,-79.6806,Ecuador,EC,ECU,El Oro,,16981.0,1218213967
Navalmoral de la Mata,Navalmoral de la Mata,39.8983,-5.5403,Spain,ES,ESP,Extremadura,,17010.0,1724575983
Espartinas,Espartinas,37.3833,-6.1167,Spain,ES,ESP,Andalusia,,16401.0,1724191526
Piera,Piera,41.5222,1.7494,Spain,ES,ESP,Catalonia,,16787.0,1724184364
Zafra,Zafra,38.4167,-6.4167,Spain,ES,ESP,Extremadura,,16786.0,1724035487
Valencia,Valencia,-0.9525,-79.3531,Ecuador,EC,ECU,Los Ríos,,16983.0,1218923469
Bek’ojī,Bek'oji,7.5833,39.3333,Ethiopia,ET,ETH,Oromīya,,16730.0,1231921614
Dēra,Dera,8.3333,39.3167,Ethiopia,ET,ETH,Oromīya,,16731.0,1231378383
El Escorial,El Escorial,40.5817,-4.1258,Spain,ES,ESP,Madrid,,16618.0,1724408477
Ubrique,Ubrique,36.6833,-5.45,Spain,ES,ESP,Andalusia,,16482.0,1724430804
Lumbreras,Lumbreras,37.5633,-1.8072,Spain,ES,ESP,Murcia,,16564.0,1724380246
Valdez,Valdez,1.25,-79.0,Ecuador,EC,ECU,Esmeraldas,,16513.0,1218064465
Punta Umbría,Punta Umbria,37.1667,-6.95,Spain,ES,ESP,Andalusia,,16167.0,1724226508
Guardamar del Segura,Guardamar del Segura,38.0897,-0.655,Spain,ES,ESP,Valencia,,16138.0,1724960242
Santomera,Santomera,38.0617,-1.0492,Spain,ES,ESP,Murcia,,16154.0,1724892618
Las Cabezas de San Juan,Las Cabezas de San Juan,36.9817,-5.9406,Spain,ES,ESP,Andalusia,,16386.0,1724899014
Al Ḩībah,Al Hibah,28.7736,30.9228,Egypt,EG,EGY,Al Baḩr al Aḩmar,,16209.0,1818176638
Sopelana,Sopelana,43.3814,-2.9792,Spain,ES,ESP,Basque Country,,14635.0,1724497959
Chiva,Chiva,39.4714,-0.7197,Spain,ES,ESP,Valencia,,16285.0,1724224613
Villalbilla,Villalbilla,40.4339,-3.2989,Spain,ES,ESP,Madrid,,15866.0,1724385460
Vallirana,Vallirana,41.3878,1.9321,Spain,ES,ESP,Catalonia,,15658.0,1724988283
Carlet,Carlet,39.2264,-0.5211,Spain,ES,ESP,Valencia,,15945.0,1724149530
San Gabriel,San Gabriel,0.5983,-77.8353,Ecuador,EC,ECU,Carchi,,16066.0,1218199820
Ābīy Ādī,Abiy Adi,13.6231,39.0017,Ethiopia,ET,ETH,Tigray,,16115.0,1231200318
Alpedrete,Alpedrete,40.6583,-4.0322,Spain,ES,ESP,Madrid,,15006.0,1724547365
Cunit,Cunit,41.1976,1.6345,Spain,ES,ESP,Catalonia,,14622.0,1724738474
Santa Marta de Tormes,Santa Marta de Tormes,40.9494,-5.6325,Spain,ES,ESP,Castille-Leon,,14661.0,1724596061
Alcañiz,Alcaniz,41.0511,-0.1336,Spain,ES,ESP,Aragon,,16054.0,1724184358
Corbera de Llobregat,Corbera de Llobregat,41.4169,1.9314,Spain,ES,ESP,Catalonia,,15210.0,1724982789
Tarancón,Tarancon,40.0167,-3.0,Spain,ES,ESP,Castille-La Mancha,,15799.0,1724475180
Maardu,Maardu,59.4781,25.0161,Estonia,EE,EST,Maardu,minor,15284.0,1233565021
Sakhā,Sakha,31.0881,30.9456,Egypt,EG,EGY,Kafr ash Shaykh,,14733.0,1818238723
Miguelturra,Miguelturra,38.9667,-3.95,Spain,ES,ESP,Castille-La Mancha,,15744.0,1724947836
Baeza,Baeza,37.9833,-3.4667,Spain,ES,ESP,Andalusia,,15773.0,1724128455
Torelló,Torello,42.0492,2.2629,Spain,ES,ESP,Catalonia,,14726.0,1724191754
Santa Cruz de la Palma,Santa Cruz de la Palma,28.6825,-17.765,Spain,ES,ESP,Canary Islands,,15446.0,1724730721
Santa Úrsula,Santa Ursula,28.4253,-16.4917,Spain,ES,ESP,Canary Islands,,15114.0,1724982663
Funyan Bīra,Funyan Bira,9.35,42.4,Ethiopia,ET,ETH,Oromīya,,15478.0,1231640828
Cuarte de Huerva,Cuarte de Huerva,41.5833,-0.9167,Spain,ES,ESP,Aragon,,14169.0,1724381446
Dejen,Dejen,10.1667,38.1333,Ethiopia,ET,ETH,Āmara,,15483.0,1231136097
Tuineje,Tuineje,28.3167,-14.05,Spain,ES,ESP,Canary Islands,,15572.0,1724388694
Montijo,Montijo,38.91,-6.6175,Spain,ES,ESP,Extremadura,,15483.0,1724772763
Meco,Meco,40.5539,-3.3261,Spain,ES,ESP,Madrid,,15143.0,1724484406
La Roda,La Roda,39.207,-2.1604,Spain,ES,ESP,Castille-La Mancha,,15497.0,1724000113
La Solana,La Solana,38.9414,-3.2394,Spain,ES,ESP,Castille-La Mancha,,15357.0,1724007812
Vieiro,Vieiro,43.6481,-7.59,Spain,ES,ESP,Galicia,,15312.0,1724508956
Azpeitia,Azpeitia,43.1819,-2.2653,Spain,ES,ESP,Basque Country,,15191.0,1724450790
Fraga,Fraga,41.52,0.35,Spain,ES,ESP,Aragon,,15294.0,1724042587
Qantīr,Qantir,30.8,31.8333,Egypt,EG,EGY,Ash Sharqīyah,,13660.0,1818827672
Arnedo,Arnedo,42.2167,-2.1,Spain,ES,ESP,La Rioja,,15017.0,1724772767
Dembecha,Dembecha,10.55,37.4833,Ethiopia,ET,ETH,Āmara,,15008.0,1231138306
Gondomar,Gondomar,42.1111,-8.7611,Spain,ES,ESP,Galicia,,14970.0,1724301277
Andoain,Andoain,43.2167,-2.0167,Spain,ES,ESP,Basque Country,,14631.0,1724830496
La Carolina,La Carolina,38.2667,-3.6167,Spain,ES,ESP,Andalusia,,15048.0,1724252481
Villaviciosa,Villaviciosa,43.4833,-5.4333,Spain,ES,ESP,Asturias,,14984.0,1724121275
Sidmant al Jabal,Sidmant al Jabal,29.0856,30.9344,Egypt,EG,EGY,Al Fayyūm,,13119.0,1818324066
Cehegín,Cehegin,38.0925,-1.7989,Spain,ES,ESP,Murcia,,14798.0,1724606574
Cuevas del Almanzora,Cuevas del Almanzora,37.3,-1.8667,Spain,ES,ESP,Andalusia,,14790.0,1724152622
Alginet,Alginet,39.2625,-0.4683,Spain,ES,ESP,Valencia,,14219.0,1724793089
Bollullos par del Condado,Bollullos par del Condado,37.3358,-6.5364,Spain,ES,ESP,Andalusia,,14392.0,1724227724
Godella,Godella,39.52,-0.4114,Spain,ES,ESP,Valencia,,13050.0,1724346773
Noya,Noya,42.7833,-8.8833,Spain,ES,ESP,Galicia,,14240.0,1724537566
Alausí,Alausi,-2.19,-78.85,Ecuador,EC,ECU,Chimborazo,,14294.0,1218578121
La Carlota,La Carlota,37.6667,-4.9333,Spain,ES,ESP,Andalusia,,14324.0,1724972174
Torrijos,Torrijos,39.9833,-4.2814,Spain,ES,ESP,Castille-La Mancha,,13678.0,1724246544
Beasain,Beasain,43.0458,-2.1894,Spain,ES,ESP,Basque Country,,13949.0,1724630898
Sīdī Barānī,Sidi Barani,31.6108,25.9256,Egypt,EG,EGY,Maţrūḩ,,14393.0,1818288433
Gesuba,Gesuba,6.7242,37.5567,Ethiopia,ET,ETH,YeDebub Bihēroch Bihēreseboch na Hizboch,,13927.0,1231778594
Dayr al Barshā,Dayr al Barsha,27.75,30.9,Egypt,EG,EGY,Al Minyā,,14297.0,1818073234
Kelafo,Kelafo,5.5889,44.2056,Ethiopia,ET,ETH,Sumalē,,14242.0,1231044866
Pilas,Pilas,37.3017,-6.2986,Spain,ES,ESP,Andalusia,,13964.0,1724984763
Santa Cruz de Bezana,Santa Cruz de Bezana,43.4442,-3.9031,Spain,ES,ESP,Cantabria,,13482.0,1724616596
Cambados,Cambados,42.5,-8.8,Spain,ES,ESP,Galicia,,13673.0,1724551317
Aḑ Ḑab‘ah,Ad Dab`ah,31.0338,28.4333,Egypt,EG,EGY,Maţrūḩ,,14212.0,1818525598
Sanlúcar la Mayor,Sanlucar la Mayor,37.3831,-6.2,Spain,ES,ESP,Andalusia,,14120.0,1724032342
Debre Werk’,Debre Werk',10.6667,38.1667,Ethiopia,ET,ETH,Āmara,,13908.0,1231572143
Torre del Campo,Torre del Campo,37.7667,-3.8833,Spain,ES,ESP,Andalusia,,14059.0,1724707407
Ricaurte,Ricaurte,-2.8667,-78.9333,Ecuador,EC,ECU,Azuay,,14006.0,1218488658
Lomas de Sargentillo,Lomas de Sargentillo,-1.8833,-80.0833,Ecuador,EC,ECU,Guayas,,13775.0,1218238536
Bēylul,Beylul,13.2644,42.3342,Eritrea,ER,ERI,Debubawi K’eyyĭḥ Baḥri,,14055.0,1232983964
Villalba,Villalba,43.3,-7.6833,Spain,ES,ESP,Galicia,,14006.0,1724414757
Vilanova del Camí,Vilanova del Cami,41.5733,1.6381,Spain,ES,ESP,Catalonia,,12736.0,1724654906
San Agustín de Guadalix,San Agustin de Guadalix,40.6781,-3.615,Spain,ES,ESP,Madrid,,13608.0,1724232823
Moralzarzal,Moralzarzal,40.675,-3.9694,Spain,ES,ESP,Madrid,,13905.0,1724782308
Llanera,Llanera,43.4667,-5.9333,Spain,ES,ESP,Asturias,,13792.0,1724716854
Tomiño,Tomino,41.9833,-8.7167,Spain,ES,ESP,Galicia,,13779.0,1724945871
Canals,Canals,38.9611,-0.585,Spain,ES,ESP,Valencia,,13257.0,1724671799
Sóller,Soller,39.7667,2.7,Spain,ES,ESP,Balearic Islands,,13491.0,1724439575
Verín,Verin,41.9408,-7.4358,Spain,ES,ESP,Galicia,,13644.0,1724261912
‘Alem T’ēna,`Alem T'ena,8.3,38.95,Ethiopia,ET,ETH,Oromīya,,13529.0,1231008148
Santa Coloma de Farnés,Santa Coloma de Farnes,41.8624,2.6654,Spain,ES,ESP,Catalonia,,13557.0,1724089787
Nules,Nules,39.8525,-0.1506,Spain,ES,ESP,Valencia,,13449.0,1724279489
Llanes,Llanes,43.4214,-4.7564,Spain,ES,ESP,Asturias,,13611.0,1724106388
Velilla de San Antonio,Velilla de San Antonio,40.3667,-3.4833,Spain,ES,ESP,Madrid,,12770.0,1724060021
Torredonjimeno,Torredonjimeno,37.7667,-3.95,Spain,ES,ESP,Andalusia,,13545.0,1724172384
Betanzos,Betanzos,43.2792,-8.2106,Spain,ES,ESP,Galicia,,13066.0,1724011741
Ceuti,Ceuti,38.0789,-1.2722,Spain,ES,ESP,Murcia,,12391.0,1724039482
Valdemorillo,Valdemorillo,40.5017,-4.0667,Spain,ES,ESP,Madrid,,13453.0,1724632141
Sant Sadurní d’Anoia,Sant Sadurni d'Anoia,41.4261,1.785,Spain,ES,ESP,Catalonia,,12863.0,1724266131
Patate,Patate,-1.3167,-78.5167,Ecuador,EC,ECU,Tungurahua,,13497.0,1218528663
Kofelē,Kofele,7.0,38.75,Ethiopia,ET,ETH,Oromīya,,13127.0,1231392237
Aguilar,Aguilar,37.5167,-4.65,Spain,ES,ESP,Andalusia,,13398.0,1724391215
Jaca,Jaca,42.55,-0.55,Spain,ES,ESP,Aragon,,13437.0,1724277088
Muisne,Muisne,0.6108,-80.0186,Ecuador,EC,ECU,Esmeraldas,,13393.0,1218271569
Cariamanga,Cariamanga,-4.32,-79.56,Ecuador,EC,ECU,Loja,,13311.0,1218774934
Guillena,Guillena,37.5333,-6.05,Spain,ES,ESP,Andalusia,,13279.0,1724767687
Abrera,Abrera,41.5165,1.9024,Spain,ES,ESP,Catalonia,,12697.0,1724786014
Picaña,Picana,39.4361,-0.435,Spain,ES,ESP,Valencia,,11692.0,1724147430
Fene,Fene,43.4667,-8.1667,Spain,ES,ESP,Galicia,,12832.0,1724145974
Ocaña,Ocana,39.9569,-3.4967,Spain,ES,ESP,Castille-La Mancha,,13185.0,1724751955
Campo de Criptana,Campo de Criptana,39.4,-3.1167,Spain,ES,ESP,Castille-La Mancha,,13229.0,1724221240
Sarria,Sarria,42.7833,-7.4167,Spain,ES,ESP,Galicia,,13257.0,1724423830
Sillamäe,Sillamae,59.3931,27.7742,Estonia,EE,EST,Sillamäe,minor,12230.0,1233128320
Argentona,Argentona,41.5558,2.4025,Spain,ES,ESP,Catalonia,,12745.0,1724175024
Brenes,Brenes,37.55,-5.8667,Spain,ES,ESP,Andalusia,,12652.0,1724993123
Baños,Banos,-1.3964,-78.4247,Ecuador,EC,ECU,Tungurahua,,12995.0,1218100027
Abarán,Abaran,38.2031,-1.4003,Spain,ES,ESP,Murcia,,13066.0,1724553721
Teror,Teror,28.059,-15.5476,Spain,ES,ESP,Canary Islands,,12667.0,1724300080
Sinincay,Sinincay,-2.8333,-79.0,Ecuador,EC,ECU,Azuay,,12650.0,1218165430
Adi Keyh,Adi Keyh,14.8333,39.3667,Eritrea,ER,ERI,Ma’ĭkel,,13061.0,1232384326
Alovera,Alovera,40.5967,-3.2481,Spain,ES,ESP,Castille-La Mancha,,13142.0,1724090496
Shīnīlē,Shinile,9.6667,41.8333,Ethiopia,ET,ETH,Sumalē,,13132.0,1231940232
Castellbisbal,Castellbisbal,41.4767,1.9822,Spain,ES,ESP,Catalonia,,12735.0,1724327677
Macará,Macara,-4.3833,-79.95,Ecuador,EC,ECU,Loja,,13035.0,1218426387
Albatera,Albatera,38.1786,-0.8681,Spain,ES,ESP,Valencia,,12864.0,1724280918
Pallejá,Palleja,41.4242,1.9978,Spain,ES,ESP,Catalonia,,11636.0,1724638711
Antigua,Antigua,28.416,-14.0118,Spain,ES,ESP,Canary Islands,,12940.0,1724978313
Gibraleón,Gibraleon,37.3753,-6.9694,Spain,ES,ESP,Andalusia,,12930.0,1724585426
Santa Margarita,Santa Margarita,39.7033,3.1036,Spain,ES,ESP,Balearic Islands,,12776.0,1724447564
Peligros,Peligros,37.2333,-3.6333,Spain,ES,ESP,Andalusia,,11624.0,1724473390
Arrigorriaga,Arrigorriaga,43.2078,-2.8861,Spain,ES,ESP,Basque Country,,12140.0,1724012334
Berja,Berja,36.8453,-2.9469,Spain,ES,ESP,Andalusia,,12807.0,1724229322
Pola de Laviana,Pola de Laviana,43.2358,-5.5563,Spain,ES,ESP,Asturias,,12754.0,1724362497
Salobreña,Salobrena,36.7467,-3.5869,Spain,ES,ESP,Andalusia,,12477.0,1724046465
Burj al ‘Arab,Burj al `Arab,30.8489,29.6117,Egypt,EG,EGY,Al Iskandarīyah,,12625.0,1818114873
Valverde del Camino,Valverde del Camino,37.5667,-6.75,Spain,ES,ESP,Andalusia,,12721.0,1724355645
Palos de la Frontera,Palos de la Frontera,37.2283,-6.8944,Spain,ES,ESP,Andalusia,,12483.0,1724003384
Beniel,Beniel,38.0464,-1.0014,Spain,ES,ESP,Murcia,,11578.0,1724289918
Dabat,Dabat,12.9842,37.765,Ethiopia,ET,ETH,Āmara,,12574.0,1231841967
Vejer de la Frontera,Vejer de la Frontera,36.25,-5.9667,Spain,ES,ESP,Andalusia,,12656.0,1724776060
Bayona,Bayona,42.1178,-8.8506,Spain,ES,ESP,Galicia,,12349.0,1724188693
San Miguel de Salcedo,San Miguel de Salcedo,-1.05,-78.5833,Ecuador,EC,ECU,Cotopaxi,,12488.0,1218435695
Villafranca de los Barros,Villafranca de los Barros,38.5667,-6.3333,Spain,ES,ESP,Extremadura,,12534.0,1724272394
San Andrés de Llevaneras,San Andres de Llevaneras,41.5733,2.4828,Spain,ES,ESP,Catalonia,,11593.0,1724176719
Benifayó,Benifayo,39.2847,-0.4281,Spain,ES,ESP,Valencia,,11967.0,1724017102
Béjar,Bejar,40.3833,-5.7667,Spain,ES,ESP,Castille-Leon,,12269.0,1724324799
Sawādah,Sawadah,28.0775,30.7953,Egypt,EG,EGY,Al Minyā,,10571.0,1818472639
Estepa,Estepa,37.2917,-4.8792,Spain,ES,ESP,Andalusia,,12459.0,1724708314
Monóvar,Monovar,38.4369,-0.8381,Spain,ES,ESP,Valencia,,12387.0,1724870019
Acalá del Río,Acala del Rio,37.5167,-5.9667,Spain,ES,ESP,Andalusia,,12315.0,1724367182
Santañy,Santany,39.3542,3.1283,Spain,ES,ESP,Balearic Islands,,12342.0,1724113241
Catarama,Catarama,-1.57,-79.47,Ecuador,EC,ECU,Los Ríos,,12320.0,1218740078
Bueu,Bueu,42.3167,-8.7833,Spain,ES,ESP,Galicia,,11987.0,1724614511
Teulada,Teulada,38.7292,0.1019,Spain,ES,ESP,Valencia,,11944.0,1724756789
Baños,Banos,-2.9,-79.0667,Ecuador,EC,ECU,Azuay,,12271.0,1218450248
Capdepera,Capdepera,39.7,3.4333,Spain,ES,ESP,Balearic Islands,,12081.0,1724014685
Torroella de Montgrí,Torroella de Montgri,42.0439,3.1286,Spain,ES,ESP,Catalonia,,12061.0,1724010202
Villamartín,Villamartin,36.8667,-5.65,Spain,ES,ESP,Andalusia,,12125.0,1724057832
Fuensalida,Fuensalida,40.05,-4.2,Spain,ES,ESP,Castille-La Mancha,,12004.0,1724253725
Albox,Albox,37.3833,-2.1333,Spain,ES,ESP,Andalusia,,12087.0,1724868693
Socuéllamos,Socuellamos,39.2933,-2.7942,Spain,ES,ESP,Castille-La Mancha,,12098.0,1724254841
Bolaños de Calatrava,Bolanos de Calatrava,38.8831,-3.7167,Spain,ES,ESP,Castille-La Mancha,,11992.0,1724659404
Ciudad-Rodrigo,Ciudad-Rodrigo,40.5969,-6.5392,Spain,ES,ESP,Castille-Leon,,12065.0,1724479453
Son Servera,Son Servera,39.6208,3.36,Spain,ES,ESP,Balearic Islands,,11835.0,1724006232
Benisa,Benisa,38.7145,0.0527,Spain,ES,ESP,Valencia,,11871.0,1724749904
Beniaján,Beniajan,37.9833,-1.0667,Spain,ES,ESP,Murcia,,11233.0,1724448777
Benaguacil,Benaguacil,39.5933,-0.5864,Spain,ES,ESP,Valencia,,11568.0,1724868425
Cangas de Narcea,Cangas de Narcea,43.1714,-6.5389,Spain,ES,ESP,Asturias,,11966.0,1724285161
Zumbagua,Zumbagua,-0.9558,-78.9017,Ecuador,EC,ECU,Cotopaxi,,11895.0,1218423664
Santoña,Santona,43.4414,-3.4575,Spain,ES,ESP,Cantabria,,11011.0,1724291294
La Puebla del Río,La Puebla del Rio,37.2667,-6.05,Spain,ES,ESP,Andalusia,,11873.0,1724618051
Olivenza,Olivenza,38.6858,-7.1008,Spain,ES,ESP,Extremadura,,11871.0,1724189870
Castelló de Ampurias,Castello de Ampurias,42.2582,3.0747,Spain,ES,ESP,Catalonia,,11611.0,1724127097
Andraitx,Andraitx,39.5746,2.4206,Spain,ES,ESP,Balearic Islands,,11735.0,1724876017
Azcoitia,Azcoitia,43.1792,-2.3106,Spain,ES,ESP,Basque Country,,11657.0,1724640950
Medina Sidonia,Medina Sidonia,36.4667,-5.9167,Spain,ES,ESP,Andalusia,,11813.0,1724265557
Dolo Bay,Dolo Bay,4.1833,42.0833,Ethiopia,ET,ETH,Sumalē,,11810.0,1231539120
Tegueste,Tegueste,28.5233,-16.3408,Spain,ES,ESP,Canary Islands,,11359.0,1724441974
Elgóibar,Elgoibar,43.2142,-2.4169,Spain,ES,ESP,Basque Country,,11480.0,1724034254
Bullas,Bullas,38.0497,-1.6706,Spain,ES,ESP,Murcia,,11627.0,1724151285
Masanasa,Masanasa,39.4083,-0.3989,Spain,ES,ESP,Valencia,,9929.0,1724442846
Campos del Puerto,Campos del Puerto,39.4306,3.0194,Spain,ES,ESP,Balearic Islands,,11618.0,1724079497
Laredo,Laredo,43.4144,-3.41,Spain,ES,ESP,Cantabria,,10996.0,1724449153
Cocentaina,Cocentaina,38.745,-0.4406,Spain,ES,ESP,Valencia,,11451.0,1724102234
Jódar,Jodar,37.8333,-3.35,Spain,ES,ESP,Andalusia,,11583.0,1724042149
Lardero,Lardero,42.4261,-2.4614,Spain,ES,ESP,La Rioja,,11094.0,1724575965
Oñate,Onate,43.0333,-2.4167,Spain,ES,ESP,Basque Country,,11515.0,1724579376
Gelves,Gelves,37.3333,-6.0167,Spain,ES,ESP,Andalusia,,10317.0,1724803534
Ghinda’e,Ghinda'e,15.45,39.0833,Eritrea,ER,ERI,Semienawi K’eyyĭḥ Baḥri,,11560.0,1232629758
Sant Joan de Vilatorrada,Sant Joan de Vilatorrada,41.7456,1.8056,Spain,ES,ESP,Catalonia,,10871.0,1724978448
Utiel,Utiel,39.5672,-1.2067,Spain,ES,ESP,Valencia,,11482.0,1724584294
Yuncos,Yuncos,40.0833,-3.8667,Spain,ES,ESP,Castille-La Mancha,,10813.0,1724313165
Abjīj,Abjij,29.2861,30.8152,Egypt,EG,EGY,Al Fayyūm,,10057.0,1818397315
Mancha Real,Mancha Real,37.7864,-3.6125,Spain,ES,ESP,Andalusia,,11350.0,1724902974
Barbadanes,Barbadanes,42.3003,-7.9064,Spain,ES,ESP,Galicia,,11061.0,1724717349
Santiago del Teide,Santiago del Teide,28.2957,-16.8145,Spain,ES,ESP,Canary Islands,,11162.0,1724546976
Bollullos de la Mitación,Bollullos de la Mitacion,37.3333,-6.1333,Spain,ES,ESP,Andalusia,,11136.0,1724782674
Cabanillas del Campo,Cabanillas del Campo,40.6383,-3.2353,Spain,ES,ESP,Castille-La Mancha,,10968.0,1724393524
Garrucha,Garrucha,37.1842,-1.8214,Spain,ES,ESP,Andalusia,,10027.0,1724316794
Sonseca,Sonseca,39.7,-3.95,Spain,ES,ESP,Castille-La Mancha,,11084.0,1724606218
Santa Cruz,Santa Cruz,-0.5333,-90.35,Ecuador,EC,ECU,Galápagos,,11262.0,1218773967
Edd,Edd,13.9333,41.7,Eritrea,ER,ERI,Debubawi K’eyyĭḥ Baḥri,,11259.0,1232211688
Quintanar de la Orden,Quintanar de la Orden,39.5906,-3.0428,Spain,ES,ESP,Castille-La Mancha,,11129.0,1724764204
Fīnch’a’ā,Finch'a'a,9.9,37.45,Ethiopia,ET,ETH,Oromīya,,11134.0,1231348007
Castalla,Castalla,38.5967,-0.6708,Spain,ES,ESP,Valencia,,11097.0,1724005276
Rianxo,Rianxo,42.65,-8.8167,Spain,ES,ESP,Galicia,,11004.0,1724885529
La Escala,La Escala,42.1136,3.135,Spain,ES,ESP,Catalonia,,10520.0,1724179196
Alella,Alella,41.4953,2.2958,Spain,ES,ESP,Catalonia,,10079.0,1724686640
Alberique,Alberique,39.1167,-0.5211,Spain,ES,ESP,Valencia,,10710.0,1724900545
Griñón,Grinon,40.2167,-3.85,Spain,ES,ESP,Madrid,,10491.0,1724085854
Āwash,Awash,8.9944,40.1667,Ethiopia,ET,ETH,Āfar,,11053.0,1231768288
Brunete,Brunete,40.4,-3.9936,Spain,ES,ESP,Madrid,,10845.0,1724447167
Zumaia,Zumaia,43.2972,-2.2569,Spain,ES,ESP,Basque Country,,10153.0,1724000458
Dek’emhāre,Dek'emhare,15.0667,39.0333,Eritrea,ER,ERI,Debub,,10959.0,1232763839
Torrejón de la Calzada,Torrejon de la Calzada,40.2,-3.8,Spain,ES,ESP,Madrid,,9947.0,1724980898
Qal‘at an Nakhl,Qal`at an Nakhl,29.9,33.75,Egypt,EG,EGY,Shamāl Sīnā’,,11023.0,1818829303
Los Corrales de Buelna,Los Corrales de Buelna,43.2617,-4.0653,Spain,ES,ESP,Cantabria,,10742.0,1724471933
Keila,Keila,59.3086,24.4225,Estonia,EE,EST,Keila,minor,10078.0,1233230839
La Palma del Condado,La Palma del Condado,37.3842,-6.5517,Spain,ES,ESP,Andalusia,,10787.0,1724270094
La Puebla de Cazalla,La Puebla de Cazalla,37.2222,-5.3125,Spain,ES,ESP,Andalusia,,10903.0,1724676829
Bargas,Bargas,39.94,-4.0194,Spain,ES,ESP,Castille-La Mancha,,10807.0,1724989174
Chencha,Chencha,6.25,37.5667,Ethiopia,ET,ETH,YeDebub Bihēroch Bihēreseboch na Hizboch,,10488.0,1231948389
Cassá de la Selva,Cassa de la Selva,41.8893,2.8742,Spain,ES,ESP,Catalonia,,10680.0,1724100920
Fortuna,Fortuna,38.1789,-1.1233,Spain,ES,ESP,Murcia,,10843.0,1724296769
Daganzo de Arriba,Daganzo de Arriba,40.5433,-3.4572,Spain,ES,ESP,Madrid,,10650.0,1724385787
Ripoll,Ripoll,42.2011,2.1903,Spain,ES,ESP,Catalonia,,10721.0,1724329202
Cantillana,Cantillana,37.6,-5.8167,Spain,ES,ESP,Andalusia,,10755.0,1724661901
Tosagua,Tosagua,-0.78,-80.26,Ecuador,EC,ECU,Manabí,,10751.0,1218293218
Huétor-Tájar,Huetor-Tajar,37.1947,-4.0464,Spain,ES,ESP,Andalusia,,10543.0,1724650449
Astorga,Astorga,42.4589,-6.0633,Spain,ES,ESP,Castille-Leon,,10553.0,1724399849
Rocafuerte,Rocafuerte,-0.92,-80.46,Ecuador,EC,ECU,Manabí,,10574.0,1218553035
Tafalla,Tafalla,42.5132,-1.7047,Spain,ES,ESP,Navarre,,10582.0,1724582472
Peñarroya-Pueblonuevo,Penarroya-Pueblonuevo,38.3,-5.2667,Spain,ES,ESP,Andalusia,,10508.0,1724568918
Santa Margarita de Mombúy,Santa Margarita de Mombuy,41.5756,1.6092,Spain,ES,ESP,Catalonia,,10294.0,1724000140
Pola de Lena,Pola de Lena,43.1583,-5.8292,Spain,ES,ESP,Asturias,,10596.0,1724170982
Canteras,Canteras,37.6122,-1.0438,Spain,ES,ESP,Murcia,,10167.0,1724341004
Tarazona de Aragón,Tarazona de Aragon,41.9044,-1.7225,Spain,ES,ESP,Aragon,,10565.0,1724796233
Pulpí,Pulpi,37.4019,-1.7508,Spain,ES,ESP,Andalusia,,10493.0,1724725882
Villanueva de Arosa,Villanueva de Arosa,42.5628,-8.8278,Spain,ES,ESP,Galicia,,10306.0,1724595746
Alcora,Alcora,40.0667,-0.2,Spain,ES,ESP,Valencia,,10468.0,1724288303
El Álamo,El Alamo,40.2306,-3.9944,Spain,ES,ESP,Madrid,,10123.0,1724385981
La Bañeza,La Baneza,42.2975,-5.9017,Spain,ES,ESP,Castille-Leon,,10068.0,1724574131
Luanco,Luanco,43.61,-5.79,Spain,ES,ESP,Asturias,,10433.0,1724203007
Villacarrillo,Villacarrillo,38.1,-3.0833,Spain,ES,ESP,Andalusia,,10545.0,1724531932
San Vicente de Castellet,San Vicente de Castellet,41.6655,1.8641,Spain,ES,ESP,Catalonia,,9949.0,1724504704
Najrīj,Najrij,30.9667,30.8667,Egypt,EG,EGY,Al Gharbīyah,,8656.0,1818420168
Villamarchante,Villamarchante,39.5678,-0.6225,Spain,ES,ESP,Valencia,,10348.0,1724153603
Alcaudete,Alcaudete,37.5833,-4.1,Spain,ES,ESP,Andalusia,,10434.0,1724011838
Amurrio,Amurrio,43.0528,-3.0014,Spain,ES,ESP,Basque Country,,10307.0,1724144899
Alguazas,Alguazas,38.0514,-1.2414,Spain,ES,ESP,Murcia,,9965.0,1724241306
Cabañaquinta,Cabanaquinta,43.1,-5.5833,Spain,ES,ESP,Asturias,,10346.0,1724996581
Santa María de Palautordera,Santa Maria de Palautordera,41.6953,2.4458,Spain,ES,ESP,Catalonia,,9777.0,1724250145
Binéfar,Binefar,41.85,0.3,Spain,ES,ESP,Aragon,,9927.0,1724991956
Masquefa,Masquefa,41.5036,1.8136,Spain,ES,ESP,Catalonia,,9744.0,1724932244
Madridejos,Madridejos,39.4667,-3.5333,Spain,ES,ESP,Castille-La Mancha,,10230.0,1724797176
Tiana,Tiana,41.4831,2.2697,Spain,ES,ESP,Catalonia,,9110.0,1724733828
Were Īlu,Were Ilu,10.6,39.4333,Ethiopia,ET,ETH,Āmara,,10062.0,1231595190
Palafolls,Palafolls,41.6692,2.7506,Spain,ES,ESP,Catalonia,,9661.0,1724813840
Salvatierra de Miño,Salvatierra de Mino,42.0833,-8.5,Spain,ES,ESP,Galicia,,10079.0,1724003151
Caspe,Caspe,41.2333,-0.0333,Spain,ES,ESP,Aragon,,10220.0,1724962695
Foz,Foz,43.5694,-7.2583,Spain,ES,ESP,Galicia,,10118.0,1724292165
Calasparra,Calasparra,38.2306,-1.7,Spain,ES,ESP,Murcia,,10163.0,1724622163
Caudete,Caudete,38.7044,-0.9881,Spain,ES,ESP,Castille-La Mancha,,10135.0,1724551551
Tocina,Tocina,37.6,-5.7333,Spain,ES,ESP,Andalusia,,9508.0,1724656816
Zumárraga,Zumarraga,43.0831,-2.3167,Spain,ES,ESP,Basque Country,,9668.0,1724224861
Kele,Kele,6.0833,38.0333,Ethiopia,ET,ETH,Oromīya,,10084.0,1231687475
Matadepera,Matadepera,41.6036,2.0244,Spain,ES,ESP,Catalonia,,9752.0,1724902635
Alhendín,Alhendin,37.1167,-3.65,Spain,ES,ESP,Andalusia,,9941.0,1724096901
Mengibar,Mengibar,37.9683,-3.8089,Spain,ES,ESP,Andalusia,,9973.0,1724436567
Umbrete,Umbrete,37.3667,-6.15,Spain,ES,ESP,Andalusia,,9253.0,1724771107
Puigcerdá,Puigcerda,42.4317,1.9283,Spain,ES,ESP,Catalonia,,9518.0,1724441850
Fuente Palmera,Fuente Palmera,37.7,-5.1,Spain,ES,ESP,Andalusia,,9879.0,1724922514
Fernán-Núñez,Fernan-Nunez,37.6667,-4.7167,Spain,ES,ESP,Andalusia,,9667.0,1724966021
Consuegra,Consuegra,39.4619,-3.6064,Spain,ES,ESP,Castille-La Mancha,,9942.0,1724179582
Ribadeo,Ribadeo,43.5336,-7.0403,Spain,ES,ESP,Galicia,,9871.0,1724577881
Pinos Puente,Pinos Puente,37.25,-3.75,Spain,ES,ESP,Andalusia,,9853.0,1724568030
Piedras Blancas,Piedras Blancas,43.56,-5.976,Spain,ES,ESP,Asturias,,9533.0,1724519867
Colindres,Colindres,43.3967,-3.4483,Spain,ES,ESP,Cantabria,,8512.0,1724098136
Caldas de Reyes,Caldas de Reyes,42.6028,-8.6383,Spain,ES,ESP,Galicia,,9788.0,1724509149
Rute,Rute,37.3167,-4.3667,Spain,ES,ESP,Andalusia,,9835.0,1724167634
San Vicente,San Vicente,-1.9,-79.2333,Ecuador,EC,ECU,Bolívar,,9819.0,1218567919
Mora,Mora,39.684,-3.777,Spain,ES,ESP,Castille-La Mancha,,9796.0,1724961041
Alcanar,Alcanar,40.543,0.4808,Spain,ES,ESP,Catalonia,,9612.0,1724553541
Almusafes,Almusafes,39.2903,-0.4147,Spain,ES,ESP,Valencia,,8984.0,1724698693
Pizarra,Pizarra,36.7667,-4.7,Spain,ES,ESP,Andalusia,,9661.0,1724076004
Palomares del Río,Palomares del Rio,37.3167,-6.05,Spain,ES,ESP,Andalusia,,9083.0,1724980685
Alfaro,Alfaro,42.1783,-1.7492,Spain,ES,ESP,La Rioja,,9727.0,1724727631
Colmenarejo,Colmenarejo,40.5608,-4.0169,Spain,ES,ESP,Madrid,,9473.0,1724492902
Alcarraz,Alcarraz,41.5638,0.5241,Spain,ES,ESP,Catalonia,,9678.0,1724729662
Villarrubia de los Ojos,Villarrubia de los Ojos,39.2167,-3.6,Spain,ES,ESP,Castille-La Mancha,,9722.0,1724057885
La Matanza de Acentejo,La Matanza de Acentejo,28.4403,-16.4389,Spain,ES,ESP,Canary Islands,,9114.0,1724158737
San Fausto de Campcentellas,San Fausto de Campcentellas,41.5061,2.24,Spain,ES,ESP,Catalonia,,9064.0,1724140929
Senmanat,Senmanat,41.6086,2.1358,Spain,ES,ESP,Catalonia,,9417.0,1724417480
San Juan del Puerto,San Juan del Puerto,37.3167,-6.8333,Spain,ES,ESP,Andalusia,,9532.0,1724625645
Sevilla La Nueva,Sevilla La Nueva,40.3475,-4.0286,Spain,ES,ESP,Madrid,,9361.0,1724114495
Valsequillo de Gran Canaria,Valsequillo de Gran Canaria,27.9808,-15.4989,Spain,ES,ESP,Canary Islands,,9490.0,1724192728
Arenys de Munt,Arenys de Munt,41.6128,2.5403,Spain,ES,ESP,Catalonia,,9278.0,1724256334
El Espinar,El Espinar,40.7186,-4.2478,Spain,ES,ESP,Castille-Leon,,9662.0,1724085295
Alayor,Alayor,39.9342,4.14,Spain,ES,ESP,Balearic Islands,,9606.0,1724740843
Cervelló,Cervello,41.3962,1.9589,Spain,ES,ESP,Catalonia,,9307.0,1724026410
Solsona,Solsona,41.9944,1.5178,Spain,ES,ESP,Catalonia,,9175.0,1724790953
Grado,Grado,43.3881,-6.0736,Spain,ES,ESP,Asturias,,9644.0,1724381438
La Victoria de Acentejo,La Victoria de Acentejo,28.4348,-16.4682,Spain,ES,ESP,Canary Islands,,9170.0,1724943642
Cuéllar,Cuellar,41.4009,-4.3136,Spain,ES,ESP,Castille-Leon,,9620.0,1724802615
Olivares,Olivares,37.4167,-6.15,Spain,ES,ESP,Andalusia,,9452.0,1724113808
El Molar,El Molar,40.7336,-3.5814,Spain,ES,ESP,Madrid,,9437.0,1724048617
Gorē,Gore,8.149,35.537,Ethiopia,ET,ETH,Oromīya,,9352.0,1231481918
Rafelbuñol,Rafelbunol,39.5922,-0.3342,Spain,ES,ESP,Valencia,,9381.0,1724851676
Buñol,Bunol,39.4194,-0.7906,Spain,ES,ESP,Valencia,,9503.0,1724376022
Miajadas,Miajadas,39.15,-6.0667,Spain,ES,ESP,Extremadura,,9503.0,1724704147
Santiponce,Santiponce,37.4353,-6.0433,Spain,ES,ESP,Andalusia,,8507.0,1724904141
Cervera,Cervera,41.6657,1.271,Spain,ES,ESP,Catalonia,,9393.0,1724947654
Sauzal,Sauzal,28.4799,-16.4357,Spain,ES,ESP,Canary Islands,,9005.0,1724040486
Burela de Cabo,Burela de Cabo,43.65,-7.4,Spain,ES,ESP,Galicia,,9430.0,1724895816
Suances,Suances,43.4333,-4.05,Spain,ES,ESP,Cantabria,,9115.0,1724045126
Villacañas,Villacanas,39.6333,-3.3333,Spain,ES,ESP,Castille-La Mancha,,9434.0,1724000261
La Mujer,La Mujer,36.7523,-2.6838,Spain,ES,ESP,Andalusia,,9086.0,1724347316
San Fructuoso de Bagés,San Fructuoso de Bages,41.7507,1.8727,Spain,ES,ESP,Catalonia,,9025.0,1724643327
Catral,Catral,38.1594,-0.805,Spain,ES,ESP,Valencia,,8976.0,1724794374
San Sebastián de la Gomera,San Sebastian de la Gomera,28.0922,-17.11,Spain,ES,ESP,Canary Islands,,9342.0,1724034121
Cistérniga,Cisterniga,41.6167,-4.6833,Spain,ES,ESP,Castille-Leon,,9129.0,1724893689
Santa Comba,Santa Comba,43.0383,-8.8142,Spain,ES,ESP,Galicia,,9365.0,1724258894
Muro del Alcoy,Muro del Alcoy,38.7797,-0.4361,Spain,ES,ESP,Valencia,,9326.0,1724540936
Santa María de Cayón,Santa Maria de Cayon,43.3114,-3.8525,Spain,ES,ESP,Cantabria,,9205.0,1724357106
Sabiñánigo,Sabinanigo,42.5186,-0.3643,Spain,ES,ESP,Aragon,,9371.0,1724358375
Binisalem,Binisalem,39.6831,2.8333,Spain,ES,ESP,Balearic Islands,,9027.0,1724936924
Manzanares el Real,Manzanares el Real,40.7272,-3.8611,Spain,ES,ESP,Madrid,,9247.0,1724862463
Baláo,Balao,-2.91,-79.81,Ecuador,EC,ECU,Guayas,,9220.0,1218137948
Montoro,Montoro,38.0167,-4.3833,Spain,ES,ESP,Andalusia,,9231.0,1724147056
Ādamī Tulu,Adami Tulu,7.8667,38.7,Ethiopia,ET,ETH,Oromīya,,9034.0,1231102446
Segorbe,Segorbe,39.8519,-0.4896,Spain,ES,ESP,Valencia,,9146.0,1724929897
Monserrat,Monserrat,39.3575,-0.6031,Spain,ES,ESP,Valencia,,9017.0,1724732008
Jerez de los Caballeros,Jerez de los Caballeros,38.3203,-6.7714,Spain,ES,ESP,Extremadura,,9171.0,1724015123
Villamediana de Iregua,Villamediana de Iregua,42.4264,-2.4181,Spain,ES,ESP,La Rioja,,8745.0,1724390571
Loeches,Loeches,40.3833,-3.4,Spain,ES,ESP,Madrid,,8944.0,1724742454
San Lorenzo de Descardazar,San Lorenzo de Descardazar,39.609,3.2853,Spain,ES,ESP,Balearic Islands,,9035.0,1724819492
Llagostera,Llagostera,41.8292,2.8933,Spain,ES,ESP,Catalonia,,9024.0,1724471622
Tineo,Tineo,43.3095,-6.4922,Spain,ES,ESP,Asturias,,9096.0,1724821871
Cheste,Cheste,39.4797,-0.6844,Spain,ES,ESP,Valencia,,8971.0,1724161865
Hoyo de Manzanares,Hoyo de Manzanares,40.6333,-3.8833,Spain,ES,ESP,Madrid,,8811.0,1724993992
Almagro,Almagro,38.8878,-3.7122,Spain,ES,ESP,Castille-La Mancha,,8907.0,1724161420
Silleda,Silleda,42.7,-8.2333,Spain,ES,ESP,Galicia,,8860.0,1724280384
San Martín de Valdeiglesias,San Martin de Valdeiglesias,40.364,-4.401,Spain,ES,ESP,Madrid,,8812.0,1724237441
Ak’ordat,Ak'ordat,15.55,37.8833,Eritrea,ER,ERI,Gash-Barka,,8857.0,1232800240
Trujillo,Trujillo,39.4653,-5.8789,Spain,ES,ESP,Extremadura,,8821.0,1724377228
Benahavís,Benahavis,36.519,-5.0454,Spain,ES,ESP,Andalusia,,8763.0,1724136228
Tordesillas,Tordesillas,41.5,-5.0,Spain,ES,ESP,Castille-Leon,,8762.0,1724737891
Arico el Nuevo,Arico el Nuevo,28.1904,-16.4977,Spain,ES,ESP,Canary Islands,,8754.0,1724911313
Tudela de Duero,Tudela de Duero,41.5842,-4.58,Spain,ES,ESP,Castille-Leon,,8648.0,1724835733
Monforte del Cid,Monforte del Cid,38.3792,-0.7303,Spain,ES,ESP,Valencia,,8619.0,1724092008
Villanueva de Córdoba,Villanueva de Cordoba,38.3167,-4.6167,Spain,ES,ESP,Andalusia,,8662.0,1724586987
Zuera,Zuera,41.8692,-0.7881,Spain,ES,ESP,Aragon,,8632.0,1724985911
Nefasīt,Nefasit,15.3333,39.0619,Eritrea,ER,ERI,Semienawi K’eyyĭḥ Baḥri,,8600.0,1232567577
Toro,Toro,41.52,-5.3947,Spain,ES,ESP,Castille-Leon,,8532.0,1724525468
Herencia,Herencia,39.3669,-3.355,Spain,ES,ESP,Castille-La Mancha,,8510.0,1724808176
As Sallūm,As Sallum,31.55,25.16,Egypt,EG,EGY,Maţrūḩ,,8445.0,1818639105
Teseney,Teseney,15.11,36.6575,Eritrea,ER,ERI,Gash-Barka,,3753.0,1232609825
Puerto Villamil,Puerto Villamil,-0.9568,-90.9672,Ecuador,EC,ECU,Galápagos,,2200.0,1218383536
Al ‘Alamayn,Al `Alamayn,30.8333,28.95,Egypt,EG,EGY,Maţrūḩ,,2413.0,1818237095
Shendē,Shende,10.6333,36.9333,Ethiopia,ET,ETH,Āmara,,9293.0,1231251281
Mēga,Mega,4.0167,38.25,Ethiopia,ET,ETH,Oromīya,,9370.0,1231972849
Bīkē,Bike,9.5297,41.1969,Ethiopia,ET,ETH,Sumalē,,9197.0,1231520658
Intich’o,Intich'o,14.2667,39.15,Ethiopia,ET,ETH,Tigray,,9048.0,1231591819
Mandīshah,Mandishah,28.3515,28.9317,Egypt,EG,EGY,Al Jīzah,,9016.0,1818119221
Qaşr al Farāfirah,Qasr al Farafirah,27.0583,27.97,Egypt,EG,EGY,Al Wādī al Jadīd,,5000.0,1818000020
Al Qaşr,Al Qasr,25.6959,28.8837,Egypt,EG,EGY,Al Wādī al Jadīd,,4474.0,1818618401
Yaupi,Yaupi,-2.8379,-77.9357,Ecuador,EC,ECU,Morona-Santiago,,293.0,1218516951
Barnīs,Barnis,23.946,35.4842,Egypt,EG,EGY,Al Baḩr al Aḩmar,,10.0,1818107956
