city,city_ascii,lat,lng,country,iso2,iso3,admin_name,capital,population,id
Johannesburg,Johannesburg,-26.2044,28.0456,South Africa,ZA,ZAF,Gauteng,admin,8000000.0,1710550792
Lusaka,Lusaka,-15.4167,28.2833,Zambia,ZM,ZMB,Lusaka,primary,2467563.0,1894157390
Harare,Harare,-17.8292,31.0522,Zimbabwe,ZW,ZWE,Harare,primary,2150000.0,1716196799
Soweto,Soweto,-26.2678,27.8585,South Africa,ZA,ZAF,Gauteng,,1271628.0,1710627007
Vereeniging,Vereeniging,-26.6736,27.9319,South Africa,ZA,ZAF,Gauteng,,1074000.0,1710271883
Pretoria,Pretoria,-25.7461,28.1881,South Africa,ZA,ZAF,Gauteng,primary,741651.0,1710176249
Cape Town,Cape Town,-33.9253,18.4239,South Africa,ZA,ZAF,Western Cape,primary,433688.0,1710680650
Bloemfontein,Bloemfontein,-29.1167,26.2167,South Africa,ZA,ZAF,Free State,primary,256185.0,1710495933
Pietermaritzburg,Pietermaritzburg,-29.6167,30.3833,South Africa,ZA,ZAF,KwaZulu-Natal,admin,750845.0,1710690280
Bulawayo,Bulawayo,-20.17,28.58,Zimbabwe,ZW,ZWE,Bulawayo,admin,653337.0,1716032632
Durban,Durban,-29.8833,31.05,South Africa,ZA,ZAF,KwaZulu-Natal,,595061.0,1710149138
Rustenburg,Rustenburg,-25.6667,27.2428,South Africa,ZA,ZAF,North West,,549575.0,1710326039
Ndola,Ndola,-12.9667,28.6333,Zambia,ZM,ZMB,Copperbelt,admin,528330.0,1894032745
Kitwe,Kitwe,-12.8167,28.2,Zambia,ZM,ZMB,Copperbelt,,504194.0,1894321752
Kimberley,Kimberley,-28.7383,24.7639,South Africa,ZA,ZAF,Northern Cape,admin,500757.0,1710282622
Katlehong,Katlehong,-26.3333,28.15,South Africa,ZA,ZAF,Gauteng,,467890.0,1710975690
Welkom,Welkom,-27.9831,26.7208,South Africa,ZA,ZAF,Free State,,431944.0,1710480365
Khayelitsha,Khayelitsha,-34.0403,18.6778,South Africa,ZA,ZAF,Western Cape,,391749.0,1710736316
Chitungwiza,Chitungwiza,-17.9939,31.0481,Zimbabwe,ZW,ZWE,Harare,,371244.0,1716688236
Newcastle,Newcastle,-27.7464,29.9328,South Africa,ZA,ZAF,KwaZulu-Natal,,363236.0,1710031016
East London,East London,-33.0175,27.9047,South Africa,ZA,ZAF,Eastern Cape,,338627.0,1710178149
Randburg,Randburg,-26.0936,28.0064,South Africa,ZA,ZAF,Gauteng,,337053.0,1710279034
Roodepoort,Roodepoort,-26.1625,27.8725,South Africa,ZA,ZAF,Gauteng,,326416.0,1710090212
Mitchells Plain,Mitchells Plain,-34.0506,18.6181,South Africa,ZA,ZAF,Western Cape,,310485.0,1710549821
Port Elizabeth,Port Elizabeth,-33.9581,25.6,South Africa,ZA,ZAF,Eastern Cape,,312392.0,1710918997
Boksburg,Boksburg,-26.2125,28.2625,South Africa,ZA,ZAF,Gauteng,,260321.0,1710932183
Germiston,Germiston,-26.2178,28.1672,South Africa,ZA,ZAF,Gauteng,,255863.0,1710366382
Springs,Springs,-26.2547,28.4428,South Africa,ZA,ZAF,Gauteng,,236083.0,1710058382
Centurion,Centurion,-25.8603,28.1894,South Africa,ZA,ZAF,Gauteng,,236580.0,1710138774
Mutare,Mutare,-18.9667,32.6333,Zimbabwe,ZW,ZWE,Manicaland,admin,224802.0,1716060405
Sandton,Sandton,-26.107,28.0517,South Africa,ZA,ZAF,Gauteng,,222415.0,1710113163
Polokwane,Polokwane,-23.9,29.45,South Africa,ZA,ZAF,Limpopo,admin,220045.0,1710908010
Kafue,Kafue,-15.7667,28.1833,Zambia,ZM,ZMB,Lusaka,,219000.0,1894930695
Mazabuka,Mazabuka,-15.8467,27.7475,Zambia,ZM,ZMB,Southern,,203219.0,1894390715
Kasama,Kasama,-10.2117,31.1783,Zambia,ZM,ZMB,Northern,admin,200000.0,1894305215
Klerksdorp,Klerksdorp,-26.8667,26.6667,South Africa,ZA,ZAF,North West,,186515.0,1710416691
Mongu,Mongu,-15.2775,23.1319,Zambia,ZM,ZMB,Western,admin,179585.0,1894761291
Bhisho,Bhisho,-32.8494,27.4381,South Africa,ZA,ZAF,Eastern Cape,admin,160997.0,1710672530
Benoni,Benoni,-26.1883,28.3206,South Africa,ZA,ZAF,Gauteng,,158777.0,1710880986
George,George,-33.9667,22.45,South Africa,ZA,ZAF,Western Cape,,157394.0,1710164136
Middelburg,Middelburg,-25.7684,29.4783,South Africa,ZA,ZAF,Mpumalanga,,154706.0,1710495632
Sasolburg,Sasolburg,-26.8142,27.8286,South Africa,ZA,ZAF,Free State,,153038.0,1710432260
Vryheid,Vryheid,-27.7669,30.8,South Africa,ZA,ZAF,KwaZulu-Natal,,150012.0,1710716158
Kashikishi,Kashikishi,-9.3,28.7167,Zambia,ZM,ZMB,Luapula,,150000.0,1894795016
Potchefstroom,Potchefstroom,-26.715,27.1033,South Africa,ZA,ZAF,North West,,148804.0,1710838885
Chingola,Chingola,-12.5333,27.85,Zambia,ZM,ZMB,Copperbelt,,147448.0,1894202007
Nchelenge,Nchelenge,-9.3533,28.7403,Zambia,ZM,ZMB,Luapula,,147927.0,1894890604
Gweru,Gweru,-19.4614,29.8022,Zimbabwe,ZW,ZWE,Midlands,admin,141260.0,1716621481
Krugersdorp,Krugersdorp,-26.1,27.7667,South Africa,ZA,ZAF,Gauteng,,140643.0,1710772829
Umtata,Umtata,-31.58,28.79,South Africa,ZA,ZAF,Eastern Cape,,137772.0,1710651314
Livingstone,Livingstone,-17.85,25.8667,Zambia,ZM,ZMB,Southern,,136897.0,1894634581
Mansa,Mansa,-11.2,28.8833,Zambia,ZM,ZMB,Luapula,admin,129185.0,1894038366
Alberton,Alberton,-26.2672,28.1219,South Africa,ZA,ZAF,Gauteng,,121536.0,1710738396
Brits,Brits,-25.6344,27.7811,South Africa,ZA,ZAF,North West,,122497.0,1710468143
Mufulira,Mufulira,-12.5356,28.2419,Zambia,ZM,ZMB,Copperbelt,,122336.0,1894907880
Upington,Upington,-28.4572,21.2425,South Africa,ZA,ZAF,Northern Cape,,121189.0,1710210449
Bwana Mkubwa,Bwana Mkubwa,-12.9833,28.7,Zambia,ZM,ZMB,Copperbelt,,118464.0,1894858787
Kabwe,Kabwe,-14.4333,28.45,Zambia,ZM,ZMB,Central,admin,117517.0,1894711746
Luanshya,Luanshya,-13.1333,28.4,Zambia,ZM,ZMB,Copperbelt,,117579.0,1894410334
Paarl,Paarl,-33.7242,18.9558,South Africa,ZA,ZAF,Western Cape,,112045.0,1710440011
Uitenhage,Uitenhage,-33.75,25.4,South Africa,ZA,ZAF,Eastern Cape,,103639.0,1710276157
Witbank,Witbank,-25.877,29.201,South Africa,ZA,ZAF,Mpumalanga,,108673.0,1710724527
Queenstown,Queenstown,-31.9,26.8833,South Africa,ZA,ZAF,Eastern Cape,,105309.0,1710110028
Mmabatho,Mmabatho,-25.85,25.6333,South Africa,ZA,ZAF,North West,,104428.0,1710524815
Kroonstad,Kroonstad,-27.6456,27.2317,South Africa,ZA,ZAF,Free State,,103992.0,1710508288
Bethal,Bethal,-26.45,29.45,South Africa,ZA,ZAF,Mpumalanga,,101919.0,1710328253
Mporokoso,Mporokoso,-9.3833,30.1,Zambia,ZM,ZMB,Northern,,100993.0,1894882927
Chipata,Chipata,-13.6453,32.6464,Zambia,ZM,ZMB,Eastern,admin,98416.0,1894816262
Masvingo,Masvingo,-20.0744,30.8328,Zimbabwe,ZW,ZWE,Masvingo,admin,90286.0,1716049475
Solwezi,Solwezi,-12.1433,26.3858,Zambia,ZM,ZMB,North-Western,admin,90856.0,1894777820
Chinhoyi,Chinhoyi,-17.3497,30.1944,Zimbabwe,ZW,ZWE,Mashonaland West,admin,56794.0,1716523245
Marondera,Marondera,-18.1897,31.5467,Zimbabwe,ZW,ZWE,Mashonaland East,admin,52283.0,1716375676
Choma,Choma,-16.7711,26.9922,Zambia,ZM,ZMB,Southern,admin,51842.0,1894419971
Edenvale,Edenvale,-26.1411,28.1528,South Africa,ZA,ZAF,Gauteng,,49292.0,1710512085
Bindura,Bindura,-17.3,31.3333,Zimbabwe,ZW,ZWE,Mashonaland Central,admin,46275.0,1716331687
Vredenburg,Vredenburg,-32.9,17.9833,South Africa,ZA,ZAF,Western Cape,,38382.0,1710121734
Lydenburg,Lydenburg,-25.096,30.446,South Africa,ZA,ZAF,Mpumalanga,,37258.0,1710237640
Cradock,Cradock,-32.1833,25.6167,South Africa,ZA,ZAF,Eastern Cape,,32898.0,1710933404
Ulundi,Ulundi,-28.335,31.4161,South Africa,ZA,ZAF,KwaZulu-Natal,,29132.0,1710823263
Stellenbosch,Stellenbosch,-33.9367,18.8614,South Africa,ZA,ZAF,Western Cape,,21799.0,1710221701
Breyten,Breyten,-26.3,29.9833,South Africa,ZA,ZAF,Mpumalanga,,14347.0,1710458798
Primrose,Primrose,-26.1833,28.1667,South Africa,ZA,ZAF,Gauteng,,14024.0,1710333435
Mahikeng,Mahikeng,-25.8656,25.6436,South Africa,ZA,ZAF,North West,admin,15117.0,1710965423
Chinsali,Chinsali,-10.5522,32.0692,Zambia,ZM,ZMB,Muchinga,admin,15198.0,1894041491
Gwanda,Gwanda,-20.9389,29.0186,Zimbabwe,ZW,ZWE,Matabeleland South,admin,14450.0,1716612305
Ga-Kgapane,Ga-Kgapane,-23.649,30.226,South Africa,ZA,ZAF,Limpopo,,9879.0,1710661361
Nelspruit,Nelspruit,-25.4745,30.9703,South Africa,ZA,ZAF,Mpumalanga,admin,,1710114438
Lupane,Lupane,-18.9315,27.807,Zimbabwe,ZW,ZWE,Matabeleland North,admin,,1716206606
Worcester,Worcester,-33.645,19.4436,South Africa,ZA,ZAF,Western Cape,,97098.0,1710498245
Vanderbijlpark,Vanderbijlpark,-26.6992,27.8356,South Africa,ZA,ZAF,Gauteng,,95840.0,1710733212
Kwekwe,Kwekwe,-18.9167,29.8167,Zimbabwe,ZW,ZWE,Midlands,,93072.0,1716327793
Grahamstown,Grahamstown,-33.2996,26.52,South Africa,ZA,ZAF,Eastern Cape,,91548.0,1710671857
Chililabombwe,Chililabombwe,-12.3667,27.8278,Zambia,ZM,ZMB,Copperbelt,,90530.0,1894950283
Norton,Norton,-17.8833,30.7,Zimbabwe,ZW,ZWE,Mashonaland West,,87038.0,1716209195
Chirundu,Chirundu,-16.05,28.8333,Zambia,ZM,ZMB,Southern,,84750.0,1894856417
Randfontein,Randfontein,-26.1797,27.7042,South Africa,ZA,ZAF,Gauteng,,80492.0,1710137724
Kadoma,Kadoma,-18.34,29.9,Zimbabwe,ZW,ZWE,Mashonaland West,,79174.0,1716398005
Standerton,Standerton,-26.95,29.25,South Africa,ZA,ZAF,Mpumalanga,,74021.0,1710222465
Brakpan,Brakpan,-26.2353,28.37,South Africa,ZA,ZAF,Gauteng,,73080.0,1710291121
Thohoyandou,Thohoyandou,-22.95,30.4833,South Africa,ZA,ZAF,Limpopo,,69453.0,1710219075
Saldanha,Saldanha,-32.9978,17.9456,South Africa,ZA,ZAF,Western Cape,,68284.0,1710078862
Tzaneen,Tzaneen,-23.8333,30.1667,South Africa,ZA,ZAF,Limpopo,,67245.0,1710120942
Chegutu,Chegutu,-18.14,30.15,Zimbabwe,ZW,ZWE,Mashonaland West,,65800.0,1716242569
Virginia,Virginia,-28.1064,26.8622,South Africa,ZA,ZAF,Free State,,66208.0,1710992750
Ladysmith,Ladysmith,-28.5597,29.7806,South Africa,ZA,ZAF,KwaZulu-Natal,,64855.0,1710998347
Odendaalsrus,Odendaalsrus,-27.8667,26.6833,South Africa,ZA,ZAF,Free State,,63743.0,1710700901
Graaff-Reinet,Graaff-Reinet,-32.2522,24.5406,South Africa,ZA,ZAF,Eastern Cape,,62896.0,1710616617
Oudtshoorn,Oudtshoorn,-33.5833,22.2,South Africa,ZA,ZAF,Western Cape,,61507.0,1710502855
Mossel Bay,Mossel Bay,-34.1833,22.1333,South Africa,ZA,ZAF,Western Cape,,59031.0,1710597106
Richards Bay,Richards Bay,-28.7694,32.0594,South Africa,ZA,ZAF,KwaZulu-Natal,,57387.0,1710347129
Port Shepstone,Port Shepstone,-30.75,30.45,South Africa,ZA,ZAF,KwaZulu-Natal,,52793.0,1710443227
Knysna,Knysna,-34.0356,23.0489,South Africa,ZA,ZAF,Western Cape,,51078.0,1710311704
Sakubva,Sakubva,-18.9833,32.65,Zimbabwe,ZW,ZWE,Manicaland,,50000.0,1716474556
Vryburg,Vryburg,-26.95,24.7472,South Africa,ZA,ZAF,North West,,49588.0,1710969597
Kuilsrivier,Kuilsrivier,-34.0333,18.7,South Africa,ZA,ZAF,Western Cape,,46686.0,1710421112
Beaufort West,Beaufort West,-32.35,22.5833,South Africa,ZA,ZAF,Western Cape,,44737.0,1710940488
Aliwal North,Aliwal North,-30.7,26.7,South Africa,ZA,ZAF,Eastern Cape,,44436.0,1710445896
Volksrust,Volksrust,-27.3667,29.8833,South Africa,ZA,ZAF,Mpumalanga,,43378.0,1710664906
Musina,Musina,-22.3381,30.0417,South Africa,ZA,ZAF,Limpopo,,42678.0,1710956370
Hwange,Hwange,-18.3647,26.5,Zimbabwe,ZW,ZWE,Matabeleland North,,42581.0,1716416748
Beitbridge,Beitbridge,-22.2167,30.0,Zimbabwe,ZW,ZWE,Matabeleland South,,41767.0,1716929295
Chiredzi,Chiredzi,-21.0389,31.6778,Zimbabwe,ZW,ZWE,Masvingo,,40100.0,1716636761
Secunda,Secunda,-26.5161,29.2028,South Africa,ZA,ZAF,Mpumalanga,,40198.0,1710520670
Rusape,Rusape,-18.5367,32.1247,Zimbabwe,ZW,ZWE,Manicaland,,37906.0,1716672253
Nigel,Nigel,-26.4203,28.4683,South Africa,ZA,ZAF,Gauteng,,38318.0,1710146906
Kapiri Mposhi,Kapiri Mposhi,-13.9772,28.6847,Zambia,ZM,ZMB,Central,,37942.0,1894676779
Malmesbury,Malmesbury,-33.45,18.7333,South Africa,ZA,ZAF,Western Cape,,35897.0,1710868778
Zvishavane,Zvishavane,-20.3333,30.0333,Zimbabwe,ZW,ZWE,Masvingo,,35229.0,1716895095
Chipinge,Chipinge,-20.2,32.62,Zimbabwe,ZW,ZWE,Manicaland,,34959.0,1716863573
Karoi,Karoi,-16.81,29.7,Zimbabwe,ZW,ZWE,Mashonaland West,,34200.0,1716627056
Dundee,Dundee,-28.1725,30.2314,South Africa,ZA,ZAF,KwaZulu-Natal,,34924.0,1710402130
Victoria Falls,Victoria Falls,-17.9333,25.8333,Zimbabwe,ZW,ZWE,Matabeleland North,,33060.0,1716149447
Lebowakgomo,Lebowakgomo,-24.2,29.5,South Africa,ZA,ZAF,Limpopo,,33308.0,1710999076
De Aar,De Aar,-30.65,24.0167,South Africa,ZA,ZAF,Northern Cape,,32318.0,1710551900
Redcliff,Redcliff,-19.0333,29.7833,Zimbabwe,ZW,ZWE,Midlands,,32346.0,1716966753
Plettenberg Bay,Plettenberg Bay,-34.05,23.3667,South Africa,ZA,ZAF,Western Cape,,31804.0,1710852785
Westville,Westville,-29.831,30.925,South Africa,ZA,ZAF,KwaZulu-Natal,,30508.0,1710233007
Mukumbura,Mukumbura,-16.2,31.6833,Zimbabwe,ZW,ZWE,Mashonaland Central,,30470.0,1716579075
Thabazimbi,Thabazimbi,-24.6,27.4,South Africa,ZA,ZAF,Limpopo,,28847.0,1710123508
Mpika,Mpika,-11.83,31.46,Zambia,ZM,ZMB,Muchinga,,28445.0,1894224372
Jeffrey’s Bay,Jeffrey's Bay,-34.0333,24.9167,South Africa,ZA,ZAF,Eastern Cape,,27107.0,1710277177
Margate,Margate,-30.85,30.3667,South Africa,ZA,ZAF,KwaZulu-Natal,,26785.0,1710711260
Frankfort,Frankfort,-27.2833,28.5167,South Africa,ZA,ZAF,Free State,,26144.0,1710386625
Lichtenburg,Lichtenburg,-26.15,26.1667,South Africa,ZA,ZAF,North West,,26338.0,1710444843
Port Alfred,Port Alfred,-33.5917,26.8875,South Africa,ZA,ZAF,Eastern Cape,,25859.0,1710920478
Louis Trichardt,Louis Trichardt,-23.05,29.9,South Africa,ZA,ZAF,Limpopo,,25360.0,1710514527
Hermanus,Hermanus,-34.4167,19.25,South Africa,ZA,ZAF,Western Cape,,25153.0,1710409701
Kariba,Kariba,-16.5167,28.8,Zimbabwe,ZW,ZWE,Mashonaland West,,24210.0,1716563536
Stutterheim,Stutterheim,-32.5667,27.4167,South Africa,ZA,ZAF,Eastern Cape,,24673.0,1710990071
Carletonville,Carletonville,-26.3581,27.3981,South Africa,ZA,ZAF,Gauteng,,23000.0,1710257170
Ruwa,Ruwa,-17.8897,31.2447,Zimbabwe,ZW,ZWE,Mashonaland East,,22038.0,1716489136
Warrenton,Warrenton,-28.1114,24.8497,South Africa,ZA,ZAF,Northern Cape,,22588.0,1710333461
Shurugwi,Shurugwi,-19.6667,30.0,Zimbabwe,ZW,ZWE,Midlands,,22900.0,1716870364
Robertson,Robertson,-33.8,19.8833,South Africa,ZA,ZAF,Western Cape,,21929.0,1710095226
Bronkhorstspruit,Bronkhorstspruit,-25.805,28.7464,South Africa,ZA,ZAF,Gauteng,,20769.0,1710969025
Komatipoort,Komatipoort,-25.4333,31.95,South Africa,ZA,ZAF,Mpumalanga,,20508.0,1710137353
Mbala,Mbala,-8.8333,31.3833,Zambia,ZM,ZMB,Northern,,20570.0,1894671312
Kawambwa,Kawambwa,-9.7914,29.0789,Zambia,ZM,ZMB,Luapula,,20589.0,1894964184
Sesheke,Sesheke,-17.4667,24.3,Zambia,ZM,ZMB,Western,,20149.0,1894753767
Allanridge,Allanridge,-27.7544,26.6367,South Africa,ZA,ZAF,Free State,,19337.0,1710862550
Mumbwa,Mumbwa,-14.9853,27.0619,Zambia,ZM,ZMB,Central,,19086.0,1894568812
Middelburg,Middelburg,-31.4939,25.0172,South Africa,ZA,ZAF,Eastern Cape,,18164.0,1710010705
Glencoe,Glencoe,-28.1833,30.15,South Africa,ZA,ZAF,KwaZulu-Natal,,17548.0,1710982965
Stilfontein,Stilfontein,-26.8428,26.7744,South Africa,ZA,ZAF,North West,,17942.0,1710755167
Swellendam,Swellendam,-34.0231,20.44,South Africa,ZA,ZAF,Western Cape,,17537.0,1710416218
Villiers,Villiers,-27.0333,28.6,South Africa,ZA,ZAF,Free State,,17315.0,1710177732
Bloemhof,Bloemhof,-27.65,25.59,South Africa,ZA,ZAF,North West,,17122.0,1710321800
Montagu,Montagu,-33.7833,20.1167,South Africa,ZA,ZAF,Western Cape,,15176.0,1710489752
Bethlehem,Bethlehem,-28.224,28.311,South Africa,ZA,ZAF,Free State,,16236.0,1710750307
Murehwa,Murehwa,-17.65,31.7833,Zimbabwe,ZW,ZWE,Mashonaland East,,16666.0,1716334846
Bredasdorp,Bredasdorp,-34.5333,20.0417,South Africa,ZA,ZAF,Western Cape,,14936.0,1710282172
Mvurwi,Mvurwi,-17.0167,30.85,Zimbabwe,ZW,ZWE,Mashonaland Central,,15645.0,1716745701
Mwinilunga,Mwinilunga,-11.7172,24.4289,Zambia,ZM,ZMB,North-Western,,15704.0,1894210586
Kinross,Kinross,-26.4167,29.0833,South Africa,ZA,ZAF,Mpumalanga,,15246.0,1710559931
Bedfordview,Bedfordview,-26.1794,28.1361,South Africa,ZA,ZAF,Gauteng,,13959.0,1710039739
Kezi,Kezi,-20.9167,28.4667,Zimbabwe,ZW,ZWE,Matabeleland South,,15000.0,1716107111
Edenburg,Edenburg,-29.7347,25.9369,South Africa,ZA,ZAF,Free State,,14566.0,1710160465
Chifubu,Chifubu,-12.9333,28.6167,Zambia,ZM,ZMB,Copperbelt,,13307.0,1894511606
Plumtree,Plumtree,-20.4781,27.7972,Zimbabwe,ZW,ZWE,Matabeleland South,,14459.0,1716916272
Orkney,Orkney,-26.9789,26.6692,South Africa,ZA,ZAF,North West,,13435.0,1710136226
Kaoma,Kaoma,-14.8,24.8,Zambia,ZM,ZMB,Western,,14212.0,1894846267
Summerstrand,Summerstrand,-33.9914,25.6569,South Africa,ZA,ZAF,Eastern Cape,,12614.0,1710926578
Caledon,Caledon,-34.23,19.4283,South Africa,ZA,ZAF,Western Cape,,13020.0,1710038887
Moorreesburg,Moorreesburg,-33.15,18.6667,South Africa,ZA,ZAF,Western Cape,,12877.0,1710940552
Fouriesburg,Fouriesburg,-28.6227,28.2109,South Africa,ZA,ZAF,Free State,,12974.0,1710689900
Phalaborwa,Phalaborwa,-23.9333,31.1167,South Africa,ZA,ZAF,Limpopo,,13108.0,1710768568
Springbok,Springbok,-29.6667,17.8833,South Africa,ZA,ZAF,Northern Cape,,12790.0,1710894218
Colesberg,Colesberg,-30.7167,25.1,South Africa,ZA,ZAF,Northern Cape,,12423.0,1710885210
Amersfoort,Amersfoort,-27.0078,29.8711,South Africa,ZA,ZAF,Mpumalanga,,12335.0,1710004486
Piketberg,Piketberg,-32.9,18.7667,South Africa,ZA,ZAF,Western Cape,,12075.0,1710229097
New Germany,New Germany,-29.8,30.8833,South Africa,ZA,ZAF,KwaZulu-Natal,,12592.0,1710344867
Brandfort,Brandfort,-28.7,26.4667,South Africa,ZA,ZAF,Free State,,12091.0,1710953731
Prieska,Prieska,-29.6683,22.7439,South Africa,ZA,ZAF,Northern Cape,,11236.0,1710649877
Mutoko,Mutoko,-17.4,32.2167,Zimbabwe,ZW,ZWE,Mashonaland East,,12336.0,1716834609
Barberton,Barberton,-25.7861,31.0531,South Africa,ZA,ZAF,Mpumalanga,,11997.0,1710775369
Velddrif,Velddrif,-32.7833,18.1667,South Africa,ZA,ZAF,Western Cape,,11017.0,1710031295
Kathu,Kathu,-27.7,23.05,South Africa,ZA,ZAF,Northern Cape,,11510.0,1710811489
Scottburgh,Scottburgh,-30.2833,30.75,South Africa,ZA,ZAF,KwaZulu-Natal,,11403.0,1710536127
Kuruman,Kuruman,-27.4597,23.4125,South Africa,ZA,ZAF,Northern Cape,,10006.0,1710332978
Chilonga,Chilonga,-12.0244,31.3364,Zambia,ZM,ZMB,Muchinga,,11816.0,1894544626
Ventersburg,Ventersburg,-28.0833,27.1333,South Africa,ZA,ZAF,Free State,,11260.0,1710599801
Lundazi,Lundazi,-12.3,33.1833,Zambia,ZM,ZMB,Eastern,,11635.0,1894277247
Kasempa,Kasempa,-13.455,25.835,Zambia,ZM,ZMB,North-Western,,11700.0,1894152710
Saint Helena Bay,Saint Helena Bay,-32.7583,18.0278,South Africa,ZA,ZAF,Western Cape,,11529.0,1710255294
Warden,Warden,-27.8539,28.9667,South Africa,ZA,ZAF,Free State,,10977.0,1710026045
Mhangura,Mhangura,-16.9,30.15,Zimbabwe,ZW,ZWE,Mashonaland West,,11175.0,1716361764
Sannieshof,Sannieshof,-26.5333,25.8,South Africa,ZA,ZAF,North West,,11016.0,1710190393
Villiersdorp,Villiersdorp,-33.9833,19.2833,South Africa,ZA,ZAF,Western Cape,,10004.0,1710014567
Darling,Darling,-33.3833,18.3833,South Africa,ZA,ZAF,Western Cape,,10420.0,1710629684
Nakonde,Nakonde,-9.3272,32.7583,Zambia,ZM,ZMB,Muchinga,,10652.0,1894139781
Evander,Evander,-26.4719,29.11,South Africa,ZA,ZAF,Mpumalanga,,10166.0,1710356044
Shamva,Shamva,-17.3167,31.55,Zimbabwe,ZW,ZWE,Mashonaland Central,,10317.0,1716210091
Fochville,Fochville,-26.4833,27.4833,South Africa,ZA,ZAF,North West,,9497.0,1710135294
Chivhu,Chivhu,-19.0,30.9,Zimbabwe,ZW,ZWE,Mashonaland East,,10263.0,1716626042
Senanga,Senanga,-16.1167,23.2667,Zambia,ZM,ZMB,Western,,10005.0,1894742251
Wepener,Wepener,-29.7333,27.0333,South Africa,ZA,ZAF,Free State,,9553.0,1710058517
Tulbagh,Tulbagh,-33.285,19.1378,South Africa,ZA,ZAF,Western Cape,,8969.0,1710401390
Cullinan,Cullinan,-25.6728,28.5208,South Africa,ZA,ZAF,Gauteng,,8693.0,1710780636
Vanrhynsdorp,Vanrhynsdorp,-31.6167,18.7167,South Africa,ZA,ZAF,Western Cape,,6272.0,1710187274
Port Saint John’s,Port Saint John's,-31.6288,29.5369,South Africa,ZA,ZAF,Eastern Cape,,6441.0,1710506018
Carnarvon,Carnarvon,-30.9667,22.1333,South Africa,ZA,ZAF,Northern Cape,,5785.0,1710331786
Pofadder,Pofadder,-29.1286,19.3947,South Africa,ZA,ZAF,Northern Cape,,4220.0,1710817164
Alexander Bay,Alexander Bay,-28.6083,16.5033,South Africa,ZA,ZAF,Northern Cape,,1500.0,1710616152
Ubombo,Ubombo,-27.5667,32.0833,South Africa,ZA,ZAF,KwaZulu-Natal,,564.0,1710203500
Mazoe,Mazoe,-17.5167,30.9667,Zimbabwe,ZW,ZWE,Mashonaland Central,,9966.0,1716608716
Kalabo,Kalabo,-14.9911,22.6789,Zambia,ZM,ZMB,Western,,7731.0,1894966417
Zambezi,Zambezi,-13.55,23.1167,Zambia,ZM,ZMB,North-Western,,7074.0,1894660797
Lukulu,Lukulu,-14.4083,23.2667,Zambia,ZM,ZMB,Western,,3349.0,1894281443
Nyimba,Nyimba,-14.5495,30.81,Zambia,ZM,ZMB,Eastern,,1336.0,1894088472
